copy_paste_max_corr,overwrite_std_ratio,added_content_var_ratio,erasure_smoothness_gain,merged_contrast_delta,watermark_peak_ratio,spacing_outlier_score,ai_generated_ratio,ai_edit_local_var_ratio,label
0.9952166676521301,1.1210143971664697,2.12529586128623,0.9971862968213178,3.0850067138671875,210.37784787877774,212.93964521171753,106.54955373998426,1.1410971655559825,added_content
0.9949170351028442,1.1032718154203949,2.261911457916853,0.9697304546034591,3.5033416748046875,158.56724339601013,244.61618761274804,63.51785829839954,1.140757264289979,added_content
0.9801445007324219,1.1366594178938823,2.10750813502873,0.9966844225201668,3.4676055908203125,187.50633343495477,19.32783153566242,92.75068657020088,1.171508478946902,added_content
0.9708325862884521,1.2142403855015602,1.9493361071292274,0.9998689160739663,4.4704132080078125,76.29067400413646,2.5823477316095573,80.08303076084812,1.1438294197298742,added_content
0.9927090406417847,1.2400578295826852,2.573872216242519,0.9961428804833221,1.7026519775390625,169.10297265891694,351.93837623595385,91.64876822059726,1.0822135714871302,added_content
0.9018858671188354,1.1207226519183209,2.3618233153152124,0.889418642454099,4.5913543701171875,106.51912239262316,3.3057485242381768,76.91213507748016,1.217897907795694,added_content
0.9992479085922241,1.1595472427622935,1.9482419986732278,0.9991257405652243,3.4406890869140625,238.46705506312037,179.740202184431,113.10240388408937,1.086161949707809,added_content
0.9941871762275696,1.1953196220890079,1.8026150669044316,0.9031935413908543,3.9366607666015625,143.50081489697678,3.2344308924603844,99.90316669114803,1.1432625346719254,added_content
0.9831991791725159,1.2275281627926709,2.24559991081913,0.9999884601921345,4.439239501953125,82.04915032668553,2.799775671411381,87.4016963501553,1.2188014381003065,added_content
0.9328858256340027,1.1478780645780853,1.8285029087647513,0.9600298440497617,3.155792236328125,118.48914312615943,2.3487056966171633,83.97398127948722,1.0543970259856021,added_content
0.9060595035552979,1.1527610093732519,2.348090078134416,0.9914226367597428,6.824798583984375,75.43219779599188,2.319519099511513,89.03477800914536,1.1383395534260212,added_content
0.9189014434814453,1.1234531268640013,2.493579833604216,1.0,4.62640380859375,148.5580869801871,4.602855794609428,103.26651631874692,1.3154723160704178,added_content
0.9768355488777161,1.1309729451967296,1.6430313587076903,0.9977931172370246,4.6485748291015625,103.36422138335519,2.8327049643066218,93.09655886400938,1.177417918977432,added_content
0.9310979843139648,1.1356062226322132,1.7919182297929048,0.9706532664808997,2.4481201171875,104.62428246865532,5.109153121075922,80.33539991406298,1.0369341297926913,added_content
0.9957127571105957,1.0965918316209047,2.148868399857091,0.9997006482689944,2.928802490234375,240.55491322996917,225.23031377970213,120.07803266495681,1.183925700923229,added_content
0.9965840578079224,1.1913145063440729,2.0190975807275535,0.9305731145043181,1.1284027099609375,268.0445750984465,8.942602766431172,110.59465330877094,1.0859371132829903,added_content
0.9659776091575623,1.218961838670642,2.113483340152582,0.9967521000406657,4.7647247314453125,75.72560699976601,1.960609748749774,68.04600374662819,1.1283952261652694,added_content
0.9980538487434387,1.0437300001800152,2.2301790855668866,1.0,2.933349609375,145.0847323178112,3.611047085156032,86.97628871874535,1.1559018355551012,added_content
0.9924347400665283,1.1091531967606931,2.1213644871394575,0.8972334880919304,1.133575439453125,252.02670072156138,3.1587630369815063,115.32796890651937,1.0416811259124494,added_content
0.9956659078598022,1.172008789876487,2.290902484762434,0.9982281617090443,4.4200439453125,148.99470699132326,3.7324461591283065,94.34044917790712,1.0842263594424186,added_content
0.9220709204673767,1.052396545121741,1.931543945007802,0.9992210055702272,4.50421142578125,105.292300989536,2.3385301813199715,91.2287335663643,1.2707322739849476,added_content
0.9578837156295776,1.0820268472952765,1.7667919436684465,0.8784799591790728,4.2532196044921875,175.42818596305113,4.205242588633227,113.62850786408261,1.1883403983521341,added_content
0.9072115421295166,1.1663263418327552,2.062056933165752,0.9641094594757552,4.5553741455078125,98.34751766402998,2.152195845441454,82.01760715725726,1.1330520136595328,added_content
0.9732529520988464,1.279969483714769,2.512503777989462,0.9999237938907272,5.3532257080078125,122.4052194944544,3.6142432678576046,88.4749021305736,1.2633670679098272,added_content
0.928229570388794,1.1386118853748692,1.9293618633541945,0.9930076000562389,5.2077789306640625,58.72043652612166,2.9738401664358705,70.17625462826042,1.2321403814525533,added_content
0.9585546255111694,1.1731698598235243,1.627064929344621,0.8966568099527515,3.552001953125,120.68401736253935,3.831886130844551,86.97037169721968,1.072156506771412,added_content
0.9298239946365356,1.2465014582834808,2.50435927713395,0.9884975378124711,3.481536865234375,96.0005115660206,23.45259531558956,54.14657664116179,1.1173092141378111,added_content
0.9668951034545898,1.0982867839785202,1.7738219142402276,0.9970781618259188,5.226348876953125,102.7242856446725,2.076767342605532,75.29895718846213,1.2041745102330859,added_content
0.9998271465301514,1.2090211633074577,2.3190906099165516,1.0,3.1833038330078125,205.5618915828216,56.72081270520909,113.9152740095809,1.1037634943205714,added_content
0.9976973533630371,1.2339807401303895,2.491151023569608,0.9978337681549647,4.6628875732421875,179.97137249541058,18.729149245953632,97.31427104251624,1.2019271702167211,added_content
0.8763202428817749,1.2469168985883774,2.0785320925626696,1.0,6.3758544921875,89.64337427370269,2.491084075291655,93.25598244024066,1.0993119023381042,added_content
0.9456049203872681,1.0747960878016682,1.8611308023023205,0.8969990665326573,5.0687255859375,81.11659934265377,12.738444369353347,82.92468069804865,1.1194510119649876,added_content
0.900303065776825,1.1200405828455549,2.27444158548163,1.0,3.037872314453125,85.09243397792604,3.2395771949882564,99.09341339373832,1.202880337126722,added_content
0.99580979347229,1.1186875355449606,2.138026363786786,0.9973214165618924,4.5814971923828125,155.14677015582205,3.025738071151057,98.57080634492624,1.1337657153159404,added_content
0.9521589875221252,1.09339793963817,1.7893090681912207,0.9088951102755622,4.193145751953125,134.16544404025467,2.1575782664733474,104.42268098744705,1.2105900608740807,added_content
0.8779556751251221,1.1866460736085758,2.6382568408438614,0.983795500638986,5.0994873046875,64.3660746428527,2.6235841822430617,69.47391098404711,1.1146518924388862,added_content
0.9679045677185059,1.1325728307425966,2.1968620809226027,0.996704697496776,4.2083282470703125,160.05860910805595,17.805104942421135,79.90507476767104,1.2369062435294778,added_content
0.9855661988258362,1.1708225501174478,2.300228357237761,0.9999864404135053,5.87237548828125,187.03559904384124,181.25468687900982,95.44829517935192,1.2950055098242845,added_content
0.9124834537506104,1.1758035842797645,2.113160521473587,0.9881848675597813,3.7160186767578125,84.0886970724632,3.051064968425559,102.70410919175804,1.1348305832387815,added_content
0.9881691932678223,1.1096026649511002,1.8316285057979094,0.9215156649854666,4.089813232421875,77.70881977755815,1.8214696436696476,79.78524971835226,1.0962389915987658,added_content
0.9477916359901428,1.1568808361273688,1.871162587029095,0.9951841865792327,4.042572021484375,79.21370593654999,2.042138530165069,78.91300315961549,1.1032857010020642,added_content
0.9449402689933777,1.1389187259101712,2.1306026900609503,0.9991503493769127,3.7221221923828125,81.81465340911012,2.889972270382329,77.89488333712899,1.1702097588528992,added_content
0.9843135476112366,1.0503302815442608,2.098250870322672,0.9993545050033555,2.9237213134765625,119.49515942072865,4.0292441094600076,78.07985214239297,1.1616321287150562,added_content
0.9982723593711853,1.1031358273624694,1.8260406123781454,1.0,2.3326568603515625,174.72471482383858,7.952620511942546,102.23328277307886,1.093648708490125,added_content
0.8001465201377869,1.1348535789397345,2.289997444112444,0.9997171661090499,6.571746826171875,89.49704664835029,2.111604557677446,80.74918287574937,1.4327937524235963,added_content
0.898436963558197,1.1525690337325978,1.9272594734408752,1.0,5.007904052734375,169.47981595109206,3.385428996864857,113.80329130726655,1.269153823498461,added_content
0.9753518104553223,1.1292717006204138,1.7435730683934647,0.9162467706109136,4.4779205322265625,212.74850881140836,6.081874273137669,90.47279738102094,1.2063695783337907,added_content
0.9653537273406982,1.223411601002091,1.9607307354646983,0.9998143275138788,4.92388916015625,112.0976017804569,2.780468907637896,92.81332731236331,1.1343636398553936,added_content
0.9994698762893677,1.1009171869522856,2.662701285849495,0.9948202957609678,2.6671905517578125,219.03559661759255,278.34681935337625,116.05737445599325,1.0494284572951216,added_content
0.9627251625061035,1.2037692469420893,2.0257574064087573,0.9984548696059141,3.54107666015625,94.1810319726245,2.9319171564677444,91.07169924558374,1.0636831632440775,added_content
0.9982471466064453,1.170485849252358,1.7806981617661863,0.9010646073257352,4.299346923828125,120.06887154558748,3.2511649152346096,96.08247369015697,1.2016486002329536,added_content
0.9536234736442566,1.1561142311797972,1.9909863160819816,0.978364741513246,2.2233428955078125,100.47511755529818,2.3886040133017357,86.26655279635588,1.1333531721522005,added_content
0.9731472730636597,1.1888478823057973,1.9573852645505296,0.9130669745321881,5.9201812744140625,104.54176188256852,2.3420721747388416,95.6494020434946,1.0728304501217765,added_content
0.8360621333122253,1.0833222886673755,2.2939157714625735,0.9150752448294772,6.3055572509765625,105.47878112998093,2.416038557358728,101.84460910902368,1.1649833537132674,added_content
0.9568607211112976,1.1143337484605125,2.0159242328060225,1.0,2.5334014892578125,121.89913856532536,3.8272119117589956,100.42807123316224,1.1040922942378648,added_content
0.9784291386604309,1.2505031146683396,2.4863743983891293,1.0,3.08648681640625,195.00180897530274,12.253464135624975,123.18562423760419,1.2069148752578363,added_content
0.9996734857559204,1.1339120335953978,2.402405700830457,1.0,2.2971038818359375,205.20115816032205,58.17930599954388,94.46672694458746,1.1283482430470113,added_content
0.9639655351638794,1.1478262154719268,1.919811543129639,0.8942075259958775,6.5245513916015625,115.81323978995576,2.033293195765872,98.78604211066634,1.1147611718126758,added_content
0.997429370880127,1.2926987880100542,2.667320079158498,0.9993989070398166,2.78704833984375,156.1674815042441,9.675558064206367,102.36059932093677,1.071774437564778,added_content
0.9811137914657593,1.182687055395162,1.9052307100044799,0.8851878668537616,3.9839935302734375,102.30514151925004,3.5973330569661797,78.69775536607821,1.1080779559486593,added_content
0.9449426531791687,1.1424710743088142,1.7468040375145102,0.9012202318280369,1.5391082763671875,119.05027535564605,3.734329220570435,78.31990805807933,1.07700237466192,added_content
0.9730067253112793,1.2002333343822085,1.982670715756329,1.0,5.678863525390625,92.36353970525613,2.793968649345072,87.55066297172144,1.111040455939029,added_content
0.9970855712890625,1.2436309422233505,2.2301338517529934,0.998603591671903,3.473419189453125,98.14388973727468,2.4591256254938108,89.72525306176648,1.1808373070174816,added_content
0.9519497156143188,1.2202521263638437,2.306960079931627,0.99842256913426,5.5811614990234375,152.67678424291142,4.006791816954281,98.0237959454134,1.1157668465116346,added_content
0.9949227571487427,1.1618599561345964,2.535271953336921,1.0,1.103790283203125,214.44156196804454,102.35057323315473,143.43057079591327,1.1144841896720354,added_content
0.9136507511138916,1.158682595624906,1.722826364679073,0.999935675103162,5.517120361328125,117.25098295351545,4.3501119460308475,101.40669387664471,1.120693387739588,added_content
0.9248405694961548,1.1211548200440002,2.7003780433245197,0.999683235850114,6.3162384033203125,127.97944721256299,4.705219205246258,101.02710977577907,1.1453843627521194,added_content
0.9711447358131409,1.3042436057010334,2.340608131569014,0.9999993393192325,5.5180816650390625,124.63775816683041,2.6263542243954117,78.04520439176086,1.1241535343811375,added_content
0.9653903841972351,1.1685606729131495,1.83514594954644,0.9097722231531511,3.2728729248046875,88.19834620778454,5.980863548297814,77.23063533007365,1.0475930592548468,added_content
0.9705008268356323,1.1295280233312608,1.911860833846662,0.8817528797690887,3.7982177734375,91.79109514410617,3.320792027740897,88.6731365083782,1.084259749384228,added_content
0.9350258111953735,1.0896099666300056,2.138079131533868,0.9976108569135925,4.673370361328125,91.0186836023447,2.6540558530863776,95.22571288155955,1.115639526800069,added_content
0.9530174732208252,1.1310493502227714,1.9375126655051114,0.9953986357598973,4.9094390869140625,75.49772266009971,2.08520933767229,79.65232431962316,1.225172994279597,added_content
0.8469156622886658,1.1190507070318387,1.8683988637272593,0.9949042867116484,3.4802398681640625,81.54894559395542,2.6867338432738137,64.44919568698975,1.176730441967827,added_content
0.8639939427375793,1.165740443406721,1.9446610836516351,0.9999999140428902,5.9048004150390625,124.26322943577705,2.38188077035299,105.31943171785261,1.0875279237652107,added_content
0.9981862902641296,1.1335128938166266,2.260456896969864,0.9881866200999213,3.8810882568359375,177.4466469461312,6.554760821123512,98.70321992965387,1.2428575909990576,added_content
0.935326337814331,1.2202067801145906,1.8663808295372422,0.932156241727541,6.3004302978515625,83.62718552901246,2.4155419606239277,82.0857412877476,1.182438259962733,added_content
0.9105181694030762,1.1435532424556563,2.2405804382768935,0.9999956110826517,7.1627655029296875,95.16332632968101,2.5535124057087133,93.77378816155462,1.189969554062127,added_content
0.834429919719696,1.148504003475023,1.9831946156741085,0.9953812674053346,3.51800537109375,73.28541701083809,2.1977514434320287,81.77508576082357,1.170449508921976,added_content
0.9210504293441772,1.1260447416869732,1.9535890046800033,0.9873075346308168,4.831817626953125,69.16817961565495,2.3130541425642885,73.8945734119927,1.1029145461044505,added_content
0.9999209642410278,1.1064302696535404,2.1132491894638155,1.0,3.9434356689453125,201.0630163741667,54.66617118743941,96.1179245536212,1.0999179806780743,added_content
0.9862847328186035,1.0874774662103044,1.9452822772016627,0.8980538845109363,1.286163330078125,92.90494381286243,2.220471692689972,90.27057880086441,1.0658036339118127,added_content
0.8810936212539673,1.1414679746509144,2.1232773650824726,0.995309958092591,4.9647674560546875,120.55542029106695,2.6406643021219294,90.92447590649792,1.2744187908918376,added_content
0.9964958429336548,1.145937231382348,2.44369233159097,0.8724431130835486,2.6740875244140625,143.14556204838584,4.310605185033129,100.72863743443523,1.1238524206533196,added_content
0.9956461191177368,1.1601821520780522,1.9533304464081125,0.9952303588238742,5.337646484375,182.5707964123022,7.588020883262477,112.92922091679527,1.1347863670463236,added_content
0.9656742811203003,1.2260828525195442,2.1308357466254786,0.8554063390657345,5.604766845703125,129.20779508986413,3.3208795295702696,72.81029797047651,1.2009226049160535,added_content
0.9324313998222351,1.2595838988683714,2.0261605611002618,0.9970272173610201,2.8060455322265625,75.77929462104898,3.015242878747936,69.71819251696282,1.1440384119470213,added_content
0.8899977803230286,1.228756870964552,1.9278581115087408,0.9160955747207804,5.7757720947265625,89.56946557100824,2.4361780723349673,79.54006774688199,1.1265527349671003,added_content
0.8614608645439148,1.1253497974083952,2.1417974311869563,0.9995838306643,4.14874267578125,84.93549264843118,3.940528550484568,83.08469512058336,1.1656159736839895,added_content
0.9857116937637329,1.2516968080182018,2.067432900782694,0.9996458419997155,5.088531494140625,222.8983054585121,139.27051356134206,94.50351599084155,1.1278651820812653,added_content
0.9758535027503967,1.1846037686018005,1.8619417486552021,0.9195243550080363,5.11920166015625,225.37077115971397,14.837710183064097,99.80012775514761,1.2372428811653986,added_content
0.92094486951828,1.0096111869766407,2.4501137836321614,1.0,3.682098388671875,105.11699668531284,5.565476976514324,85.87905289585956,1.1327181036749072,added_content
0.8317409753799438,1.2200936001304619,2.048224433277028,0.9833400682963034,2.969146728515625,75.66087116293002,2.6699041474441247,84.32598964971075,1.0892030341871854,added_content
0.9989271759986877,1.2377019691779734,1.8861054623015934,1.0,4.282012939453125,147.01367227153588,5.733044334365964,98.48309512587815,1.1437543983466452,added_content
0.8245155811309814,1.1357657068062827,2.5229495937548863,0.9916113701565906,0.29705810546875,91.53068624171304,3.9121051374597613,107.42282267612411,1.076251516113138,added_content
0.8256665468215942,1.1658658645240874,1.7298024321939618,0.990865377237946,6.103729248046875,91.57529723847064,1.957033412278551,98.18586332868912,1.0837615493801476,added_content
0.9173758029937744,1.1972501929251578,2.1031399060347677,0.999095621585671,5.589996337890625,87.02648616665005,2.4512395501726982,106.11322883166903,1.2427019271929076,added_content
0.96300208568573,1.120740946450431,2.2389942555871567,0.999020664372512,5.1824188232421875,220.46463503481988,16.014243593316806,129.88064303873782,1.1754283959839258,added_content
0.9993767142295837,1.1757221758785856,2.0064142843413806,0.9998231709362736,5.2508544921875,233.169305468094,288.2222360425033,99.37069083325107,1.0939826877783285,added_content
0.8657750487327576,1.18659295712193,2.2389050619040627,1.0,4.3869476318359375,96.3572227966944,3.8650614175425333,103.73059224534377,1.164123181385243,added_content
0.9999091029167175,1.0840611124882724,2.2099457071027437,0.9999875452929903,5.4424285888671875,189.94586018025572,12.549348135638038,92.54097994177945,1.1880818606431205,added_content
0.922809362411499,1.1504731383759776,2.0569055562501344,1.0,5.653472900390625,89.9757013849475,2.7458886465429804,102.7296501975479,1.1271739432516041,added_content
0.9909307956695557,1.1674030356107943,1.8320746451286254,0.9991619920072796,2.7486114501953125,114.56063080030837,3.0259638390548727,77.42257971377747,1.0731347173266637,added_content
0.9983534812927246,1.1878547337470522,1.8432059041085616,0.9993757072954803,4.290496826171875,225.62364137481106,71.84053245386917,95.79733319307682,1.1911233429352854,added_content
0.898906409740448,1.0785956827022143,2.131140481024954,1.0,5.0175933837890625,95.01658781509944,1.939298426272078,87.89296874487789,1.2065259611441375,added_content
0.9997091889381409,1.192064204356153,2.077222506758909,1.0,6.4675750732421875,219.84879462907298,25.257931924656308,102.6790622589558,1.1387125796383988,added_content
0.9529901146888733,1.1153622872006228,2.0629419829665023,0.9211855609262571,4.2572174072265625,87.16153667356649,2.673852857393934,94.40739870896947,1.1592511463129025,added_content
0.9052834510803223,1.2788027689264916,2.1925023003428032,1.0,3.4389495849609375,117.56006698975723,2.914303680040096,98.3662653231863,1.1952327336552777,added_content
0.9747160077095032,1.2002027674809392,2.348496259519815,0.9986455062528282,3.3650665283203125,78.22182043284317,5.08000104893615,81.66475817039358,1.1240801955603195,added_content
0.985992431640625,1.1349980786558724,2.3327254640978485,1.0,6.1434783935546875,85.78876023644415,4.125659887908795,96.90858374330465,1.1750205148844766,added_content
0.9543797373771667,1.148907681148689,2.223865357347961,0.9916765208463539,4.514617919921875,116.03724423986343,5.9330660641346675,103.00479773415361,1.2591305730067166,added_content
0.9278209209442139,1.1129366620529402,1.7612136314980837,1.0,4.000274658203125,100.6039646137832,2.710985663711557,96.56020610601931,1.1111329574620303,added_content
0.9279009699821472,1.1805576816521752,1.7622500258661913,0.9969222748254125,3.79278564453125,117.57575042339496,2.728641959087969,78.29442186975231,1.1068439258379759,added_content
0.9969168901443481,1.2213220765824402,1.8893290911629208,1.0,4.8535308837890625,99.6883405382766,7.627157625853645,96.68099554779107,1.1436595104724916,added_content
0.8180027604103088,1.2328914324275158,1.8707133809257535,1.0,5.6069183349609375,123.91181802428164,2.15212705383139,93.09104991236865,1.0928145444348984,added_content
0.9322251081466675,1.060377502668361,2.194381540894575,0.9210913464567997,4.2852020263671875,173.0621360795333,4.949224999035702,97.48646169107417,1.124988799667327,added_content
0.8565866947174072,1.1191472469025732,2.2080611270901906,0.9928218229409741,4.67242431640625,76.93734317793029,3.1042408158507397,60.15598050977271,1.2663810617497904,added_content
0.8646901845932007,1.1397524648456876,2.164284806398482,0.9598931041460426,1.694427490234375,83.8260968411636,2.862095583725642,106.36909345489984,1.075200196704935,added_content
0.9989197850227356,1.2473610628160845,2.1739608118858658,0.999774535881318,3.5189208984375,249.5765753826732,366.0339692583006,90.23115631420296,1.087571710111961,added_content
0.9965000152587891,1.0755765207604011,2.1916976996681923,0.9950571335023355,4.92779541015625,163.34366377205123,272.2779998717318,97.84048313585835,1.2537179190386223,added_content
0.8735100030899048,1.1393817580839112,1.9993312750941472,1.0,2.547088623046875,82.7202030046418,3.241956518736719,75.76288474869315,1.1931753462717622,added_content
0.9930829405784607,1.1180256618301587,1.6490014000717286,0.9637776746232803,3.7915191650390625,129.42439878505056,5.1768348334302585,79.31423135561904,1.0692377048305937,added_content
0.9635753035545349,1.240560960804255,2.135627010536123,1.0,5.3477783203125,87.56776641816026,10.637824758545738,91.4149874021669,1.132990868835435,added_content
0.9991503953933716,1.2621273447164048,3.0575302159150075,0.999106046737272,4.1923370361328125,197.285433747139,157.95712280880815,102.7835335908885,1.1967381213511028,added_content
0.8860344886779785,1.1621925480336572,1.7165157216765012,0.915595738927752,3.843170166015625,95.48980444502816,1.954777626977084,86.60232149592152,1.108499769784287,added_content
0.999884843826294,1.1165620089734714,1.846080032757738,1.0,6.0542755126953125,197.78042832295833,8.05103156899185,112.73406058219042,1.2832336353376503,added_content
0.9884631633758545,1.228096478403705,2.241674263986537,0.9991225264454958,4.077545166015625,106.19230340141556,2.7605126691140605,102.26668335622026,1.2140602214052931,added_content
0.9921496510505676,1.2142598334361412,2.2878284804204974,0.9961376063284153,3.3238525390625,188.98276147639757,364.27346646185356,94.88537333779891,1.1385488618272155,added_content
0.975826621055603,1.2294077863974742,2.2551144534190164,1.0,5.614654541015625,96.41847198786489,2.378936214482265,102.7933606985908,1.2345630342622231,added_content
0.8636325001716614,1.172350884459611,2.125005100581871,0.9968629335915463,3.147796630859375,80.59129973557444,6.882410876574554,70.57872902194079,1.2624590680810035,added_content
0.9340685606002808,1.17402894400841,2.3332632172616714,0.9965124738746608,4.961761474609375,148.7430659119153,6.384512838724132,99.05553973618723,1.2171108538554076,added_content
0.9976859092712402,1.1600928260840573,2.204751474238948,0.8672048975116077,2.4903411865234375,208.01581325601103,9.200277894944504,70.14867289732202,1.0549669434092386,added_content
0.9988068342208862,1.1064740020408814,2.4782349566270945,0.9993281229168425,4.7489166259765625,218.09655475017567,462.1081534399751,94.36273117748703,1.1840613579913508,added_content
0.9726573824882507,1.038738184905264,2.215638232592667,0.9194571980886362,2.49908447265625,215.3543037013503,4.884591451713116,113.10634711505716,1.1130275992924283,added_content
0.9541592597961426,1.1135277234623953,1.6888588815947236,0.9980952505866196,5.2555694580078125,141.83999295403822,2.295160026448074,93.1075110571486,1.1431144335793857,added_content
0.9222666621208191,1.2562948724897514,1.9788918167124312,0.9968497757765873,7.0788116455078125,94.26786800179795,8.933983855016306,98.20367253940525,1.1482858451984952,added_content
0.9984057545661926,1.1138349763532525,1.7842466446917646,1.0,5.17730712890625,234.2570979017939,14.652889731599323,108.97816921242868,1.0722264669193757,added_content
0.9817229509353638,1.2088512675416416,2.1967076322722083,0.9947592234513021,2.829681396484375,96.95205401215759,3.635369885229541,69.81544280029233,1.102121197332499,added_content
0.8764438033103943,1.1374718102554116,1.8399580618715738,0.8941993141718487,4.407867431640625,99.24704240113378,3.2054852640917137,75.91310606041156,1.0760428045243997,added_content
0.9929440021514893,1.1988560894151021,2.17476461552234,0.9817109642408902,4.0767974853515625,244.11767832703467,228.29683928190437,124.58478016781234,1.1178444717801959,added_content
0.9412053227424622,1.2168482348697458,2.5621282274794552,0.9033222205488539,2.5848541259765625,94.92670051521002,2.9149978560490046,85.17644564279196,1.2245335890373474,added_content
0.9540647268295288,1.1672071377658253,1.988222465764258,0.9766543706165994,3.196533203125,80.20693548501029,2.729872708263459,79.35239241906628,1.0793071405940322,added_content
0.8391789793968201,1.1189786479974992,1.8111453893320333,0.9728456205583011,3.5536346435546875,104.52332876649093,2.139428649461053,86.09853713449498,1.102889175252518,added_content
0.8983062505722046,1.111108695507294,2.1012544529716046,0.9961335675079732,4.7834014892578125,69.95550707825787,2.3553011533532677,78.70170215364764,1.276554348554434,added_content
0.9625334739685059,1.2619494680080332,2.314024381033361,0.9999970808214218,6.40924072265625,95.53499844401145,2.2734488444345926,100.63652735363182,1.1221486365829751,added_content
0.9524275064468384,1.1300950904370977,1.872052461101656,0.9701681799756097,2.1572113037109375,64.29219115301005,13.10968167839374,71.61705678200364,1.046905521428443,added_content
0.999915361404419,1.1938968879537466,1.7147194388527671,0.9204506036220769,4.224761962890625,209.7913494666858,70.4797839062973,60.70374591020782,1.1369918519124604,added_content
0.9502431154251099,1.1520642351712829,1.8158954933744362,0.9039598506571069,4.6793212890625,85.08367500457702,3.4107066769412087,95.91480589012593,1.1298760788569382,added_content
0.9800158739089966,1.0439227467811159,1.826346025138063,0.9095762126984984,4.42144775390625,86.00847986916547,6.144988159504688,83.01095766692872,1.0650881229803915,added_content
0.9241082072257996,1.168395670205955,1.991049259893116,0.9979441781413192,5.7689361572265625,125.8241705584786,1.992049491571024,97.10151811572536,1.3174438114466935,added_content
0.9371861219406128,1.117362931020282,1.9294775334537961,0.9984455676460102,4.1107177734375,90.97230937074157,2.486031655434329,93.77646406173498,1.1452600830817645,added_content
0.8702043890953064,1.131599309556383,2.0359083897181485,0.9958349858160545,0.7916717529296875,79.1452921668738,5.114948211229047,81.0825301871264,1.2366860739334198,added_content
0.8921386003494263,1.1356528071009604,1.8764987528339454,0.8885053139601532,4.2071990966796875,107.71563632150578,3.104035396617132,83.3457978717339,1.0992254133463504,added_content
0.8812171816825867,1.1810172442464437,2.3542803590121273,0.9986097764448947,2.3545379638671875,86.73276847473028,3.222103691454157,91.67167798748159,1.2863463422990886,added_content
0.9969890117645264,1.1707881092147854,1.9177302659327282,0.9542319156015766,1.51800537109375,117.90179944908475,3.335870968369309,81.7246889118203,1.0987837614128586,added_content
0.9991498589515686,1.2087985057763595,1.933652923049084,1.0,3.482391357421875,167.36588742887557,8.037637186166286,103.48253128865207,1.1704364910641147,added_content
0.8755397200584412,1.1393136582908334,2.246100050628978,0.9935564855351833,6.98114013671875,82.68076628330215,2.9007812008726233,83.38995289304628,1.1581796799004962,added_content
0.9937542080879211,1.2005188173262804,1.5963274090394466,0.9838549533737458,4.0831298828125,157.74909953753368,6.0254011183476175,99.50196727008822,1.2246759052389722,added_content
0.9196385145187378,1.1445613802530117,1.8533887011727395,0.9202857629567986,3.4678955078125,78.42665816037287,2.7007318070222284,91.28116511440837,1.1925460922408069,added_content
0.9576010704040527,1.0353562429261756,1.8942478046840818,0.9927217544779409,5.196319580078125,128.60408141526636,20.166353689706416,67.03238135009703,1.0998048789739518,added_content
0.9736460447311401,1.1416862019789373,1.8000718268793026,0.9801177903385936,4.4141387939453125,92.31080010255694,10.40679195598286,91.4467522522742,1.096615215907478,added_content
0.9989641904830933,1.2073119803491505,2.2379241109473744,0.9902112597297132,5.8932647705078125,183.1808023195137,24.594369139726904,103.06738463196609,1.0987573266055353,added_content
0.9228084683418274,1.1838015042907724,2.069770691751352,1.0,4.9935455322265625,108.2582837854617,1.9932077502037877,98.14356444265148,1.2781757164405525,added_content
0.9921127557754517,1.0596768649210913,2.1631206668578846,0.9805707509269483,3.078125,83.53440697956681,3.7169070539146434,107.40718812687916,1.2146633827453215,added_content
0.9758257865905762,1.099627921824612,1.7274962142171972,0.8846115171058406,4.1556396484375,236.56364351534796,6.1090543936117045,93.5624660438987,1.1817208355955517,added_content
0.876529335975647,1.183313518825811,2.487754246400521,0.9955356235888506,3.6346282958984375,70.87294038184216,4.785299033997489,80.98386840633344,1.132643905410267,added_content
0.8890340328216553,1.132958178601733,1.97783688463667,0.9140111409462529,5.0305633544921875,144.15221438664688,3.044237306619355,92.42694828187668,1.09501234670286,added_content
0.9995213747024536,1.170978216653512,2.186066802928676,0.8905017106877015,2.9662322998046875,258.59522836315267,144.20584148314924,116.17304796210585,1.143216956480718,added_content
0.8473782539367676,1.1168794120998304,1.871181400960979,0.8947871238004503,5.7412872314453125,121.16295874278556,2.4599527777376635,95.33613387267494,1.0938296897229047,added_content
0.9393390417098999,1.2732759400747522,2.2116671070149208,0.9941841610643116,2.634490966796875,106.09420168833176,3.4250107591197216,104.28155743588096,1.0957980679386248,added_content
0.9071393609046936,1.259045450538482,2.1939644930103,0.998281602655582,4.4813232421875,107.28437356865098,2.142989829477829,109.12951998859323,1.1607477769819134,added_content
0.885654091835022,1.1796698991232244,1.7323960811570096,0.9957433222865453,2.517181396484375,114.37935365314992,2.111270259789105,96.88838244372633,1.1164938563823192,added_content
0.9831452965736389,1.1497218203205595,2.818862687718394,0.9999991175315767,3.570465087890625,88.38197404370322,4.729995307944956,85.33755745495424,1.267357954940851,added_content
0.927504301071167,1.2360838630726456,2.0816191229650376,0.8757990425554661,3.2810516357421875,177.75997288143634,3.353884688587849,92.78920667653767,1.1720207565475602,added_content
0.9935666918754578,1.1434362283754433,1.9413495022531468,0.8711625463563389,4.555450439453125,94.85623570299956,9.092069910620257,79.30921942956581,1.1069800540887813,added_content
0.983940839767456,1.1172532433334028,1.8933845329258443,0.8891644567357131,3.93756103515625,95.04726633552961,2.857707629338384,86.6344504189465,1.1088902208394087,added_content
0.9304118752479553,1.1321976749076852,1.956008268435206,0.9939274339799455,4.371734619140625,126.52023677391607,7.113405731717266,64.07595118131276,1.0886947313707485,added_content
0.9348278045654297,1.2258800846137392,2.1526892118948955,0.9995692192262645,3.739013671875,89.35352985721448,11.337005141625426,100.62567118124515,1.2076937441615516,added_content
0.8786466121673584,1.0822410604410586,2.0252037801723857,0.9963844398839913,1.78131103515625,75.99079635872012,3.4656352439342193,94.15375218709448,1.1296997783494913,added_content
0.99870765209198,1.1459199995820548,2.038231806447592,0.909341499110851,4.0953826904296875,196.3961801982253,3.6742772617399004,122.87729861832473,1.178111834910764,added_content
0.9996541738510132,1.312433385976173,2.5980384397680165,1.0,6.644683837890625,222.52382724121742,163.07061003443422,86.91850900378695,1.174062021654161,added_content
0.931329071521759,1.128649453419693,2.0788936955814776,0.9977138581144196,5.1045684814453125,84.46552461034638,2.4764541422894295,91.73093538309635,1.07817149784638,added_content
0.9950023889541626,1.1461342753592973,1.8731435278040955,0.9160495726830575,2.967987060546875,228.2543678461933,171.76598045761898,89.80986041834426,1.0708996175214809,added_content
0.9048388004302979,1.210763556331046,1.9330923655781798,0.993619939758922,5.650177001953125,128.16419418678404,1.781467206522772,119.23834893008747,1.114278355290048,added_content
0.9956861734390259,1.1955048129166168,2.2118109205568284,0.9839621259550566,3.9508514404296875,149.43956750461925,4.363324242582469,88.33089038962136,1.1203867082761236,added_content
0.9499181509017944,1.1579655172964232,1.891944663228667,1.0,5.15142822265625,136.03924535289687,3.7179660488210673,92.10656248669646,1.077383380979464,added_content
0.9731353521347046,1.1890981446807753,2.357693074420094,0.9999371643337576,5.2006378173828125,107.96526705391032,3.9664663579677577,92.86250270304596,1.1492435012719646,added_content
0.899035632610321,1.1705369547019109,2.0043259555117197,0.9721048772102915,5.1765899658203125,95.87668020568542,3.1403673600432587,101.59345554939092,1.1075639113824853,added_content
0.8986126184463501,1.1707268683097958,1.8793088697651381,0.9033808910820282,3.820159912109375,104.00081578493027,2.4863015195615876,92.03102875114291,1.0773077626006182,added_content
0.9623460173606873,1.1781609863418652,1.8834467701164361,0.9962699003613805,5.3496551513671875,94.99265616141861,4.7132536518517725,82.9073429597929,1.1009775341229775,added_content
0.9064435958862305,1.2927486769015037,2.2638527926357463,0.9951072447982637,4.5858154296875,108.13070871038965,5.322092571209739,78.29813310145326,1.1091235726709932,added_content
0.9984410405158997,1.2474975501892456,1.9651242919870955,0.9981477309662505,3.689971923828125,210.73819568826335,18.652651962662365,99.74002565785626,1.2364517753288327,added_content
0.8681932687759399,1.0786764320321665,1.774996122077684,0.915822750339706,3.30377197265625,60.47422954265531,1.7564690222435015,60.43560808672823,1.1020815997584312,added_content
0.9887657761573792,1.1462437190088526,1.9837060817395185,0.8775960824063069,4.3646392822265625,220.44411608794215,3.10705261641648,118.39544335744606,1.0882682632244114,added_content
0.9960785508155823,1.0739073612650423,2.0953787508609407,0.9985489883010698,2.187713623046875,150.030486358221,3.770887724947834,95.80823568756848,1.0714917568246265,added_content
0.9906433820724487,1.2481278541722474,2.2478629625481976,0.9102973734899904,6.9094696044921875,79.34690060572645,4.2013373720662806,93.99568889398238,1.1488547565309721,added_content
0.9763468503952026,1.1072570403279385,1.8638577690393456,0.9916749109089538,4.16827392578125,139.31404137508014,3.1177726194948328,87.7392701441137,1.1593069979916748,added_content
0.981502890586853,1.1427408157205976,1.848820366856022,0.9082594236428534,5.3272552490234375,85.94179060477308,2.583579327949486,92.3794890914383,1.109996270954486,added_content
0.9921137690544128,1.1599858541977892,2.262450603555403,0.9010314623233293,3.3670501708984375,80.63933207816784,15.690326064702584,76.93684363636363,1.1337183850100592,added_content
0.9775935411453247,1.1452173087619908,1.7391909359910689,0.908013611251758,3.8942108154296875,84.04471990920878,4.489220334482205,92.32363832165628,1.1071781573250976,added_content
0.838538646697998,1.153054297284577,2.2010208884294253,1.0,5.5331573486328125,91.67567765429959,2.3775001464452847,100.12399332589368,1.1616910027758929,added_content
0.9108421206474304,1.187757160276486,1.8406084343608242,0.999625799793225,6.356353759765625,104.390561419713,4.317263171617739,108.37427779459344,1.0854431925083698,added_content
0.9217796921730042,1.2187879132916184,2.3500575461425344,0.9993138026531819,3.93792724609375,117.49272014095315,2.502519607424041,104.72237229318154,1.2201399744330224,added_content
0.9076762199401855,1.1115433735792344,2.0837896242292637,0.9788214249817228,3.21868896484375,111.9290668451992,3.0131042198903133,88.7683266451309,1.1820403689993373,added_content
0.9284157156944275,1.1423010795065154,1.889472076467302,0.9991467711819781,8.847412109375,132.8525227471262,2.085823397355949,106.29200890903526,1.2291404890933526,added_content
0.9948806166648865,1.1834730757497074,1.7773978982312872,0.9211668741361645,5.0214996337890625,87.66498025690386,2.2116662399380513,91.01901452303773,1.072910743133672,added_content
0.9971267580986023,1.1615789036373123,2.0521958043389885,0.9806615123905926,5.0293426513671875,174.10064440646707,6.376632562525981,97.4806237227833,1.2197328922095532,added_content
0.9738766551017761,1.2356663610478218,2.177520932806637,0.9113095112715306,4.7955322265625,195.55526439787414,6.566332846886906,97.18188789989054,1.0750899162186214,added_content
0.8986785411834717,1.1061150167644542,1.6313365561415047,0.9036720199263948,5.60552978515625,119.13717709514565,3.1937816829567,72.70162474132313,1.1498481354044532,added_content
0.9921183586120605,1.2151657820727062,2.0578539452446933,0.9999876964390553,3.6284942626953125,146.97637153983382,4.757849832893945,100.50324687740328,1.1527732241587882,added_content
0.9333003759384155,1.201428872682252,1.8901752839366455,0.9612449453268026,1.06463623046875,133.1920705874388,3.4352940963838,95.63172445219723,1.175034123768879,added_content
0.9216493368148804,1.199985053579102,2.4113523251455713,0.9999959119053359,3.9078521728515625,152.10080165566578,6.629763276893713,99.33242459884934,1.1373368449894425,added_content
0.9432784914970398,1.1798446223437626,1.8454849163238887,1.0,4.16522216796875,99.05128639401865,2.098628740688096,98.0946775212046,1.062850083739576,added_content
0.9993935227394104,1.2476675066049951,1.9516095561195261,0.9983688909334487,3.663116455078125,183.7816431816083,7.468996514401027,97.50552703005562,1.1799769475125828,added_content
0.9360785484313965,1.1253600421661398,2.1035072879474646,1.0,4.5864715576171875,133.38772658355208,3.7092903351493693,88.31539049407097,1.2538602669608305,added_content
0.9661933183670044,1.182919691079886,1.8813995314594518,0.8914432208272878,1.4915924072265625,76.32932844492002,2.976457069250319,92.98373347409763,1.0758593545564301,added_content
0.9290729761123657,1.136309047078451,2.0380444576908756,0.9974314560606363,6.0228729248046875,96.21267374172353,2.379830347453928,105.26741891908993,1.1883012532551411,added_content
0.9686103463172913,1.1191508937554442,1.7724308810857912,0.9221023133489613,5.0908203125,127.38740028809272,3.2334472119618787,86.27608983956372,1.0830037878875018,added_content
0.9505494832992554,1.1847230212552062,2.0102842358162896,0.9994214463727626,4.825927734375,101.36049688094162,5.702061426248178,100.35057348512356,1.0922223737227459,added_content
0.8732700347900391,1.187185736622225,2.157166412310445,0.9749484483280779,4.54248046875,70.33505622702107,15.717479517200383,67.56029284918401,1.0623451982946397,added_content
0.8544387817382812,1.116583322983654,2.0537326535568057,0.9999667908829728,4.3609771728515625,121.48587941954608,3.2506132077396814,86.50689091893649,1.1065588596926113,added_content
0.8392736315727234,1.181289746243835,2.015922569211652,0.9958123268576354,4.226898193359375,84.0325194559375,2.4672901069923077,76.14798867789523,1.122206786341831,added_content
0.9629392623901367,1.127957545320686,2.1269563255253403,0.9999892956495102,6.379730224609375,83.85192932249633,3.5223204291624866,98.46019951826068,1.3414924554693965,added_content
0.8743178844451904,1.1835290347827825,2.0092139716627955,0.9991123873272283,4.5863189697265625,81.63699709299269,2.1083571507026027,76.02245208777971,1.1726829326566173,added_content
0.9965630173683167,1.0913618795649676,2.2242459308150915,0.9957832185559087,5.2085723876953125,119.95951749294044,5.752953494159951,74.27529832411138,1.1110724924862665,added_content
0.8994932770729065,1.2488985421199075,2.4037125323703386,0.9873910132354263,1.819183349609375,78.94643034966006,2.5763857031119546,94.21116207206045,1.1577152089026777,added_content
0.9955754280090332,1.2083930523776782,2.2167597805799413,1.0,4.553253173828125,266.0614211638569,187.79272196739896,123.53418645128308,1.0978730997739348,added_content
0.9822836518287659,1.1836258464415768,2.1734113378850375,0.9000272356530299,2.191925048828125,208.47986710165432,13.20296022088166,92.78357964093776,1.1572205752534996,added_content
0.9412147998809814,1.1889475869566917,3.0089162681441834,0.9926944167715759,4.9575347900390625,82.67284374440423,4.967792814433218,78.70260686139049,1.1511130334601534,added_content
0.9661219716072083,1.0809624111397649,1.8193490824476335,0.9089249982857623,3.6988983154296875,86.62199898706973,12.399838452787257,96.82166446178817,1.1195187841162355,added_content
0.9818605780601501,1.1697076132044504,1.8410218569218963,0.9852183971210488,3.9821319580078125,210.62902473014537,46.06349450632211,91.16836891922182,1.0665850656002482,added_content
0.8771888017654419,1.1684181632559256,2.564097609384679,0.9965204781296833,2.9613800048828125,89.44436235696485,2.6168103283224737,76.2363514603817,1.1814886517996284,added_content
0.982157826423645,1.1488453850986866,2.0203498692164743,0.9991607726118713,4.5511627197265625,132.7657243667669,2.9646568480861246,93.66698664079489,1.0741963747748162,added_content
0.9999995827674866,1.2105226429003635,2.3419587109903364,1.0,5.162353515625,101.71090857700962,12.052599795313398,99.66855514352115,1.1412465225749302,added_content
0.9805541038513184,1.1707237836053772,1.9437547029789048,0.9992763547718033,4.0714263916015625,135.4993566760524,3.437046671406973,84.00916590695842,1.2349425875873172,added_content
0.9434229731559753,1.0464980628043583,1.8784041107268625,0.9787104617405264,3.199066162109375,97.6320157928976,8.259824980865428,85.81161961668474,1.048587395097142,added_content
0.8796770572662354,1.1315559975582659,1.619878519131334,0.9792198304033092,3.476287841796875,96.99382335328121,2.0158047335864917,91.54451705483109,1.0810126163391933,added_content
0.8764938712120056,1.121477438351771,2.1874182600847982,0.9946137298364907,5.417999267578125,64.07630902422392,2.101776467894313,63.74414012917897,1.1815065253998254,added_content
0.8646570444107056,1.088914823593292,1.8602158737714303,0.9678010094282581,4.2192230224609375,81.09741970956493,2.8715365510586097,95.6558011257237,1.197054687193377,added_content
0.8994856476783752,1.125767850153183,2.176820124550957,0.9986605003848646,2.7756195068359375,84.3593051935495,4.607464186826673,103.3664464497119,1.1295218178827806,added_content
0.9943670034408569,1.2769866752152963,2.511154576687781,0.9923171711458215,1.2225799560546875,126.29159992198426,289.5579039055195,43.82406300262731,1.085843757736729,added_content
0.8894631862640381,1.05812099030811,2.242659790720833,0.9999902620792324,4.27685546875,81.71384287369641,3.796332134565009,89.04978505231055,1.1931703469493462,added_content
0.8733949661254883,1.079648624788236,2.370665399318827,0.9999940414089762,3.589111328125,79.77629591914655,18.772516959665612,80.01968950812407,1.1783645855621792,added_content
0.9894324541091919,1.1132530106113256,2.3360131563136464,0.9882726845331137,4.561920166015625,123.67607827276154,7.130347149259172,94.98882636459443,1.193903931298486,added_content
0.9836282134056091,1.1043988088632684,1.704674859973675,0.8875592847995974,4.8614044189453125,88.55757334099248,8.019113350385648,83.02705863082655,1.1648112967951414,added_content
0.8652227520942688,1.2811733218510888,2.075560930953377,0.9998264963755742,2.3261871337890625,99.84226561674325,4.234463194443564,73.44531030289836,1.1091033847862908,added_content
0.9872231483459473,1.1654201990334525,2.6201048778841143,0.9969262236669694,3.9152374267578125,134.07678498306697,45.29242625211295,62.5033648148281,1.26715241123582,added_content
0.9590142965316772,1.212579263837681,1.856119291978687,0.8759694870552501,5.4243927001953125,129.6494982631021,2.730873938502393,87.1301490925576,1.0906292955401808,added_content
0.983232855796814,1.1804139520006993,1.9037161401927802,0.8735262192841375,4.7763824462890625,186.4240774626651,5.728502912926079,74.28369204311824,1.0829338630921312,added_content
0.8856251239776611,1.160270190465546,2.3858825106005463,1.0,4.8768463134765625,113.56675582060147,2.7832811539081446,87.55323563264737,1.183262652659412,added_content
0.9948281049728394,1.1004368821146082,2.2493889304717687,0.9956890546674877,7.3860015869140625,131.8143200858502,6.945456029346701,80.47592797356388,1.1987264456180424,added_content
0.9557769894599915,1.2770876762420103,2.349864353856612,0.999774686144513,3.7122650146484375,203.20068386647566,18.30399013753601,92.60486149058056,1.1421217343580767,added_content
0.9021103382110596,1.0952292189246229,1.8542924494616841,0.9330500184883723,4.2859344482421875,84.29016380156263,3.2135029115247535,87.29718662001184,1.0953063534470902,added_content
0.9082841277122498,1.1193128284999838,2.0548651186182014,1.0,4.5243682861328125,94.1717094850984,2.611803320871005,90.89052195378082,1.1027325402961978,added_content
0.9998445510864258,1.0778796640697945,2.5917093316080684,1.0,6.88787841796875,134.4796531272911,3.4369357852020648,110.50697026018395,1.2773955973958084,added_content
0.9991192817687988,1.281934054628457,1.9543050887436435,1.0,4.7749176025390625,252.84872086773916,49.71083317624157,116.64557901126324,1.1930640002220811,added_content
0.9140337705612183,1.188333479874092,2.1137493222408272,0.9960241602312748,2.9093475341796875,83.0375472159505,7.7050561953348735,81.69655089963537,1.234215059418686,added_content
0.9179514050483704,1.0588189571802011,1.9653880755723852,0.9586994732184592,4.681549072265625,86.406307214688,2.1741242922728916,88.86656716906944,1.1113399915275906,added_content
0.9098552465438843,1.1631007255538723,2.003838736645976,0.9994905067822986,4.1893463134765625,82.96948971920075,2.853931085982505,99.93995807424596,1.2875440681227655,added_content
0.886376142501831,1.096245067112979,2.1982677074578767,0.9127374472618869,2.344085693359375,85.05429327047597,4.987484121534846,88.48824641724471,1.0719718731876267,added_content
0.9956325888633728,1.2340665510643152,3.0880396516444097,0.9956047390176963,4.37237548828125,132.92473754743702,501.9528341566,51.66575761046614,1.0493178702909363,added_content
0.9290311932563782,1.1112649225950553,2.3300377034726547,0.999284254804328,3.6964263916015625,105.17094366000413,2.698696499191307,99.06553943079933,1.2184155059116555,added_content
0.9008840322494507,1.006179840469533,2.312331555395756,0.9981500626725112,4.4766693115234375,89.85562712398085,2.899739775995059,82.64148649375514,1.239638893882626,added_content
0.9760534167289734,1.1334911172804283,1.94873287707986,0.9956069813155475,3.2028045654296875,228.8202649662059,47.96689719877148,99.7458251512988,1.1713411762552073,added_content
0.919609546661377,1.2494259427702643,2.1188993118031023,0.9918115854498152,1.966217041015625,68.68746613889908,4.773374184404632,63.240193030970815,1.0488603380570258,added_content
0.9635504484176636,1.1581531202961808,2.0360915349654727,0.9193299869380981,5.237335205078125,139.72739262655574,4.135620094317409,99.68292085468539,1.20324088267191,added_content
0.9427520632743835,1.1533255460671399,1.9813181540533618,0.9915373751170569,4.1459808349609375,59.21930250960982,3.1430147325640467,63.629264962458585,1.1528313463240092,added_content
0.9373165965080261,1.18341945679902,1.973660616007084,0.9966966967391443,3.98046875,155.03217947540782,11.09306108442917,93.45029128327033,1.2011270721618266,added_content
0.9224597215652466,1.1838991645145867,1.9745278356505263,1.0,6.912841796875,85.66831337228068,3.2483445969008122,87.9610880081042,1.1327580216903228,added_content
0.981040894985199,1.1459886924872043,2.0403855236537938,1.0,5.392059326171875,127.69651498269302,2.292726795482882,97.57496855665627,1.194183847369376,added_content
0.9902129173278809,1.0962973734749852,2.034810467030988,0.9890582085872559,4.21734619140625,155.2441193693315,3.107351210889361,91.84564497683694,1.1395834785541852,added_content
0.881755530834198,1.0555467845472004,2.3656245413295216,0.9780878384251722,4.038787841796875,126.93176113338039,3.4104141508896135,88.10127619102836,1.160824646701322,added_content
0.9994592666625977,1.1761264798894624,2.13389832445024,1.0,5.1313934326171875,175.648567733474,9.975162001664547,95.44138699726768,1.1822185126790508,added_content
0.9044023752212524,1.2468674706416005,2.0784839505565103,0.9952449989303865,4.6281585693359375,90.83369817122495,6.944526388754554,92.33498595033231,1.161708993124543,added_content
0.9980297088623047,1.1967731594289075,1.9866508836591907,1.0,2.5972137451171875,246.11489250884097,96.13681382431962,104.74517681954431,1.1940124091443325,added_content
0.9648041129112244,1.127755319538537,2.2147000595014084,0.8979827119047983,6.9342498779296875,74.73125702153844,2.3071797054391814,97.67617819524668,1.2041470954881361,added_content
0.8507417440414429,1.0879924856885734,1.8719469220559914,0.9953086126262065,4.3129425048828125,82.37495677762266,2.139051891306219,79.4315226447056,1.0798728187768216,added_content
0.9495100378990173,1.1945578059224438,2.1815497971194864,1.0,6.8512420654296875,102.21823550941407,6.392327299520083,100.03853492201394,1.2725493550136044,added_content
0.7730627655982971,1.1263814085476118,2.3310206002883036,0.9056376813735836,3.8612823486328125,72.77795987390965,3.16546888202935,92.80834198891866,1.0878787236399805,added_content
0.8969284296035767,1.171222796038777,1.91918386866416,1.0,3.9301300048828125,103.73820437846118,6.247018942378357,88.34479300076318,1.1287134725877679,added_content
0.9351783990859985,1.0826377308021957,1.9072036761103686,0.9880861249573021,3.2849578857421875,125.4980120731557,2.100682960848989,75.27532611398576,1.1100385914149935,added_content
0.8941782116889954,1.188397391574141,1.7532949146586343,0.9999694433909718,3.5045928955078125,92.72059389774309,2.2790985192385733,82.70269386734465,1.1459382619047922,added_content
0.9519733786582947,1.1994749636104318,1.853669306003248,0.9998351887445659,4.8285980224609375,77.99049555070182,15.222303248874098,91.04425440555723,1.1462271987907349,added_content
0.9214184880256653,1.1180728811747487,2.1375322421068264,0.9999785573995776,5.400970458984375,90.46263019281726,2.1236473766063684,87.66267942006763,1.086813647174707,added_content
0.9733271598815918,1.1261295793915933,1.7698864399920735,0.893799782628667,4.9766387939453125,227.45198306519762,4.459195951503125,97.42496246151312,1.127500776326189,added_content
0.9914475679397583,1.150394706932919,1.9926051174751371,0.9931310923393768,4.164703369140625,142.9341629944934,213.1259312930206,62.4084225620513,1.1006893428865676,added_content
0.9267908334732056,1.0997692994215587,2.538619897005811,1.0,4.5962677001953125,79.96132174867256,2.272781911196691,95.37506273725795,1.1041924386933655,added_content
0.8359683752059937,1.1724197707057162,1.801397215238832,0.8748383799691574,3.3964080810546875,85.41481734553197,3.025247889001787,96.63307717820625,1.2270997277717448,added_content
0.825776994228363,1.1559395887019381,1.9461133934357289,0.9960493160235893,4.993408203125,77.84830748464091,6.744884951167304,68.35080980450515,1.125354409210589,added_content
0.9628773927688599,1.2208446112261133,1.974399373742742,0.9993341882458434,4.442413330078125,120.03571951841109,2.2138619981785754,97.22021975178336,1.3818315145711626,added_content
0.9653170704841614,1.0615384277869055,1.7240047264387754,0.8899688402482694,2.6494293212890625,98.99393564049146,2.5174562015805586,83.9660107515936,1.0696187164293203,added_content
0.8930826187133789,1.1127176992217633,1.949068393607331,0.8542142749920957,3.6288604736328125,90.60240448345102,2.2604058231152435,82.77685813213071,1.2287996505325656,added_content
0.8677330017089844,1.1715684570611369,2.1017430061629723,0.9993457482515408,3.3700408935546875,86.56060068419399,4.1664687586882465,100.48728010204862,1.183459307474429,added_content
0.9180960059165955,1.139402780217871,2.3289983439180015,0.9999909837390321,4.61199951171875,101.53662918849263,2.3011564159025095,94.70071702593877,1.243254931349612,added_content
0.9956216812133789,1.194876551425021,2.1469413564917463,0.9664347660957513,3.0762176513671875,153.26447947265024,16.48537888669163,90.07369057148041,1.095555586608057,added_content
0.9183046221733093,1.1141395005887638,1.7619342621049892,1.0,7.074493408203125,118.81961341140466,2.068894342476476,113.0233530516753,1.15808509196782,added_content
0.901106595993042,1.1698499206917494,2.0138214640238026,0.994205254655974,3.5056915283203125,88.51615543321785,3.265408138806628,95.13764962673325,1.2732327695789651,added_content
0.9963510036468506,1.1618404375632185,2.3355371841985297,0.9991792619635423,2.364044189453125,136.88326359178052,4.082716609217716,100.4093313979039,1.218236204537854,added_content
0.9776877164840698,1.1535499687123631,1.6323706229408967,0.8970083482600322,2.5944366455078125,135.73507447313503,3.7776984599350207,88.34703591979137,1.0545373463536911,added_content
0.8953256607055664,1.0727369399002897,2.4164532837086363,0.9949745131903921,6.9270782470703125,64.17413610239144,3.730296133167653,88.10071771509863,1.2236711444695754,added_content
0.9440502524375916,1.2128724399839255,1.7870775343001304,0.8811256864070272,4.6215362548828125,109.87511228821784,2.8041774166671454,92.12719824995553,1.0825677458006342,added_content
0.9349960088729858,1.2178391760174998,2.0122934703381135,0.9977623844326069,6.1889495849609375,81.02149628301787,2.3692984762623155,87.54851113109055,1.1822945741508606,added_content
0.9993879795074463,1.0400295396535648,2.317005940123023,0.9994181091743392,5.28857421875,217.23775512925616,17.483477278273508,113.61288838043006,1.2459355445976021,added_content
0.9965937733650208,1.2047414994502985,1.781735321980421,1.0,5.73529052734375,268.1542470933718,144.31937270090472,118.4337620884032,1.1427168050221703,added_content
0.990106463432312,1.2059491986512,1.9509086990866809,0.942483178150426,5.5176544189453125,121.23291579890953,2.69974205546423,89.61129690984662,1.252955713520613,added_content
0.8935675621032715,1.2259811037148378,1.8772487438287346,0.9980961911392393,4.3539276123046875,97.32358161240838,5.804222818488432,84.63627579272988,1.079630488212215,added_content
0.9426385164260864,1.2260949284527536,2.179638592753315,0.9991061355201555,5.3147430419921875,100.74760144998206,2.111938827479113,83.3490086162378,1.2412121929590971,added_content
0.9279550909996033,1.1505042883909182,1.7687687521014586,0.999388400761778,5.2537078857421875,120.98633297675661,2.434361608579632,96.7311561136238,1.1859227926814737,added_content
0.9039373397827148,1.1758296704538524,2.021971074643322,0.9982835815333653,3.6704864501953125,90.64650608821853,2.2560472747518188,103.51315929064194,1.1434272102655876,added_content
0.9844260215759277,1.1761954340570138,2.024627485015902,0.9988756911696729,5.4582977294921875,106.9103079245629,1.8670036369640033,99.26379975034334,1.1426226499612628,added_content
0.9999017119407654,1.1620113876110494,1.8833190876340333,0.9701486597894524,2.3199005126953125,211.74385285944146,9585.881656804733,67.64125089077788,1.0608797731174222,added_content
0.9843425154685974,1.0740528509823233,2.0270389140489224,0.9053917882462176,4.2442626953125,205.02834538350896,6.235335869346878,90.8097415849599,1.201508669102554,added_content
0.9571346044540405,1.1566449676492196,1.717092345362252,0.8728879877230775,5.2900238037109375,110.1081314241069,3.068926034908702,76.62654817887349,1.1233108487803214,added_content
0.999657154083252,1.1685367115442167,1.958755409574114,0.9998165198868167,7.0960540771484375,253.250686859629,153.77743169644867,140.77849152915016,1.099502763044009,added_content
0.976514458656311,1.125870246133212,2.1583882855391825,0.9970906817407195,6.76715087890625,93.94297052828725,1.8712388392857142,93.73389431543502,1.1484635251233324,added_content
0.9371852278709412,1.1711139212914108,1.7698062931966607,0.9813489325326008,3.8365631103515625,143.84578914287823,3.0646814203801185,85.91492183330183,1.1448696139612613,added_content
0.8973013162612915,1.176780848267609,2.0829794216312987,0.9981016896477586,3.08172607421875,83.86524546704713,2.508435233940623,71.65264460447058,1.122527588653443,added_content
0.9826351404190063,1.2056370437341268,2.065101992140319,0.8819907922296152,4.2857513427734375,105.44177818483936,3.621045175892079,89.26337686313273,1.0895309884251845,added_content
0.996225118637085,1.1304041306707329,2.0721851257845834,0.9990613212081461,5.025909423828125,192.3874320144252,8.347285582103122,105.58064184898096,1.1027380011355814,added_content
0.8542451858520508,1.140786056289505,2.3406563412893093,1.0,0.737335205078125,122.74553306986454,6.529759497706042,92.89902503471136,1.0727445716877586,added_content
0.9980383515357971,1.1647829234491234,1.990322175227384,0.9997419251173574,3.512451171875,219.76681020374113,19.40271525608785,100.11031031815898,1.2698637687215637,added_content
0.9998209476470947,1.0943462630402048,1.5683607811449596,0.9070873224557651,4.9611968994140625,195.51885829022203,44.07604133752493,55.03329574775819,1.0620483916012897,added_content
0.9980660080909729,1.0251380234774152,1.8971653682607679,0.9995647051218223,4.9022064208984375,186.48909227811765,227.17692653825497,81.76443967306041,1.0782991198640306,added_content
0.9896956086158752,1.186706330520785,1.877018961146603,0.9011988392010165,6.45672607421875,86.40152266099142,2.465284155317308,85.80751327525793,1.1612518031047019,added_content
0.9976286888122559,1.2353370391809717,1.9638519773398035,0.9960928916885227,5.2270660400390625,178.63756639838678,145.62531439701962,98.97658634448283,1.079532122893603,added_content
0.994173526763916,1.2718389666038372,1.9939322377573576,0.9874421308270055,6.4257659912109375,182.96342853885184,7.640934180897913,108.60905439676687,1.1117042120209895,added_content
0.9223901629447937,1.2373533724836348,1.7592169349542628,0.9968134862477729,3.0229034423828125,96.37220969691656,5.406149043218909,80.1982643634823,1.061107066522998,added_content
0.9166548252105713,1.2020213662491503,2.2537385791885116,1.0,6.409515380859375,96.50486596220082,2.7450588121866564,103.58328211802957,1.1214303491547188,added_content
0.9970409870147705,1.1566859078891296,2.3287911264910948,0.9988768953358289,2.64825439453125,231.53467065500357,66.92817948666972,123.09332614397846,1.1286353671176566,added_content
0.9880473613739014,1.2240847993686712,2.195801647436105,0.9992195653720539,3.8482666015625,174.22260391103433,6.826249255257545,96.4659108670292,1.139967973648834,added_content
0.9992377758026123,1.2487100625879317,1.7569539122868854,0.9103763721062834,5.11029052734375,125.37338892612945,2.254875457755082,92.27333790583799,1.1309264931728813,added_content
0.9558349251747131,1.1175230751607896,2.3041637658761243,0.9161928460452214,4.26092529296875,87.0311893765374,14.169495913310403,100.83435585347755,1.22150000763611,added_content
0.9568280577659607,1.1831085007020763,1.7673446109215087,1.0,3.61419677734375,128.9323385251542,2.4856518197434676,112.55531388435806,1.0765982216904537,added_content
0.9847628474235535,1.2574053785021508,1.9470272577745797,0.9277041222595638,4.3749847412109375,104.12632479364905,10.530521824180518,89.84329480612045,1.2647210663242257,added_content
0.981956958770752,1.1209612604699928,1.9830903951216594,0.9123461739698951,5.358612060546875,77.81317740802933,2.939231058350823,73.94585018200101,1.0703192475631527,added_content
0.9101041555404663,1.3034192473242268,2.0053221326839146,0.9848958727682708,4.5074310302734375,109.66539697930168,2.4941625703147268,89.44049964166099,1.0964779583607482,added_content
0.8945720791816711,1.254707817688125,2.0791805066683207,0.9946103503571326,6.8949737548828125,85.98630061860865,2.0598546730386516,82.31689727379411,1.1160707288000962,added_content
0.9361252784729004,1.1245922282480254,1.919005468488794,0.9822440848021833,0.9884033203125,85.59546944725216,3.03101358491832,105.63803630892961,1.1012159190012902,added_content
0.9975093603134155,1.1725956733184177,1.7377032148675156,1.0,5.5410614013671875,146.03922597618345,2.9550612360570847,87.78925016262545,1.1192909746270305,added_content
0.9920322299003601,1.2104912796401024,2.2358901416143873,0.9990883313554242,5.2329864501953125,130.13526730558598,3.5500823016889087,87.70724095742214,1.124912770578173,added_content
0.911552369594574,1.2072258370138822,2.039410373622223,0.9803080764274896,5.889129638671875,85.24116488543447,2.8031158451605562,108.71183488473223,1.1490951786993417,added_content
0.8788214325904846,1.1108593566534726,1.8131498796806877,0.9971511117153439,4.49383544921875,71.60768683919365,3.0420750052699157,86.24684622222287,1.1665966006464388,added_content
0.9853626489639282,1.1642164419818124,1.7616816187321631,0.8990020445390523,4.5263214111328125,94.6231172254031,2.3316058498574446,90.45116359361222,1.1171910258457511,added_content
0.9696885347366333,1.2132996260306532,1.9139967420378923,0.8874509261744552,3.8673248291015625,149.888877772993,3.6749818745920653,93.19590343828763,1.126517065736173,added_content
0.8748686909675598,1.2118410033038776,2.068420300371393,1.0,4.6224212646484375,102.2873965414199,2.283245156849248,104.9616303276597,1.1158391906276783,added_content
0.8912708163261414,1.1625482105523433,1.9039359980759811,0.9012338832467113,4.764373779296875,110.42532878455667,3.371956049667774,100.23437158062671,1.1147022280068544,added_content
0.8579331636428833,0.9961646070260839,2.185289728622746,0.9981633363215285,5.3274688720703125,113.28397121642563,3.707269161532987,87.05513836466913,1.196432308072558,added_content
0.9156293869018555,1.1754655325998207,2.261335682138768,0.8771426285053546,3.006011962890625,120.31282628302766,3.716233543371459,74.692097383401,1.2933710446056308,added_content
0.9668264985084534,1.1940842381484822,2.075822453323744,0.9997570215532511,4.677215576171875,136.19666032622317,5.748271784568195,102.66843188217457,1.1686626723352918,added_content
0.9994587302207947,1.1706749150091926,1.8666818461205112,0.9999536075820513,5.677825927734375,187.01189548698915,30.497168675298308,89.76870050319279,1.2060415176637396,added_content
0.8631821870803833,1.1665082987988902,2.514536355375767,0.9939207888938445,4.3599090576171875,59.653314797943594,2.560255565360171,66.37921409898964,1.2877107693782244,added_content
0.9528714418411255,1.1260732406596816,1.8530864577893633,0.8951246820169649,4.2067413330078125,117.2083608620554,2.1822882816330784,117.28563381639184,1.1685374723392885,ai_generated
0.934715747833252,1.1825824568116698,1.9112018504585617,0.999255576116563,6.324920654296875,104.59977289256723,2.1361020865921874,124.72124572394085,1.125349957928555,ai_generated
0.9596682786941528,1.2358411657661366,2.4336921364330695,0.9953582213341315,3.2560882568359375,124.08029978813585,3.17681581328479,87.25109968864473,1.1931708891930617,ai_generated
0.9982895851135254,1.1620999267535512,2.458095787442273,0.9984476346398383,3.8700103759765625,230.78776454097394,10.110416602728701,118.21379433352953,1.1399884305023764,ai_generated
0.8700771331787109,1.182645027699857,1.8969695515512153,0.9999504067863416,4.2507476806640625,111.59927447995778,2.3301190464055597,102.62475993398122,1.1537557046508204,ai_generated
0.8787451386451721,1.2165974542474052,2.1607747060364386,0.993339705720903,3.4877166748046875,100.55407451196143,14.71097988329777,98.83048533696923,1.240997210144632,ai_generated
0.998593807220459,1.347987057452424,2.5387542191318553,1.0,5.458892822265625,300.75735024964763,199.72724676195563,154.53601242419452,1.237396150807018,ai_generated
0.9056568741798401,1.083319700845025,1.8794583215402332,0.89559308164264,2.91375732421875,113.62593630490137,2.948099740870981,97.05578341886125,1.0541667500768226,ai_generated
0.9510868787765503,1.1761802503710854,1.8119105732107053,0.9776710272278913,3.4933013916015625,123.61113622916251,4.3879528977690585,111.3724736669053,1.0727567741585373,ai_generated
0.937252402305603,1.048422639016591,2.0875599235859137,0.9970055898560967,4.7372283935546875,97.0900401307529,2.1039040569596397,95.70496623226597,1.2275125960354243,ai_generated
0.9325694441795349,1.15806330347556,1.8695233538737301,0.9978721732994283,5.4412689208984375,150.43966021607972,2.4852915383541556,111.03673700439009,1.105642234082578,ai_generated
0.9466978907585144,1.1493826707231403,1.9878961184942752,0.9990547313031176,3.53680419921875,132.16319514041678,3.7068029018834325,98.895373995038,1.1028707692280268,ai_generated
0.957318902015686,1.1058441608368803,1.7140854153240879,0.8699501130069641,2.8040008544921875,167.29605985960967,3.119135563819727,111.84879932595335,1.1732893595225367,ai_generated
0.9112388491630554,1.18860719851876,1.8657111987766315,0.9924771192249061,5.6280364990234375,73.98626133846727,2.5247176683210553,82.17816994772275,1.1212050992628433,ai_generated
0.9715876579284668,1.142021362522515,1.8495984760711761,0.9957068745866297,7.0472259521484375,160.32383443576626,58.41304148950134,70.09853994086252,1.2017810681096324,ai_generated
0.9817033410072327,1.2565321277830617,2.383563951198227,1.0,4.1062774658203125,149.9355226417658,3.7845984267748887,106.35376241326297,1.2868674974038083,ai_generated
0.9682374000549316,1.1183300088409578,1.8048926799150253,0.9431905872979108,4.6394195556640625,191.24276189986773,4.55420691356662,102.29161795033161,1.0885321212629948,ai_generated
0.8656912446022034,1.0794775532305458,2.552891506165086,1.0,5.1926116943359375,117.96437472628982,11.248143968850917,100.69640638370556,1.1551010886692488,ai_generated
0.9949290156364441,1.0498315880587465,1.9566557266747722,0.9320887661584726,2.24468994140625,252.57541142020318,247.25784498383027,103.89314505131686,1.1795792983024638,ai_generated
0.9992778301239014,1.2338858478911787,1.898473732933076,0.9223455842014108,4.01556396484375,267.78909161909945,65.08959715898881,83.468396418348,1.0869416485304921,ai_generated
0.8756682276725769,1.161247274690837,1.6987014324122764,0.9998245523778231,5.7303009033203125,134.98041367979377,2.3383387888390637,100.18708043391602,1.0957735631334766,ai_generated
0.9103314280509949,1.1319792872673475,1.9069849361484104,0.9993157908503368,3.680938720703125,96.46228482443449,2.503919186623854,93.54818829169008,1.344907397839692,ai_generated
0.9306513667106628,1.1000703234639564,1.890665834738734,1.0,4.1227874755859375,177.2993459550389,3.0427191584663356,103.42210972591678,1.2677603726289621,ai_generated
0.9453864097595215,1.195093514286878,1.8851087958537986,0.9879370889134215,3.657867431640625,102.8760576684084,1.7829494910743187,102.62356729216961,1.1359524270675012,ai_generated
0.9815887212753296,1.2791816157658873,2.087174356266188,0.8938696699516234,3.847869873046875,211.46011956009045,4.761080415924378,106.30328228498114,1.121163156977557,ai_generated
0.998988687992096,1.1270357960340742,1.8849915969906232,0.9999909823271225,4.0607452392578125,252.0816607948088,133.31638980326113,97.26174977649818,1.20998531436679,ai_generated
0.9949408769607544,1.2537937547497433,2.057997664589613,0.9241259520829276,6.3659515380859375,297.7520128469387,6.0393496822190835,131.9479015905444,1.1220905318920555,ai_generated
0.967381477355957,1.2141144403491164,1.9746384535311816,1.0,7.029296875,153.446834224351,3.2394777106969146,107.49698591753015,1.2173178791697252,ai_generated
0.9611334800720215,1.121295118741016,1.893429203234084,0.8871226953907851,3.5805511474609375,88.47163312443494,2.747959032906417,90.3650103243518,1.0930411715817796,ai_generated
0.97737056016922,1.1630422821924977,2.047798648354783,0.996965811015372,4.5081634521484375,102.57628801327996,2.6339854408125487,107.02936620683431,1.2273486459542429,ai_generated
0.9951226711273193,1.1262378252333591,2.41206666741958,1.0,4.7080535888671875,166.1036486332926,4.036197259169481,109.80464323584368,1.4412698473724812,ai_generated
0.9677090048789978,1.1612298388737452,2.121689172987946,1.0,4.1379241943359375,112.77330932350584,2.7215745553677917,95.63871731622389,1.0887399505521884,ai_generated
0.9918932318687439,1.1610203650133868,2.2067792368839343,0.9788470530549919,4.214691162109375,308.6891807790675,1351.0943194475385,142.2224088229124,1.2745643889777167,ai_generated
0.9929779171943665,1.1241686954116166,2.019111240197502,0.9996244596542215,5.964691162109375,107.71464584491535,3.487468994856763,108.58703107883771,1.1907293355684592,ai_generated
0.8675419092178345,1.2514687120381394,2.2539642457595783,0.9954897399676744,3.208251953125,88.67262540059008,2.917166926588192,90.42097273454365,1.085372433069284,ai_generated
0.8899372816085815,1.1276051691888245,1.8723536039302568,0.9999324676459788,4.15771484375,136.5256860974228,3.0835814390765925,94.17164947997158,1.1478465888324676,ai_generated
0.9017334580421448,1.2478041915393756,1.9981642797884096,0.9818091865591206,3.5767822265625,102.85388449762186,3.7916794451675533,111.91442756197497,1.2126355243531028,ai_generated
0.9367882609367371,1.2155721849529921,2.3695235338609213,0.9660306676772974,3.114898681640625,104.95626719409945,3.1843073143986547,106.14089720488957,1.0547445074726327,ai_generated
0.9256405234336853,1.2290107100535839,1.8206129491707395,0.8802120756551308,2.75616455078125,165.50316466783195,3.931773081653535,110.88101611298931,1.1713267558414198,ai_generated
0.9605323672294617,1.1746459744852291,1.8573894274612426,0.9031520054127761,4.0253448486328125,215.47592663401065,3.8586082195202036,119.25157539000428,1.0615466309077752,ai_generated
0.9336138367652893,1.141456835817019,2.18709921851944,0.9868962544783966,2.883056640625,116.6418299990417,6.80437676620857,112.53908789584037,1.2998690788749554,ai_generated
0.992814302444458,1.187921632335646,1.8406389915425663,0.9974277967608794,3.9515533447265625,234.70447404963895,137.81673104987553,126.53376226671966,1.0818367167192815,ai_generated
0.8616511821746826,1.094427974854565,1.8680731656758887,0.9923526523913742,4.056304931640625,106.43490035329745,8.497083413148122,101.43118338340433,1.2378186098296284,ai_generated
0.9709171056747437,1.1040253184668811,1.7640625190241566,0.9913087551868442,3.13177490234375,99.01284448277659,10.717471564129957,108.1980391115562,1.0975926758715764,ai_generated
0.957748532295227,1.1942140499461549,2.2068339927769016,0.8523164965271021,2.70904541015625,161.07031263341665,3.721920502506795,112.98727637334555,1.2155985187741571,ai_generated
0.8869052529335022,1.1599906452970843,2.0251322044706614,0.9508983092059171,2.97021484375,70.20215068976485,2.401325172096675,76.66372328107383,1.069736308914166,ai_generated
0.9073558449745178,1.138785986510386,2.0295937732679343,0.8760144599836327,2.59674072265625,90.69964772415868,4.911883760270662,91.58268971336128,1.0737803517523137,ai_generated
0.9024060368537903,1.1297299197332005,2.050877416297611,0.9999824926630364,2.8580169677734375,91.72596063525877,3.7120341700896144,96.00358370362133,1.1445975630965914,ai_generated
0.9993148446083069,1.1380829784350233,2.0878844895190176,0.9994159553710883,5.2832183837890625,224.84664785236782,42.79006578390337,117.83592364005672,1.3120695605075432,ai_generated
0.9936701059341431,1.1777621154534141,1.7630964452559228,0.8932530354750015,4.387451171875,310.8416746077897,5.438225852316526,135.49417042338231,1.1479017161185625,ai_generated
0.9476602077484131,1.1923199440197185,1.9957122746111542,0.8849570501879043,4.1693267822265625,135.1212770628621,2.4476572168935644,95.58564334225296,1.1273528785842415,ai_generated
0.9027045965194702,1.0959144427950562,2.643247054188418,0.9987833645195947,4.1075439453125,118.30895334867276,3.008026852066137,75.99479161472321,1.2568593313409469,ai_generated
0.9962990283966064,1.2474672900833548,2.0572003009811293,0.9915427960819154,4.7092742919921875,169.61311890396215,630.256351605261,51.324432255442666,1.2119194136231946,ai_generated
0.9952365756034851,1.081206814138945,1.798177775731032,0.8808824400698734,3.11090087890625,208.3563258277055,4.689069626329643,119.54465730975575,1.2022141642345086,ai_generated
0.8755369186401367,1.1560573733731256,1.9395836313534403,0.9999738679669309,4.5677642822265625,88.84971013413302,3.008319438894324,85.26088585060555,1.150165072066064,ai_generated
0.9078806638717651,1.1373833957072874,1.827926005399532,0.991836085776285,5.069244384765625,72.95622900352096,1.7252300041744368,61.27934857144259,1.1566138970648052,ai_generated
0.9749622344970703,1.1787204962024456,2.1487106190706995,0.9119533204635125,3.145172119140625,244.37839382313666,13.482819379543002,105.834451323603,1.2943323706101,ai_generated
0.993658721446991,1.1314769261244642,2.354018826152535,0.9975211832573984,3.942474365234375,158.04149625773323,6.484589615362244,97.06621997116304,1.3983765504410355,ai_generated
0.9950739145278931,1.1852160033125108,1.9515742867670667,0.9997531805810272,6.4430694580078125,101.81797123505095,6.382562822120457,94.63667535650075,1.1823012780250213,ai_generated
0.933999240398407,1.2429373105898314,2.0124545000203153,0.9974878262249658,4.3461761474609375,94.800556899911,13.917572601268114,100.66192393685351,1.304009425259863,ai_generated
0.9180174469947815,1.099106957853852,1.806142663645606,0.982669031181467,5.1303558349609375,79.09109838331742,1.7923646843622103,92.86432145889229,1.1691943564370335,ai_generated
0.9660789966583252,1.1726278534223735,2.2505443310836126,0.9979239546814921,2.981781005859375,136.53911354998806,4.599107921161966,112.38030695405392,1.2049288239113185,ai_generated
0.8652852773666382,1.200350694226061,2.0520763318142072,0.9769904366036319,3.9913330078125,92.1221692616347,3.2488063451304425,94.76882171249456,1.1007459094906844,ai_generated
0.9764599204063416,1.146910216462801,1.9851462792831522,0.9414913265356654,4.6264190673828125,176.00871430160285,3.748724676720378,99.29342105673949,1.07867833508347,ai_generated
0.9431718587875366,1.2521423251631618,1.8872395313957218,0.8941174056307314,4.2814788818359375,132.94519742434107,2.5018195151096547,110.43963062027214,1.1319166754564267,ai_generated
0.9938531517982483,1.1211336739250175,2.019019789039727,0.9948840499550259,3.660400390625,136.41562211184146,10.22160682474496,84.22090977726336,1.1848821567544598,ai_generated
0.9919527173042297,1.263701973185911,2.389338037423404,0.999999579565514,2.9462890625,161.23851880121123,5.219015192652987,99.43604829445002,1.1636951326830725,ai_generated
0.875092625617981,1.2418861218229709,2.7879178204225568,1.0,5.3514556884765625,95.9187817699678,4.471572196489706,101.439944221698,1.477175810844929,ai_generated
0.8858498334884644,1.0576431659603067,1.7987678682553532,0.9999390413150534,3.782135009765625,115.44189694408205,2.00074483095303,103.57196145977876,1.1641954365298275,ai_generated
0.930528461933136,1.1861846668472096,1.9683865069393263,0.9962588814582277,4.1434173583984375,78.22451567761402,2.098205882775789,77.48405667697878,1.1928040540425848,ai_generated
0.9352420568466187,1.2155465559428762,2.013905645970386,0.9732395118432935,3.9256134033203125,105.3267056533792,2.9401313840510968,87.6664382984772,1.1822750025106155,ai_generated
0.9316088557243347,1.2177130900734137,1.9829824561029197,1.0,5.8851318359375,133.4037831248531,1.7794812129983717,111.84597507174749,1.1439254141679827,ai_generated
0.9883692860603333,1.1859784635937036,1.7733709945396587,0.8972857524244102,5.08880615234375,281.4494000560124,3.5808310942074746,131.84919823086884,1.073737796504697,ai_generated
0.9343054294586182,1.1396095201088166,2.033451532493066,0.9528875978295682,4.70941162109375,118.31900126411911,4.125815213209608,78.10705937430342,1.1554372210563122,ai_generated
0.9346850514411926,1.0402430651328756,2.050585986195978,0.9893847998182073,3.9599609375,104.18969270685315,10.757754961811232,111.73855386082725,1.2546039595757046,ai_generated
0.9681123495101929,1.1929204795368622,1.8958919059579962,0.9905109248488789,3.255615234375,98.67096394575718,3.9487003112570904,98.64415665285668,1.254057844973664,ai_generated
0.9922828674316406,1.078742665596477,2.197613794114354,0.9879883955715028,3.3341217041015625,221.86382728162877,24.995974942283667,122.4702601998021,1.3475935452762342,ai_generated
0.9942609667778015,1.2233698415965313,2.3932084051090103,0.9951753263962887,5.3135986328125,155.5690511952514,3.497279872299929,111.68918513726604,1.237858202240103,ai_generated
0.8730481863021851,1.1607339044721607,1.9527178277102704,0.9225944637873655,5.6326904296875,110.1024597259256,1.9941771249786302,94.51383988025788,1.1604123666329953,ai_generated
0.9471253156661987,1.1534005120777766,2.158296897321524,0.9999967966946475,5.4949493408203125,96.7480060075282,2.658115684397648,92.89000350360206,1.1690332207357044,ai_generated
0.9197720289230347,1.186483001292281,2.044843498752549,1.0,4.195068359375,151.22727065191782,1.964732519872873,106.35036045549275,1.1518563431098388,ai_generated
0.877993106842041,1.2114766262357495,1.9303278685670031,0.9999712880060356,3.58319091796875,89.66252617540854,2.887019721609012,92.89192096152003,1.1026206486522103,ai_generated
0.918556809425354,1.2006697406029008,1.9103335155822854,1.0,3.1719818115234375,142.5726810040048,3.0587946545012126,92.69071016933842,1.11601003533867,ai_generated
0.9990963935852051,1.1793421773514339,1.88547851971426,0.9195485394671439,5.7738037109375,288.1262622133289,22.177835206318242,92.80770447292163,1.2144251392477725,ai_generated
0.9589412212371826,1.1551034316657065,2.003195984807867,0.9302275785093591,6.041961669921875,229.67046833661587,6.453702198185429,100.06501392111622,1.1604939494487287,ai_generated
0.867170512676239,1.1729622046430954,1.8087876023189071,0.9914907457519292,5.742645263671875,95.39639389612994,3.676673603527497,102.62690992081598,1.1651907331914126,ai_generated
0.9928726553916931,1.121659189279499,2.0521347205260696,0.923600453652095,5.4534759521484375,131.748173767798,3.038691427399312,96.70862346204619,1.0973977281808236,ai_generated
0.9112748503684998,1.1709882881938998,2.015384458633099,0.9981893263977651,5.09674072265625,174.48318156000263,5.8580860570460365,103.23899129484431,1.1252121652040985,ai_generated
0.8638646602630615,1.064677336122254,2.0304057220395935,0.994002750483392,3.699493408203125,70.88642775146086,2.580090477177657,66.86178227430311,1.2465226117210566,ai_generated
0.9106009006500244,1.1717849287257098,1.8476860981382803,0.9955885390809509,4.3792877197265625,75.07538224235371,11.488077289680476,80.28359396613567,1.167463823899873,ai_generated
0.9545272588729858,1.1417167152646182,1.6701530642410005,0.9991742143786794,4.1776885986328125,179.67320040133714,3.295187791203614,113.04318470567839,1.0769459211526249,ai_generated
0.9929104447364807,1.221584867964082,2.0097796151447884,1.0,4.2263641357421875,270.58168074042254,396.4691655058883,125.86138893822631,1.1662648307984678,ai_generated
0.9446029663085938,1.124074595155017,1.8597318988049891,0.9911452100376104,3.786041259765625,158.0737935874651,3.1500049482331844,100.54731305338194,1.1846428589250866,ai_generated
0.9218750596046448,1.2038963813172485,1.8643104436279185,0.8788256722643719,3.8141632080078125,107.28846729961923,3.4264361977344175,96.69567013674067,1.0613854462181855,ai_generated
0.9658054113388062,1.1337366890048068,2.4679417954608005,0.9988320170204635,5.0391845703125,217.2523316222901,12.267675747933913,106.53432109326226,1.343274854758866,ai_generated
0.8941258192062378,1.1731466979408909,1.739104052869726,0.9023186142742186,6.160675048828125,114.72496965913243,2.379657689145769,97.48003756673886,1.143061204468123,ai_generated
0.9116266965866089,1.2299556081849108,1.9914194019967415,0.9934604180324642,5.0608367919921875,116.16804491924108,4.4868679951006865,111.76112293024985,1.0878378876204293,ai_generated
0.9264597296714783,1.23300070029453,2.3683387089751555,1.0,3.7931976318359375,142.2848863799575,3.232834318313168,96.05101111665024,1.1619910291038515,ai_generated
0.8732868432998657,1.1654284786914348,2.128591792993763,0.9148686710336711,4.5918731689453125,120.35748660486392,2.6752089522569396,95.92817374049231,1.0892550338702915,ai_generated
0.9928078055381775,1.090281883291667,1.6200165311718455,0.9047735873591582,5.299591064453125,91.84025225993565,2.9036359398049374,93.2562939374231,1.1409956444791367,ai_generated
0.9636110067367554,1.255130902098419,2.111119944772607,0.9957375523610484,5.2512054443359375,184.6354729434308,13.479792062720133,103.82383355551677,1.122632482701112,ai_generated
0.9500397443771362,1.128004482181814,1.9459584745346805,0.8774104768777944,3.3744049072265625,166.986045541194,3.078221549259815,104.72143032100124,1.261312728947524,ai_generated
0.9578351378440857,1.1263215784783318,1.9617215569217548,0.896744448829815,4.0676422119140625,231.3979144953711,6.166639962660834,102.7300661097272,1.1624153014462535,ai_generated
0.9608469605445862,1.1191016706565824,1.9093396588059088,0.8685161193470844,3.1946258544921875,101.86290545641916,3.295898064626305,96.68205999716162,1.0636384768774694,ai_generated
0.9938956499099731,1.2516131060287612,2.2086393613399036,0.9970013399775248,5.521697998046875,200.13470333920245,453.365946116702,103.20988906152716,1.1957141582407729,ai_generated
0.9851614236831665,1.1378783444772904,2.1498479540821855,0.9927479379879495,4.1603240966796875,109.13827630621178,3.93194362504097,92.9774418118039,1.143390695350319,ai_generated
0.9974124431610107,1.1622343816691423,1.8407076103078612,0.9708634250605954,2.292572021484375,185.12751360851544,5.964935070270359,104.63794553312911,1.1382743055136848,ai_generated
0.9691579341888428,1.2078870233475258,2.0052127700540225,0.9911802062504926,5.134521484375,90.86875507611754,2.916923925978304,59.34457702935966,1.213377361797444,ai_generated
0.914559006690979,1.180792706768129,1.6913996213430762,1.0,3.77508544921875,108.49611171481745,1.797668340724119,98.46769075257872,1.0779627370762344,ai_generated
0.9914708733558655,1.1130381925846946,1.6090775441044554,0.9082489837108969,3.950927734375,100.05877168090403,3.6264196469429923,96.13825264156058,1.1858730201324639,ai_generated
0.9936965703964233,0.984568291578287,2.3236999288816174,0.8947146085958954,4.9777984619140625,103.32170437254395,2.2177834001527432,93.93790230860408,1.101216558850521,ai_generated
0.9837881326675415,1.1815046516922025,2.2784388633095904,0.9995751253909594,3.3270416259765625,105.80032783232294,2.270475724428283,100.69399586866672,1.2221485112537371,ai_generated
0.9893600344657898,1.2397217211590943,1.9022913099506185,0.9944571299847277,3.7210693359375,173.8837753298707,4.550850681675125,107.01979743552938,1.1799774838046033,ai_generated
0.9984390735626221,1.1622291715865176,1.874579949471294,0.9994024651879657,5.2625732421875,271.18971592040015,155.13739790610683,120.81189277039141,1.112671700609286,ai_generated
0.9997356534004211,1.253164624846141,2.1785575998912154,1.0,4.750213623046875,282.2703340681187,136.37180367336575,134.815184027956,1.1714813814904588,ai_generated
0.9070202112197876,1.085540965587158,2.0186859369184864,0.8950474581426938,3.474212646484375,125.8860818534996,2.9720589788865244,88.6710690040674,1.1623701808358493,ai_generated
0.9936884641647339,1.155236282994675,1.9670851421781563,0.9131410246502636,5.140289306640625,287.6354272899403,4.338022567836909,125.95876543493024,1.0869894878989785,ai_generated
0.927233099937439,1.131652229940607,1.8326163154402275,0.9800923579615415,4.0748443603515625,116.14517534693213,3.035629820270957,84.97665844123472,1.1424540525150852,ai_generated
0.9139175415039062,1.1076101279498582,2.0605260962794376,0.9849916700378155,2.7964324951171875,133.00805407844035,10.779755344498309,112.91305104322421,1.3942659125241632,ai_generated
0.9693950414657593,1.195470513421128,2.6466081780955797,0.9999675076448621,4.0973052978515625,230.915746653015,25.849789543622272,101.66476924491083,1.1404543172513442,ai_generated
0.993141233921051,1.2136658860065297,2.024848836578527,0.9978989454362436,4.6113433837890625,324.347853708303,191.57189603156183,172.95261045756777,1.08662114112632,ai_generated
0.9794480800628662,1.2419860666188696,2.2482119326751913,0.8241660713103405,3.66253662109375,247.6257236076113,6.859782949316356,104.81062652141435,1.073240742793549,ai_generated
0.9976717233657837,1.1515279878597464,1.7443197152225522,0.9986883111118658,6.0553131103515625,215.06101430711823,7.3178469621053654,136.24856235843117,1.148131973837763,ai_generated
0.8546861410140991,1.136294639451212,1.9375861751675618,0.9996881040474979,6.3177032470703125,134.9244517951791,3.5365376136423263,108.37534463323153,1.2150135274767628,ai_generated
0.9973706603050232,1.1670386991580228,1.9261012503747081,0.999242391768502,4.216278076171875,201.07682469215274,163.10710858416485,88.90524381834294,1.1091010651743431,ai_generated
0.9342672824859619,1.0898503550216898,1.9884233036496435,0.9999971583103993,5.0063629150390625,88.94133559380887,3.57689011422534,93.71473183709826,1.1487718984466815,ai_generated
0.8639298677444458,1.048059646718211,2.399759293885049,1.0,4.9780426025390625,107.93801433017948,10.679908801057692,103.36625235712003,1.2207648336474224,ai_generated
0.9545654058456421,1.2332203445245071,1.854425065623335,0.9876462241275569,3.7460174560546875,139.95814999799632,3.788194014195735,98.73220470440228,1.1449675694686585,ai_generated
0.8741945624351501,1.1433347631849393,1.7995496569698242,0.911753195273359,3.213714599609375,142.51386816829014,4.606489221497128,93.16134904136256,1.0814007303986668,ai_generated
0.9656690359115601,1.1833803535610679,2.3331363329212818,0.9954352012977731,2.2838897705078125,108.16803544997337,4.354616133547948,88.6804269695837,1.2232159963296767,ai_generated
0.9895200729370117,1.1165740968900282,1.8967263643757506,0.9924294714546472,4.517242431640625,163.1906746636079,3.4549982855854426,111.13252020727289,1.0930119143394885,ai_generated
0.9995257258415222,1.130207808590349,1.9342671285438675,0.9975705322520851,4.8252410888671875,257.959832585056,131.5290767695537,116.38595922619419,1.1132329320766612,ai_generated
0.9967656135559082,1.1314516624784792,1.8776752146140259,0.9948251618287481,3.759552001953125,189.749726577263,60.055726662660255,93.9218250252995,1.1318282958568124,ai_generated
0.9889035224914551,1.0358888205168277,1.969726549337346,0.9150932051418808,5.3955841064453125,136.92751297232255,2.8555415127357575,99.44026447177814,1.1028806117533145,ai_generated
0.9609154462814331,1.212392577067794,1.9238718598815754,0.9241972320621498,3.985260009765625,115.19170084763803,3.956565812122429,96.94411556052117,1.1302437681919688,ai_generated
0.9923226833343506,0.9761406591802164,2.4585758020549995,0.999971142386965,6.07958984375,237.18606708707563,1785.9436830835118,107.7412798997882,1.2964542463750457,ai_generated
0.9870345592498779,1.11155898718043,2.286313616423431,0.9993848226753798,5.890716552734375,205.05259332425936,628.4530781085247,85.41946959558908,1.1020251168391777,ai_generated
0.9313201308250427,1.1241169646375027,2.2122658296556046,0.9956715498203291,3.43487548828125,79.33075241963336,5.944585463141819,77.30475730746166,1.1364341717078883,ai_generated
0.9532462954521179,1.234441453181646,2.104475510083743,0.9784769586017148,3.98040771484375,124.22493069939584,2.116380994511314,107.12593366457092,1.2278587177580942,ai_generated
0.9893803596496582,1.1206136281550574,1.8355305382622011,0.8418771148751667,4.682098388671875,280.0413724140342,2.5439649393949497,129.19285005466156,1.1698254128847725,ai_generated
0.8779293298721313,1.1213961408915991,1.7796534742367838,0.8927659712701121,3.57269287109375,92.95611625012761,10.429719246733004,91.08913187401467,1.0644285391561266,ai_generated
0.9359575510025024,1.1398801270736716,1.8395650899675822,0.9998427967326952,4.4899749755859375,101.48723294480463,2.8384207828328067,113.21821662967868,1.0975873995406882,ai_generated
0.9265479445457458,1.1157252435352598,2.0788669841197205,0.9790923887525431,2.5682220458984375,75.80756306760027,2.899533725437826,83.07625181283505,1.2371565260082336,ai_generated
0.9087110757827759,1.1751387831184714,1.8069759439577544,0.9973489889692572,4.604095458984375,177.15567312508546,2.607511400516318,115.08823161359757,1.2598508872410834,ai_generated
0.9816573262214661,1.0606530683539526,2.1307695299977527,0.8517611690786222,3.018035888671875,235.3448287762856,6.709532857946888,95.21445537783025,1.2372501865970362,ai_generated
0.9993905425071716,1.0780490123024744,2.1360995062872465,0.9542455710003374,2.6866912841796875,258.18486429670315,205.0959261541689,124.2734439718631,1.1718549780575127,ai_generated
0.9939985275268555,1.143817452904264,1.998131068540713,1.0,2.7882537841796875,264.70139362593113,269.4675915967592,114.58986957772052,1.0708418952457333,ai_generated
0.9602516889572144,1.0848516189033068,1.9026767597677072,0.8866404884939514,4.525299072265625,97.80260319062052,2.7213158695577695,93.64162692984642,1.29739003139842,ai_generated
0.9948843717575073,1.1409334398583235,2.159279638271477,0.8944140218676002,3.4632720947265625,316.5729270084564,8.434792169987134,129.89064158825838,1.1952512949421705,ai_generated
0.957156777381897,1.163982802470848,1.9004648197337606,0.9984144298507562,4.45123291015625,98.14825640327132,3.0880102120499693,118.83669222898706,1.2150259060228716,ai_generated
0.8075219392776489,1.2579947259293374,1.887608848072523,1.0,5.17987060546875,119.2690172960071,2.1510040410320173,103.65437373234766,1.1516272817453217,ai_generated
0.9542624950408936,1.1033298798937026,2.1849432563099525,0.9916579554002621,5.22027587890625,139.53317231996107,14.313548796816537,75.22797639226674,1.105271382149933,ai_generated
0.9983864426612854,1.2083875474366308,2.012486056398631,0.9998373754450729,4.537841796875,206.48710448067584,6.670426545510832,107.39765611710702,1.0684423775869034,ai_generated
0.8714568614959717,1.1828293807471033,1.8246447958425343,0.9961298988122665,4.9748687744140625,80.77613846160051,11.008578374126234,86.07986228955407,1.1386365413359183,ai_generated
0.9270396828651428,1.1492258085113176,1.7663435880000768,0.8730067584409488,4.89788818359375,120.798227263015,2.5109386933043165,96.6752089828981,1.0816488128082082,ai_generated
0.9583468437194824,1.2538671628084488,1.9935223166752292,0.9999800931392427,3.301300048828125,105.44193962624277,2.6850647475683567,106.74133281113797,1.1339763467154207,ai_generated
0.872578501701355,1.192588340707844,1.988437908367514,0.9968881292757115,4.71240234375,81.23169631114408,2.546209921541978,91.69850768151547,1.2295145277196022,ai_generated
0.8781675696372986,1.1902365042153613,2.0576276375966365,0.9996814798871964,4.7183074951171875,118.51514509721642,2.52805930485078,87.01285246686524,1.1876483885988103,ai_generated
0.9957515001296997,1.2161914867343382,2.098538117638649,0.9978263611112135,4.0684814453125,234.2962865732656,275.53773694465593,102.06951841999978,1.184806166727054,ai_generated
0.9663031101226807,1.161298432239686,2.164027545474519,1.0,5.2716217041015625,145.2006505185424,3.4603437975904683,99.64543515238284,1.2168916874599145,ai_generated
0.9649540185928345,1.1599910296857865,1.7179155495190879,0.890808503906449,3.7189788818359375,117.51263563839969,2.8405065340008586,99.547144596663,1.1265330874349508,ai_generated
0.9055554866790771,1.145867203314512,1.8563753166408605,1.0,4.530059814453125,160.44921223028786,3.1037187976442735,97.54811329843977,1.1961888280603876,ai_generated
0.8832273483276367,1.1758164607282393,2.0126899510379204,0.9971484066904888,5.2344970703125,108.08713175069555,1.8223510038491426,106.10848376187406,1.2220034523319336,ai_generated
0.9974255561828613,1.2092358932321694,2.1218564709851404,0.8617203591595979,2.7961578369140625,293.62970197842355,23.18779270238279,95.32269456140533,1.2080289623190767,ai_generated
0.891321063041687,1.1616131537221113,2.066375359545141,0.9999999258654307,3.2430419921875,150.34024918946804,3.8602346984650078,113.35230561703065,1.162049442755948,ai_generated
0.9998117089271545,1.2647014117992579,1.878966861033244,0.9905431588390397,4.77117919921875,284.02352574445257,145.6588637813388,126.97251829026597,1.1568015141345547,ai_generated
0.9605536460876465,1.150141535468253,1.8946669153740576,0.999909661179947,4.8340911865234375,91.55079042008337,2.1137074729111087,90.53715778455923,1.0804691011717396,ai_generated
0.9974548816680908,1.054238073604052,2.2514026578943565,0.9957083685610838,3.74554443359375,249.2558117767597,287.04492599436327,97.40201441063579,1.2891320677105635,ai_generated
0.8545854091644287,1.145614145011735,1.7023173885475074,0.9181268777367235,5.6378021240234375,125.70838025781335,5.460526907818722,93.52552976601413,1.151655462491742,ai_generated
0.9100157022476196,1.2057592308488163,1.950218688321846,0.9975110386311217,3.9745941162109375,101.88544115399408,6.287489962811644,93.20965382350354,1.1952368178923067,ai_generated
0.9010075926780701,1.0738031486728954,1.9901227911162795,0.9981310581986098,3.37152099609375,79.28310811321998,4.2236042748518345,73.04179530912437,1.0644625696503174,ai_generated
0.8914351463317871,1.05985583522314,2.10999173136632,0.8740333896225005,3.3270111083984375,130.41871051179953,3.4804809316835312,90.25020951778333,1.064420835555254,ai_generated
0.9686564803123474,1.1471932838009427,2.099202276240578,0.9940316296960183,4.076690673828125,108.48478820821434,3.1286953683017007,99.21035009219372,1.3208552703405843,ai_generated
0.9524092078208923,1.102823354631838,2.248457563194792,0.9774385357185412,2.4862823486328125,96.49534774355098,2.7976227682282144,94.09201052924244,1.139440601367831,ai_generated
0.9902342557907104,1.1836074113900954,2.090938268510577,0.9964675434867126,2.9813079833984375,266.4253145456141,100.92365514490461,129.13601858437505,1.0614099661631557,ai_generated
0.9714723825454712,1.1213801567547996,1.8663675690793473,0.8591777931539122,3.9792022705078125,112.78023471444165,7.805481339758195,91.24968140312805,1.1506915870106584,ai_generated
0.9425073862075806,1.1648797664189554,1.72350826301337,0.9893840383421616,3.7083282470703125,209.8822236511082,6.6485397128994945,121.5580007466747,1.1463159964303624,ai_generated
0.8327346444129944,0.9896358206428002,2.155068330493818,0.9911764947573025,3.4129486083984375,118.02513958116084,3.4537115093501574,105.63660737928227,1.2635898477716678,ai_generated
0.9823541641235352,1.1883158265158063,2.3918950958399448,0.9496061301709663,2.25579833984375,196.46065341933706,415.29790621765784,91.07619699805466,1.228873090505953,ai_generated
0.9846587777137756,1.067367787877533,2.1425644126137966,0.9252310208090992,3.640045166015625,84.41139554732432,3.9941048169715425,93.21938249089116,1.1405602953641636,ai_generated
0.9594844579696655,1.0357870440415329,2.1932078226868286,0.9993199625838245,3.108001708984375,88.95983307163812,3.5165590007030745,94.70747777004604,1.1856411763806647,ai_generated
0.9752236008644104,1.2083611823236446,1.9268654338361129,0.9999920092889633,5.1217803955078125,249.4931075416096,20.262033821605296,121.63591271977783,1.120204257894719,ai_generated
0.9871361255645752,1.2634798785442416,2.143370934266893,0.9050226686593914,5.6293792724609375,208.27761720501465,4.32046866841654,112.74991672221789,1.2080047332742117,ai_generated
0.9963674545288086,1.1753622019388148,1.6704075455925118,0.9162362378509756,5.287445068359375,134.76085668817393,3.6372525231969757,90.29493310865523,1.108307019809319,ai_generated
0.9116800427436829,1.1022406318241964,1.9003843945982883,0.9990843428938253,4.9287872314453125,109.0222945617495,2.9780132665609678,107.56420615336485,1.2028605648765989,ai_generated
0.9179162979125977,1.0780406766136186,1.805320153965182,0.9984367738044494,3.49072265625,87.93768505746614,5.290213686537421,88.9203396897623,1.1613755371603556,ai_generated
0.9704539775848389,1.2437151641846629,1.9513909400334641,0.9054854307351133,5.643829345703125,108.77107956581467,8.154100986356932,105.25217281588033,1.135127994373179,ai_generated
0.9233145117759705,1.2329982531039854,2.609009318705317,0.9934650476776278,4.869659423828125,205.99349621125444,9.586171146397687,130.82057580658048,1.2150627287721592,ai_generated
0.8879231214523315,1.2376906161398573,2.015693146523394,0.8882243487764939,2.84844970703125,129.48815230932738,3.3855992693777486,92.86915750292158,1.0817097524847337,ai_generated
0.8428730368614197,1.1552004477433822,2.1544889144232657,0.9698597904640627,3.9148101806640625,134.56557855081275,5.755632007422582,105.51649381246698,1.2908197668682653,ai_generated
0.9639815092086792,1.1295510538762223,1.9957706708948724,0.9139490492637771,3.7755889892578125,243.90889450190167,7.304718162790439,105.85444036920099,1.0869456690091261,ai_generated
0.9844447374343872,1.2024975939340061,2.095346991737398,0.9949852557666633,3.9772796630859375,135.29277913745864,8.860762030910253,76.059613537885,1.1582305199737628,ai_generated
0.9271148443222046,1.2493959535633923,1.9228622989103399,1.0,5.4293670654296875,105.77232324078136,2.252818356989292,110.54644338546018,1.1359841921917098,ai_generated
0.9596372842788696,1.1122333169804053,1.9652698906976362,0.9990762126309407,2.517913818359375,144.91497499402064,3.0384537380808294,100.71293415224517,1.1135455858792653,ai_generated
0.8636041879653931,1.153717611334642,1.9643236498954249,0.9985366450534865,3.6962127685546875,113.37465922653783,7.710840489388375,100.19355388561611,1.1410343541949681,ai_generated
0.9198965430259705,1.2458673247310035,1.8795923556817815,0.9993795877534745,4.6799774169921875,100.9974539054047,2.1533418431405376,89.75823554187791,1.158252878973322,ai_generated
0.8957376480102539,1.2496808048933132,2.035363673440067,0.8849301471354981,2.2560577392578125,107.58986093328923,2.4511167236288447,90.29213884976534,1.0743663406258037,ai_generated
0.872404932975769,1.1796693340656432,2.080491968826411,0.9953217177909286,5.4883270263671875,70.72984524066155,3.9473301008473656,86.78774343188421,1.2525357089296252,ai_generated
0.9284123182296753,1.0533147612019873,1.773663805242683,1.0,5.6138458251953125,176.42899696985947,3.1776984866535343,104.90975226742826,1.1575796412657162,ai_generated
0.9911603927612305,1.0990401630222633,2.1202946096193926,0.990620300872741,4.5903472900390625,162.3853444504906,3.931503314775126,114.08128759225995,1.1324290052543542,ai_generated
0.999734103679657,1.1651587147374185,1.972559295887404,1.0,5.1337432861328125,214.57282352545937,8.637561514770368,115.08011015793758,1.2363940568953935,ai_generated
0.9223081469535828,1.1392586326673038,2.080034144549193,0.9719016477622335,2.8506927490234375,90.63998668968362,3.490266521091092,95.38120926933269,1.232630399272842,ai_generated
0.9076911807060242,1.2218010210332277,1.9002114038965425,0.9955850546412099,4.789276123046875,137.83992911949022,3.8651914418025166,105.6228597253229,1.1363865600094774,ai_generated
0.8869954347610474,1.0716720787505067,1.9541081431845764,0.9880356317727501,2.9488372802734375,102.02852842053457,5.840899606222252,79.28524588326155,1.106260259611576,ai_generated
0.9997811913490295,1.1018290096110037,1.833293760789496,1.0,5.1506805419921875,206.46630345531364,7.2175875178261775,129.23658730879708,1.172573257386568,ai_generated
0.9285392761230469,1.282361864140014,2.306354408610146,0.9924636738742387,4.7550048828125,96.3712468180334,3.1079013114816627,95.26756660389884,1.1077751333036123,ai_generated
0.9523321390151978,1.1064469966370274,2.0020153369302527,0.9980295289438418,4.5975341796875,94.435638230404,2.650522162179294,103.33078486735143,1.1019106441027071,ai_generated
0.8418821096420288,1.197296049499004,2.340938354775926,0.9999936549032364,5.3989410400390625,118.96735076411589,2.831401127920044,103.63557565982369,1.3185448122778778,ai_generated
0.8930672407150269,1.229061693164224,1.9700134991065943,0.9968789723204133,4.10540771484375,88.22613848502013,7.45414597737496,80.36510390147038,1.1643451813043908,ai_generated
0.9800115823745728,1.2800066481804624,2.573727603772079,0.9944906079734366,3.3853302001953125,224.15424241014688,65.63332680693405,139.274746296564,1.5225360387414018,ai_generated
0.9618839025497437,1.0423122201145942,2.015028198752414,0.9212201131764638,4.704559326171875,227.23561617460274,6.311928344114317,109.54453910716856,1.229672003521526,ai_generated
0.9503870010375977,1.1755910235982647,1.6844206240094821,0.9061656075635401,4.87249755859375,88.18849091973755,2.72874445536402,96.52948390514359,1.1214449762785859,ai_generated
0.9544998407363892,1.1930364899156816,2.1459760735823528,0.9962331636463412,5.3139801025390625,127.95476571604347,2.579202517549157,108.95778687970561,1.0920552921728843,ai_generated
0.9926705956459045,1.2323415252166774,2.115624983023759,1.0,3.652496337890625,266.12413437127003,125642501.83105469,107.05308660926057,1.10711655999986,ai_generated
0.9533339142799377,1.155563578995279,1.8627547384261323,0.927431774649637,2.209747314453125,118.43706201845878,4.329735279553333,102.02683203477639,1.1004802454830023,ai_generated
0.9881370663642883,1.1955540024694247,1.789245599921044,0.8893624975740236,4.451263427734375,137.67327408174418,5.013057152809681,101.91236205595351,1.1435436866730015,ai_generated
0.8943319320678711,1.1266107721204568,1.8561195097497636,0.9997615778776133,4.66131591796875,108.10317067410696,1.9153817747366135,105.37062426523867,1.1794841214865892,ai_generated
0.9239064455032349,1.2137629005888106,2.0509456175314273,0.9982755513124838,4.9614715576171875,133.38201686298484,2.8611158856742565,100.5780304056421,1.1120436433940781,ai_generated
0.8842610120773315,1.0923512466822805,1.8880653922286819,0.9884556504031975,4.2835845947265625,151.84712356507802,3.3905847841592913,116.37387366862596,1.088524018454153,ai_generated
0.9196527004241943,1.1154594587491011,1.8715654469380998,0.9475144808898206,5.4328765869140625,121.88249842845745,6.357934582073345,115.36204045322334,1.1927219408065017,ai_generated
0.9311548471450806,1.0692519202800228,2.038558670947298,0.9947972108070222,3.8986053466796875,128.9319787521001,2.9888590530195067,100.43423140823322,1.2581440673628645,ai_generated
0.9267749190330505,1.1163102505091027,1.878636599226396,0.9966840590109863,2.581024169921875,91.66299618247251,4.796787577573954,80.73623766807168,1.1681909364771221,ai_generated
0.9678769111633301,1.1048002989430654,1.7052714669067404,0.9987823489011003,3.683258056640625,248.40499107946698,16.116887114000345,114.299193353617,1.1306553133282922,ai_generated
0.9974414706230164,1.1355314355184503,2.3661985981542824,0.979746903726296,4.951385498046875,264.59068965637493,652.6866099231887,124.09977309684865,1.3174345570527297,ai_generated
0.9787397980690002,1.1805745887892203,2.0838069798794487,0.9864362639671269,3.099334716796875,164.68654999027692,4.246719950577242,118.21172348900187,1.078405453568359,ai_generated
0.8918709754943848,1.1548827090492357,2.5003374170232577,0.999664415910374,3.400238037109375,96.5930878156582,4.584314143288905,104.93896862708526,1.1999867191525337,ai_generated
0.8958576917648315,1.057728717512294,1.8951536616426237,1.0,3.7014617919921875,132.13334690062328,2.044834315813463,103.17415868027096,1.2851971528585693,ai_generated
0.9868873953819275,1.1622254350063344,2.0332172528427566,0.9608357491445901,5.1261138916015625,102.36057987665255,2.108986880314204,104.86453781725562,1.2125883518393592,ai_generated
0.9312235713005066,1.1037549740768253,2.0054600138255942,0.9898263206267461,4.1304168701171875,104.50146984559458,8.615523489565334,107.94672460081766,1.14480559739729,ai_generated
0.9481511116027832,1.1600504564886185,1.8779975024469702,0.9566373564808565,4.488189697265625,98.55413259761687,3.0827106852943342,111.8859653889236,1.156382754310162,ai_generated
0.8655794858932495,1.1924024011234196,2.017824237510606,0.9948837467350687,3.8495635986328125,97.911977170853,2.523348790464772,104.09567364439687,1.1123532549561161,ai_generated
0.8438743948936462,1.15830759108384,2.270864929227138,0.9973698401865506,3.4076385498046875,94.4030754159136,14.646717286688501,102.48265442056884,1.1764000206015897,ai_generated
0.9195705056190491,1.136662534822112,1.9209640383217594,0.9931144659658023,3.0216217041015625,103.343891881599,5.744677764210897,82.26978030918485,1.1068534415522977,ai_generated
0.9972440600395203,0.9981575394780946,2.145388525929095,0.9771177414580433,2.0851593017578125,194.94479281699768,9.52102695683516,105.87599273960086,1.0371048497348025,ai_generated
0.931462287902832,1.1618454700293097,1.8657250132440273,0.9983940578169596,3.3228302001953125,123.16447067083942,2.367958513237173,107.95128400442248,1.215948296164498,ai_generated
0.9975382685661316,1.1114424827547407,1.9742751775165983,0.9988065553053093,3.6343231201171875,141.25658558519544,2.808194919289517,79.8413591701939,1.1376265785995194,ai_generated
0.9249953031539917,1.1965259094736145,1.972395618483657,0.9894279206616496,4.0720672607421875,155.1079642991128,2.9076934180670087,103.73946981897599,1.193242793856551,ai_generated
0.9682022929191589,1.0724752411214589,2.0606157421023963,0.8658150462908298,3.9109344482421875,149.48754699414988,3.7607718575572635,94.02239084094631,1.18467393639995,ai_generated
0.993975818157196,1.088124129093908,2.003810116664699,0.9957933354090616,4.7791900634765625,224.5749708407354,133.8175001187869,115.21911658788632,1.0962274625681583,ai_generated
0.9332572221755981,1.1247845114655173,1.7936903144894882,0.9917065203378918,4.688720703125,70.8840574016863,3.138284447714351,83.4180553323667,1.2820390531057595,ai_generated
0.9374993443489075,1.1138684360133462,2.2387314988516,0.9966700616815319,4.9117889404296875,129.17834529853928,3.9914029282353205,109.21896349011645,1.1910145559594667,ai_generated
0.9587571024894714,1.144328175894887,1.8652109173560576,0.9919083855670885,4.1399078369140625,120.02324836506686,1.8260004159675056,101.54156252993546,1.1779641554886908,ai_generated
0.9996353387832642,1.2478340432692807,1.8826693962776178,0.94943379984969,3.102203369140625,249.8645504533253,219.27218541373765,72.67638723909724,1.066648869784635,ai_generated
0.8681567311286926,1.1579975344806908,1.8644228624671089,0.9995068222175711,6.5334014892578125,96.9950685766283,3.755791287214696,112.37586928084974,1.242098599299731,ai_generated
0.9984203577041626,1.1438968182149016,1.6931411090909292,0.9654240820880254,3.342498779296875,102.32085637108585,3.025952025708711,110.14213796017319,1.1531693195461223,ai_generated
0.9341930150985718,1.1320408548991514,1.885616831204973,0.9830541355068958,3.2410125732421875,122.8054358887155,2.883892690459015,93.13701845821515,1.1370163424426623,ai_generated
0.9011852145195007,1.061628593166423,2.114832873593094,0.9982793004607622,6.210906982421875,137.28819175481195,2.7215061957297273,112.19734184594674,1.1144175881300988,ai_generated
0.9314650297164917,1.0661081274445963,2.095584454286101,0.8430740424022602,2.9971160888671875,112.78963370281565,3.0856428854193347,93.09220829008662,1.141289202979706,ai_generated
0.9067816734313965,1.0781143205993404,1.8164466409965203,0.8818371181903211,4.9926300048828125,211.523220844703,4.759932082765099,130.15757101851565,1.1758916791508671,ai_generated
0.917022705078125,1.1183211574465703,1.8521155832006357,0.8937528096427394,5.0013885498046875,173.63254590260365,3.0262867120631167,114.67047208512328,1.2688223677460755,ai_generated
0.8960007429122925,1.102636776250647,2.0245319435450924,1.0,4.5919952392578125,115.32397653495795,1.9187131229594132,116.82536137693992,1.1842087069483773,ai_generated
0.9391638040542603,1.14943333113881,1.803686200656001,0.9082819223194419,6.034271240234375,146.53402445113892,2.5783719535899694,96.09661374542156,1.103813388240611,ai_generated
0.8492031097412109,1.1369292535262328,1.8236114952809581,0.9045500915114117,4.0444793701171875,132.71873423830561,2.239330727457418,96.38552048386298,1.1337176898797168,ai_generated
0.9796979427337646,1.2530289138797308,2.195277409822103,1.0,3.7881317138671875,157.85606406442741,3.8759618126149564,104.09113345639385,1.2557401365377912,ai_generated
0.8988823294639587,1.2380005563679841,2.3169201558746724,1.0,2.9654693603515625,122.28231132043697,3.3994782361414204,101.95760515136622,1.0911070064736488,ai_generated
0.9869095683097839,1.2608402237940222,2.0603316594211325,0.992932111597657,2.881622314453125,132.09985660491841,25.42078000547571,77.7065226801069,1.2122463927722684,ai_generated
0.9935078620910645,1.1768980511879752,1.6667909601550424,0.9140411331375431,4.802093505859375,87.35029828225396,2.46829687237448,93.94492250985112,1.135217616442952,ai_generated
0.9916466474533081,1.1277065379334676,2.1950381839041997,1.0,4.51385498046875,179.86572896096615,2.964709511617208,102.57476230539734,1.2389199618625724,ai_generated
0.9992181062698364,1.1591884596804463,1.966469899429701,1.0,4.9489593505859375,103.02369492229279,3.3481051161591306,109.3622074948201,1.1122385601871592,ai_generated
0.8637282252311707,1.1761264556323574,2.014872054947526,1.0,3.92645263671875,100.23163920311875,3.0142071785464473,104.16944151972665,1.172657379538921,ai_generated
0.9147987961769104,1.2362898410072296,2.241968141711662,0.9985178211699528,4.082916259765625,124.98343191703376,5.636176735007999,103.59035746974546,1.1398265015825786,ai_generated
0.9927478432655334,1.1178679507784377,1.9462321424465923,0.997276345610889,5.1839752197265625,161.25270037138074,2.889347900418451,109.78121671328869,1.142659931764742,ai_generated
0.997093677520752,1.0330872121817327,1.9923506289349275,0.9966573470009095,3.9794921875,181.22765778785447,122.65020066412696,82.62767969825194,1.109257311820834,ai_generated
0.9052048325538635,1.1651065030231278,1.8143681067624027,1.0,5.7982025146484375,147.97100935716003,2.4955304984700275,111.92149772717025,1.157008004272618,ai_generated
0.84808349609375,1.227553551593074,1.8542871779940404,0.9997483972214639,4.6589813232421875,132.04632392695032,2.239994913739478,98.71861608622491,1.1543651546858016,ai_generated
0.8867090940475464,1.219043306780453,1.9001308617345913,0.9856242923318682,3.48822021484375,95.42306792227174,2.28683359265881,108.34185313117497,1.1858182128569668,ai_generated
0.8990151882171631,1.1652827527169287,1.782924787968065,0.988221099598592,5.54608154296875,116.78774621982875,6.792292125426501,99.30803018107967,1.1312834217947327,ai_generated
0.9961743354797363,1.200073306206424,2.2294346882299014,0.9989734885998824,3.713592529296875,313.9322104043372,424.6884416584186,148.79217365807,1.082445915752247,ai_generated
0.9296059608459473,1.2092989523657671,2.0171942909229155,0.9974206321249931,5.620086669921875,142.88723071771017,2.825868186371214,116.2178648833427,1.1403337293887064,ai_generated
0.8509219884872437,1.1584648413842074,2.1350463010336393,0.9647564414540775,3.61871337890625,103.6469363002275,12.692032748086072,90.58479136230946,1.1890693640928207,ai_generated
0.847230851650238,1.1132822415377575,1.830471941174906,0.999266516860106,4.4046173095703125,116.99701845328049,1.8335654793516039,102.38146891778975,1.0754227977957913,ai_generated
0.9980041980743408,1.0639494212003475,2.101748359190774,0.9989039033970337,5.7164154052734375,187.69682675731525,4.982912186450551,111.42257041147566,1.2955054402050534,ai_generated
0.98111492395401,1.1272631232412877,1.7500493861505684,0.9808091128928377,4.530731201171875,94.43753950018588,2.5783585920731182,101.75085274740134,1.1225100228927876,ai_generated
0.9303476214408875,1.1560871826461492,1.8894486136474915,0.9949337698007804,4.021392822265625,85.33386905302162,3.0523068364784556,96.60159238169909,1.232845571141887,ai_generated
0.8718209266662598,1.1339598890136984,1.9220056328971347,1.0,3.46942138671875,106.1348900421719,2.340213284240216,99.04883795997418,1.1006020163219346,ai_generated
0.8576791882514954,1.1253680421520456,2.2365200040584385,0.9999623073308372,6.041290283203125,91.03254671403327,3.67623064886228,92.02217279635109,1.1531849444105764,ai_generated
0.9049892425537109,1.1705206815365654,2.2399047365037896,0.9731182488978224,3.66064453125,179.80373789359984,5.049760300711574,109.28252610793122,1.2645371167529427,ai_generated
0.9308534860610962,1.0854554229695967,1.852736234366331,0.9999993122653003,3.995849609375,173.06777986581207,4.547323780844964,98.15044462720786,1.0629093615231369,ai_generated
0.9361733198165894,1.132159471599862,2.0140085043870837,0.8799168417478912,3.7709503173828125,123.71897867510769,7.052055439796642,102.03657405278308,1.0965094860708746,ai_generated
0.9453286528587341,1.1528995414679273,2.0631802319216823,0.9987176298067951,3.8162841796875,125.94299656923057,3.8494723135964914,112.81283743472726,1.1641526858748017,ai_generated
0.9386529326438904,1.1483314610560738,1.681883966147961,0.8463377218725229,3.0975799560546875,209.5713298017141,3.6751960232636485,109.63685169180683,1.0654692540532864,ai_generated
0.8780136704444885,1.1817673714449672,1.8334719726437272,0.9863712064543706,4.402923583984375,106.72503205297609,1.796283425754775,120.18760847329763,1.152711810215858,ai_generated
0.9980483055114746,1.2400671992261791,2.401471892308134,0.9980674065052696,4.3538818359375,237.15330374863413,15.507619121468887,108.90039135208862,1.1825415552947018,ai_generated
0.8821701407432556,1.0718774920226752,2.117210289128143,1.0,5.6583251953125,118.70811459761485,1.9976897958077584,105.27875808083894,1.1583051476241082,ai_generated
0.9060218930244446,1.1603552708445388,2.0083715421743795,0.9702366029319902,2.530517578125,94.68138290520663,9.953930226472199,82.12591372343161,1.1348996733005743,ai_generated
0.965623140335083,1.2146673279537907,1.8147683915783943,0.9821665209905889,4.292724609375,149.29028340848654,2.7419301976844634,104.82204159415622,1.070047323054863,ai_generated
0.927640438079834,1.0840166651298808,1.6223283527853023,0.9129648694039052,3.650848388671875,123.85863092380352,2.621691727951325,94.44552041732253,1.143589787007356,ai_generated
0.9985622763633728,1.2217069535051397,1.9875229474026832,0.995877978235643,5.2774658203125,243.95142889443744,73.73519283746556,112.188660366003,1.0973985791433445,ai_generated
0.9891171455383301,1.2076454950926607,2.2544548525480126,1.0,5.6296234130859375,179.14828939120636,3.7763081568443657,119.45509525038968,1.2271880905932235,ai_generated
0.9276145696640015,1.2076529722858325,1.8063874210896014,1.0,6.13519287109375,122.47107148658888,6.882212109176517,119.76832985293181,1.2110933721533497,ai_generated
0.9816492795944214,1.1710621857083168,2.166844739020892,0.8805909302510931,3.6729888916015625,247.48490019391016,7.606908463647935,104.70104496652297,1.186048685929135,ai_generated
0.9520137906074524,1.1968261630584442,1.743523062105641,0.960347753272282,3.7663421630859375,98.81334716440756,2.6105247666838785,77.72327967636154,1.1609984231310149,ai_generated
0.9685376286506653,1.1089004538674159,2.0425255728933487,0.8731824897100896,4.1213226318359375,120.706313702225,6.976579083855996,104.74496000100861,1.11761787143246,ai_generated
0.9203504323959351,1.2563517339770127,2.212577765339109,0.8532588432849442,3.3018646240234375,200.07774153883656,5.536135070836049,102.18309529594656,1.124235853380546,ai_generated
0.998797595500946,1.2435827188630924,2.2444223443979507,0.985059284619254,3.6996307373046875,103.47923360229676,3.8676380398164043,107.29047566350769,1.0869975097812106,ai_generated
0.8126301765441895,1.1668671053608914,2.0533538423537,0.9917678029120834,3.8236846923828125,115.25987119018113,8.194012719495358,106.26444700990983,1.2600556230334685,ai_generated
0.8986178636550903,1.1645467814971702,2.183211243379382,0.9999278979485726,2.4216156005859375,98.5825303027653,3.625625759487415,77.47335585957178,1.1945557346244295,ai_generated
0.8895022869110107,1.1299542382336618,1.8737132739527675,0.892914512239241,3.0873870849609375,95.73358918639185,9.495519887621917,90.25074470761186,1.0755331285969543,ai_generated
0.9584908485412598,1.1770718321168305,1.8445068331550767,0.8514876925492015,3.321319580078125,92.64433482901595,3.7198188998658974,92.68802426594522,1.154821578072317,ai_generated
0.9099346995353699,1.0589839287337448,1.7143960892799723,0.9740237734499012,4.69573974609375,102.09645144324986,2.9511986477851297,123.7092618096469,1.2125008294074713,ai_generated
0.8741165995597839,1.0262571120855781,2.234580497753952,1.0,5.41656494140625,110.22018596914637,5.628498012520422,102.06376182372783,1.1019323764752793,ai_generated
0.9136436581611633,1.074350491078989,2.114141437076667,0.9552628895513816,3.4219512939453125,108.61807005652294,2.7452015963779006,95.04246395434383,1.2585216630400922,ai_generated
0.8671621680259705,1.1401604675233092,1.7355584523326237,0.8785635348749764,3.9851226806640625,93.06232718400746,10.697639419191216,94.96773476679988,1.1859190101058268,ai_generated
0.9492908716201782,1.2599547341490485,2.137675710535189,0.9957191451461042,3.4468994140625,96.76871535187576,3.5632615672551617,106.24391383922483,1.0774516363705224,ai_generated
0.9127193689346313,1.3160840035739738,2.1995511370825382,0.996977751036958,5.5689239501953125,119.15009407414252,2.3770389305795088,118.61029836814832,1.1609753020102664,ai_generated
0.9521437287330627,1.0875294277620662,1.8946681045785363,0.994764282753959,4.1194915771484375,85.62290744923001,3.5397118732569584,105.54659161707767,1.0956052769425224,ai_generated
0.9975854158401489,1.1389802388459913,1.9064461975122908,0.919421903465167,3.0592498779296875,140.44089900788308,2.758638284792131,102.55358501846631,1.0797416984644157,ai_generated
0.9338045716285706,1.1485395338491036,1.7647992095340854,0.9978465942879466,5.8053131103515625,108.36854366598477,2.409457023623837,112.016815359063,1.1008558445418806,ai_generated
0.9075818061828613,1.1902580133919047,1.9653620899471227,0.9857784232782432,4.2855987548828125,193.28018870328458,4.9814452040233075,122.09292791291705,1.180360854483878,ai_generated
0.9972835779190063,1.1269784559798854,1.8446506307597619,0.9977498023784566,4.874725341796875,231.39727498720208,323.9446518736337,121.80310018154097,1.141526021041764,ai_generated
0.9075984954833984,1.2272490063627886,2.2211178776303484,0.9828445106332617,2.546875,97.79275895522873,15.519485327044213,99.20250695889182,1.0614475485931465,ai_generated
0.9642443060874939,1.1452342773155868,1.7605889269916684,0.998001499753291,4.024383544921875,177.5901558482749,4.338955539110566,109.13543021428568,1.088599999985067,ai_generated
0.985687255859375,1.06966182610798,1.6479872292754074,0.8764096016347713,3.3258819580078125,115.80313740883345,2.5599961366489974,96.77302477009921,1.0711359673864462,ai_generated
0.9880176782608032,1.0980296242369938,2.175369191331351,0.9293838803921534,3.4326629638671875,203.6792974517779,3.5876524811505712,104.03125534682553,1.1042963764111497,ai_generated
0.9982151985168457,1.139350961805198,2.1632720137529846,0.9996110063906921,6.669891357421875,235.13201422060158,717.0375889747085,78.95888464347043,1.194099214000038,ai_generated
0.9807282090187073,1.0836578826824177,1.7019647881853253,0.8800279699995064,4.90557861328125,98.61656542086757,12.552593750199062,96.49551142074799,1.0983562793969135,ai_generated
0.9560636878013611,1.152581271366766,1.8752826014901343,0.8844288814632069,4.3271484375,101.14939517425508,3.2219640791069364,101.69375681080376,1.0831850163082133,ai_generated
0.99604731798172,1.174240017311852,1.7305691281751812,0.9160748702859873,4.7947540283203125,314.53108816632937,9.370568980149873,135.8781677977815,1.105500852808375,ai_generated
0.99273681640625,1.2083545399108575,2.243418746335658,0.9948570232333582,5.808074951171875,259.0694636811257,94.35391723583768,138.4649995243009,1.1016331624768323,ai_generated
0.9204729795455933,1.156033971692935,2.081284882366705,0.9999981804747402,6.45257568359375,94.04357677911753,1.958618325575137,90.52080940550405,1.2537794695158042,ai_generated
0.997785210609436,1.1379359504711408,1.7180696863314653,0.999999462172827,5.220245361328125,219.89848182300727,13.153882065001955,128.76496452175797,1.0956975385625598,ai_generated
0.952987015247345,1.2337449875889126,2.0687591831084187,1.0,6.02154541015625,100.01105619787513,4.116158523128531,118.4081969722848,1.154041709252007,ai_generated
0.9151384830474854,1.202563940897595,2.0963926711212744,0.9997359424126705,4.888946533203125,97.96252482260464,9.317962579308558,91.05407908607457,1.24495682993633,ai_generated
0.9163641929626465,0.9666539579637002,2.4139859511651074,0.8407994914850603,2.26971435546875,199.20415655868476,6.928397654473059,117.7108624915868,1.1508756050545974,ai_generated
0.9514827728271484,1.2095207312578917,1.8538021024470988,0.8957868849377164,4.3085174560546875,101.68637462098336,2.5890381833224714,109.16168032346903,1.1748122014655,ai_generated
0.9087685346603394,1.1448159030675948,1.9346294040492535,1.0,4.4033050537109375,103.28532225651874,2.595073113349304,103.41897277555269,1.2695167964464404,ai_generated
0.9194411635398865,1.170632419664429,1.993491039338711,0.9999997492134755,3.8900299072265625,100.21185636215388,2.1654389924389297,94.25772489398035,1.114345090035356,ai_generated
0.9536740779876709,1.1123806372378657,1.700754968040173,0.9965053307935546,5.066802978515625,187.23696872328028,5.894318309942411,94.54797253486912,1.1846532082783048,ai_generated
0.9850205183029175,1.2067950745892566,2.111996540478557,0.9969594247525743,2.5741424560546875,153.95070814851178,4.48935992620358,85.64780875356081,1.273300371916776,ai_generated
0.9942699670791626,1.2121739751647969,2.0577828097413935,0.9992983270636474,4.9941558837890625,310.61527533838165,365.4064808866046,163.4277748819919,1.1967891564035056,ai_generated
0.9202183485031128,1.2183851712814333,1.9040927833200678,0.9159810265424501,5.165069580078125,172.03663774436038,2.912369892011904,109.96060852416132,1.1978048941046924,ai_generated
0.994304895401001,1.0798117349591851,1.9695043912812649,0.9341177930512435,5.0920867919921875,294.87655446896935,5.239674906103161,132.2366777312632,1.1105614957294552,ai_generated
0.9916449785232544,1.2836560240934978,2.1995825839639616,0.8980455025459968,3.7210845947265625,286.3728722927356,6.441102165457894,142.6301535461663,1.25076588867795,ai_generated
0.9461179971694946,1.195933082867995,1.9601584079440775,0.9994999531699967,4.78216552734375,124.06421007219967,2.9201821035503954,109.40424707608048,1.289129161363293,ai_generated
0.8593823909759521,1.167000599754812,2.1474304304135288,0.9974895924245092,4.7351531982421875,95.73567178807563,3.004819014117025,113.30597579983844,1.184125636059736,ai_generated
0.9549569487571716,1.090783329994111,1.9199867814115212,0.8938381746267025,3.8841705322265625,122.75338688454215,2.570395741294179,96.89820620109047,1.3076949016068444,ai_generated
0.899168848991394,1.1454573532814523,1.9508907519029868,0.9988799566411964,4.6303558349609375,97.30698976590989,2.322656813483925,100.49742215765843,1.2643108196075663,ai_generated
0.9591987133026123,1.0530671182108169,1.863723553910287,0.9950521705220193,2.4933013916015625,124.24430554641361,2.6761712915511726,113.72612849151335,1.0588268556477216,ai_generated
0.9362797141075134,1.229950760662933,2.0579282853024217,1.0,4.207763671875,195.29146630746104,6.8680721973398855,115.64433061090259,1.0718990456574495,ai_generated
0.8912532925605774,1.1751030349998794,1.7847302872297381,0.9757937626879122,6.0812530517578125,102.98844990013644,2.372581140992293,69.1406633787018,1.1229291768062322,ai_generated
0.9550037384033203,1.0009465699968674,1.96470799609617,0.9932844617932034,3.9020538330078125,232.74037241320806,13.846341647051853,116.2110188819257,1.1296208618227168,ai_generated
0.9795510768890381,1.122586198384311,1.9862034464048364,0.9957740745940844,5.216522216796875,101.62634786301166,2.4413706602742375,112.19038666284243,1.1739002702405594,ai_generated
0.8831204771995544,1.1595475361047156,1.8553795158623607,0.9996243247827725,4.3589935302734375,104.94415753578555,3.8633020885186893,101.55825004467859,1.2119238223283137,ai_generated
0.868509829044342,1.1875829980963453,1.9742772946419245,0.9960507641986647,5.3256683349609375,93.19554777299889,2.405634928466677,87.75762580135424,1.1561016355672993,ai_generated
0.9918611645698547,1.157785987575192,1.7653758300827955,0.9999356932792821,4.014434814453125,132.79132951044434,4.513892661984564,80.92049450337822,1.1030862114574094,ai_generated
0.9868512153625488,1.1562089915302431,1.901014799026675,0.9906316782680732,2.7494964599609375,141.7167002989683,22.61162650614153,63.126266399657325,1.0750654733397347,ai_generated
0.8699608445167542,1.1446279773416652,2.3275669214740984,0.8820736201425735,3.0657806396484375,88.0265547763173,4.828869659037803,85.21697602507297,1.3258505770759237,ai_generated
0.9853910207748413,1.0849033806012338,1.8266771332830958,0.8611561377676341,2.4403076171875,254.75917806030043,4.765569170050628,108.11382993171215,1.0788268693577798,ai_generated
0.9509975910186768,1.1943082500349915,1.6286597261022595,0.880133996003302,4.3254852294921875,222.3628092948039,5.118322372764466,106.390586865154,1.1221526104121082,ai_generated
0.8747723698616028,1.1629276978535432,1.6968941475788062,0.9996931591606749,4.62994384765625,119.78856851026053,2.0816451289222564,103.07364168415441,1.119118722868891,ai_generated
0.9927061200141907,1.074900678357433,1.6512552668342935,0.9021351833320176,3.7193145751953125,100.44546629818002,7.5750714152096466,81.53046566209058,1.2536861048262629,ai_edit
0.9433751106262207,1.1226010048265092,2.0336458607622556,0.9945139274841449,3.8314971923828125,74.21348496296223,4.960468822188985,67.48985777605671,1.1370505234547457,ai_edit
0.8639928102493286,1.2389287772702253,2.3652528757574784,1.0,4.1449737548828125,99.57908170190038,2.34992241665169,95.35885727052434,1.2665158608013434,ai_edit
0.910368800163269,1.1993248188732164,1.8014392403677395,0.9129596252440544,4.114990234375,130.1408454124965,2.8464595968205164,86.94246049439676,1.0819925625853783,ai_edit
0.9918372631072998,1.1488374293950208,1.6759380509736184,0.9051806799688593,5.9444580078125,81.61886491013507,3.2798143632130294,88.87227410581586,1.217750673213813,ai_edit
0.8664472103118896,1.1273946609209042,2.409195649201439,0.994380785824172,3.98370361328125,99.01375364363322,3.951027549604585,71.77959760789375,1.293679251022479,ai_edit
0.986531674861908,1.1987127450921915,1.8456692600390092,0.8611072062266885,3.037567138671875,230.16368224749277,4.741753512599077,89.71332113691761,1.164659579077153,ai_edit
0.8978819847106934,1.1295437571783413,1.9848824408203525,1.0,4.285003662109375,90.71861299419659,8.788000723804714,82.22106925574413,1.2976735905618317,ai_edit
0.9578019380569458,1.176615762162424,2.439794763493287,0.9906820577808642,3.1614227294921875,105.16978379953193,3.6379177105842166,106.04976164732902,1.343812947311188,ai_edit
0.9995750784873962,1.1850296239979923,1.9602950787966469,0.8688855164002344,3.832763671875,241.23911040125043,33.31783537671631,67.08914249541657,1.112553443337591,ai_edit
0.9110078811645508,1.2033438883455603,1.8149085535883744,0.8826087851541897,2.9394683837890625,107.16316199563228,2.888649435282136,94.90326974399969,1.1262505832185736,ai_edit
0.9103453755378723,1.1725811052739097,2.0566606926830158,1.0,4.732818603515625,97.44309015169813,2.6385423333673446,94.25050781436394,1.2785329194241322,ai_edit
0.9968398809432983,1.1174791193115539,1.7816320681837468,0.8788382140751565,3.841766357421875,96.40405365941021,2.32649793024263,83.74722489615425,1.238832056624434,ai_edit
0.9942262172698975,1.2239023097696453,2.194612297465643,0.9887959323487987,4.881927490234375,181.37889309547785,323.25533676849466,72.36109559013286,1.1735832762519502,ai_edit
0.9972606301307678,1.140411528332435,1.8149716925794823,0.9999835988481212,4.5813446044921875,196.83473972935568,12.333198385109196,92.59671632360188,1.1303591797612744,ai_edit
0.9999240636825562,1.1699505103830803,1.9814371182298716,1.0,3.8736572265625,249.82322465704615,3649.519283209973,78.38949732277148,1.2699616036617534,ai_edit
0.9732170701026917,1.1896732124209364,2.1366225458467585,0.9062026268886902,5.41180419921875,93.28826646256586,3.179060871660492,90.65094872714094,1.2322606023968945,ai_edit
0.9537966251373291,1.2098901163450957,2.1082437031036747,0.9785573722141095,4.982940673828125,196.57857632014858,6.752449331137801,98.87711162260463,1.19683152699359,ai_edit
0.9774492979049683,1.1543360530165783,1.9026992763494028,0.999801932928547,4.5892333984375,96.80177571701613,7.877952110475713,92.30479856024917,1.1808650087963757,ai_edit
0.9729186296463013,1.1616048553973493,2.034149334439007,0.9743739404750665,2.758056640625,169.97494067113814,31.48812453593227,71.07645251942964,1.0639267560391945,ai_edit
0.908873438835144,1.200991817578676,2.386877309020969,0.9999991401156096,1.43743896484375,131.96848219108062,4.6680163650934245,101.8000978149084,1.0409964186572327,ai_edit
0.9931841492652893,1.2547935468348437,1.972885730386689,0.8788823488189023,3.91583251953125,286.634831643177,4.1259133461227995,116.76121421381931,1.0793239624000743,ai_edit
0.9057493209838867,1.100883396503269,2.267916925955062,0.9951932521815694,5.216461181640625,90.05728518481929,2.814606049716451,62.92806081902748,1.3441109245539262,ai_edit
0.9461656808853149,1.0556044111917917,2.147876963721938,0.9040947007378083,2.8405609130859375,162.53656430873812,3.2256092208775415,97.86030883549394,1.1859878039976237,ai_edit
0.9435238838195801,1.15900319055708,1.7569930250055332,0.8184451046745708,4.209747314453125,180.83224476965526,3.614746750161312,83.93244668220233,1.0510832164296504,ai_edit
0.8744137287139893,1.121093212877698,1.8510569912776749,1.0,6.2639312744140625,86.05782681990036,2.896704170403173,91.01686950530313,1.1442888606206794,ai_edit
0.8806558847427368,1.2175812502217602,1.9339357977567704,0.9941163933692277,4.7603759765625,86.36554964847075,2.3775480605480537,73.81243241533171,1.0867610835049826,ai_edit
0.8984435796737671,1.2031240283759042,2.1460236947014986,0.9954018621110242,3.50445556640625,64.20112514209605,3.238115489587617,72.8946358518439,1.3669689600187687,ai_edit
0.8674268126487732,1.2170802358874087,1.7518988375384776,0.9932446777063334,3.7810821533203125,81.69587810540406,2.6132020824819207,69.2551057861579,1.1310554211773274,ai_edit
0.9952053427696228,1.2183646912642303,2.274363253931809,0.9964068791857329,4.72833251953125,162.78438478516065,30.721904229677172,89.74834209212135,1.2412934756773026,ai_edit
0.8868556618690491,1.1405094118667756,1.9197222232584932,0.9975064925017584,4.5944061279296875,139.11884555956792,3.577168656161156,83.99476730329575,1.1383281148320892,ai_edit
0.9786846041679382,1.0760575341354444,2.301246114575515,0.9996873268400065,4.267059326171875,93.83952651350268,2.6974031900493647,93.9804033372886,1.1281061610413738,ai_edit
0.8518717288970947,1.2146480355726328,1.8825220580742226,0.9212912609571762,4.1241912841796875,127.81630506196898,2.4602505757512314,93.62851142694913,1.0836447594891245,ai_edit
0.9990148544311523,1.113502131923649,2.082290255390538,1.0,5.71844482421875,171.58409853156465,5.020472754901141,119.71246719193593,1.2483927722056518,ai_edit
0.9984742999076843,1.0983045798466018,1.878064594590558,0.9948480828992735,5.9619903564453125,202.31653948876888,307.3949688134522,70.63429890783634,1.1465817192429881,ai_edit
0.8901984691619873,1.0684125951763852,1.9724449222209401,0.974108277498074,3.46630859375,75.61566124619803,4.740027617635806,59.98229666222336,1.0687268668297014,ai_edit
0.9163013696670532,1.122409046891356,1.7915242640012068,0.9936559987862436,3.7112579345703125,101.83518984344511,2.5205510204487074,75.69666563875566,1.0916148011873335,ai_edit
0.9032074809074402,1.0453731255722822,2.1587767617662594,0.9973776726884773,4.3501129150390625,109.87860610080354,2.528122765074889,106.17218171641777,1.0896536878394665,ai_edit
0.871437132358551,1.1297534388211161,1.7100411643936362,1.0,5.0311279296875,84.84572656105489,2.7691318799680347,89.60095513045444,1.1838345714554979,ai_edit
0.9524044394493103,1.1730660292539739,1.918657376934908,0.9828143468924548,4.535888671875,83.86377110856475,2.684616844473966,91.98539547319137,1.204663141785823,ai_edit
0.9210033416748047,1.1564873943454728,2.044204190517045,0.9999992192059917,2.8135833740234375,105.31069174271354,3.0976909767637024,85.8031698593032,1.0904688600822494,ai_edit
0.9590943455696106,1.1432903240983712,1.9325463500704094,0.8853291283104119,4.388580322265625,201.19154859298695,5.339919162478682,99.23019276210958,1.2241467237915244,ai_edit
0.9274181127548218,1.1053439381605623,1.6661476288210122,0.9811304965709655,4.7360076904296875,88.00970449888386,3.3811685905524,105.49515387815721,1.1323409433868927,ai_edit
0.9871194362640381,1.0904824333748933,1.7219273226970229,0.8916705587591801,4.4752197265625,237.8003628432347,5.529045549857683,97.41274754703268,1.1698323538604516,ai_edit
0.9008187651634216,1.1750525223857546,1.9052771956427463,0.9790507356647066,2.524505615234375,72.03522485011275,4.169965131607811,66.26657050138911,1.058274122937244,ai_edit
0.9510641098022461,1.0929770587849856,1.983204239958463,0.9994345599053714,2.475250244140625,105.781702575954,3.4245039655896226,89.29119387475187,1.1547490233865274,ai_edit
0.9197869300842285,1.227472496429783,2.0426008198608474,0.9787238812997109,3.7954559326171875,89.24215922998089,2.073508667439892,77.21279472098121,1.1687523203752672,ai_edit
0.8879212737083435,1.1524727661348733,2.076281582876765,0.9998752079944657,3.26153564453125,96.26914300374015,5.438864305137271,78.01771499688896,1.2456993015583466,ai_edit
0.9160981178283691,1.2109523360329888,2.2939322014120553,1.0,3.6516265869140625,120.0352229738672,3.9672514704679087,84.479831430534,1.2703367810332984,ai_edit
0.9025479555130005,1.200733705707939,2.20354279256761,0.994503217819914,3.2412261962890625,63.48772018437821,4.2252944478630265,65.86778709765728,1.0982864723640318,ai_edit
0.8724055886268616,1.2122906609069644,2.3147131783124366,1.0,4.829071044921875,130.32496478208913,3.92397628846393,108.20051276306538,1.1118554462016348,ai_edit
0.9497412443161011,1.1439993136388678,1.8712502560104727,0.9215718292322185,7.269805908203125,202.16885702557803,3.5087770443417092,113.3067877240621,1.1141924183307967,ai_edit
0.90743088722229,1.2539963742819233,2.1872037430382183,0.9979787339454282,5.32098388671875,87.41837711021795,2.5246485637444347,88.63022241181872,1.1120366212952932,ai_edit
0.9968145489692688,1.145383635727351,1.9124063347430822,0.9966342728042875,5.0166778564453125,163.4482955036036,51.5450250182021,79.94922233706521,1.0968254164157354,ai_edit
0.9610220789909363,1.1810496626656624,1.9209900942047389,0.9005634243338482,6.296539306640625,217.25900523309505,5.223568516605419,111.64878821889415,1.1750184684084741,ai_edit
0.85727858543396,1.2243819502950137,2.0624508274829005,0.9910298292416684,3.4127197265625,85.46381583983502,5.520514959515,58.49539856771065,1.0816486248010722,ai_edit
0.9700049161911011,1.1567378689358896,1.6853866419851076,1.0,5.8342742919921875,142.8163897517653,3.107416564718183,98.65908599828494,1.1188363156557002,ai_edit
0.9010859727859497,1.0677899314951471,1.9015940454540652,0.99766589282128,3.4999237060546875,86.57411874964134,3.1463487171168247,90.0515107060232,1.1204599163691602,ai_edit
0.9015771746635437,1.1069790850446641,2.02648834061636,0.9378226127563225,5.1892547607421875,151.15811554717618,2.7061734385007985,90.20692695612506,1.1545028720493067,ai_edit
0.9199967384338379,1.2067730014341338,2.0456594294551875,0.9991994381006404,5.4176483154296875,88.53401059194142,5.600047920177014,79.07782457566294,1.1023053430436247,ai_edit
0.9991255402565002,1.0886479746923834,2.2982483519440335,0.9943668274951637,4.88543701171875,177.5735212052108,7.325229340240122,109.98757596736496,1.1872498689441773,ai_edit
0.9936472177505493,1.1061218044477643,2.293044144222824,1.0,4.1135406494140625,241.01571024247482,110.96484610347086,116.31271542178276,1.202771694221816,ai_edit
0.9236689209938049,1.2066965942234962,2.0330533004370475,0.9103622190618309,5.291748046875,85.2202212764937,2.9391291455966964,84.94167081940984,1.183683329224313,ai_edit
0.9484910368919373,1.0732359233599869,1.9341426101692167,0.9974736224122553,4.4596710205078125,120.66413440804628,3.2266895152012585,94.7749051110321,1.2280108995500174,ai_edit
0.9991640448570251,1.2357064296208853,2.133526568242363,0.9986556914251258,3.4196624755859375,211.12380815683844,239.24720607957084,63.86231155235931,1.1371477201217977,ai_edit
0.9718037843704224,1.188972037912856,2.2658445531708638,0.9024135538376002,3.3424835205078125,82.18954469105616,4.703104304245097,83.23957736727995,1.224020289243958,ai_edit
0.9629702568054199,1.2109900282965933,1.9988827611643718,0.9998187901570903,3.16552734375,76.67850320458184,5.174994992814249,83.9816686377769,1.1514478907473906,ai_edit
0.9575586915016174,1.1941665237141417,2.218944082890285,0.9961628049440308,5.026580810546875,107.12784035280593,3.8145606942847605,84.34806380717208,1.1536282004604712,ai_edit
0.9518367648124695,1.1921852077243795,1.936865713704185,0.9973845992434947,5.09783935546875,88.08743515878112,8.633591876187687,82.04301990820275,1.1938940990433844,ai_edit
0.8312719464302063,1.1739111837842495,2.05103586598472,0.9999999335942444,5.9728546142578125,82.75241321529171,2.4893573494938606,78.68333667567676,1.1155835709011577,ai_edit
0.9425743818283081,1.192322883327484,1.9383155351866366,1.0,5.016845703125,90.19847275873538,2.6643242200586794,91.13625038562473,1.3036646200786322,ai_edit
0.9602031707763672,1.1312714001484836,1.7654244237256935,0.8945838128961138,5.4734954833984375,204.36364069269592,4.524793182880028,112.2830492535359,1.0829972236333745,ai_edit
0.9975112676620483,1.2330062990907646,2.2740862711788936,1.0,6.057861328125,203.83885384699147,16.99024435121102,123.8256472432762,1.1239012183524009,ai_edit
0.9819287061691284,1.1476328799487465,2.1031163259412917,0.8729772229423101,2.834808349609375,226.79699761317755,5.538571422827709,86.19820021943106,1.0903268613249515,ai_edit
0.9854975938796997,1.1698005916913887,1.9854391565219145,0.9972442194782685,2.8367156982421875,129.8209072384792,5.075594079650243,81.93947228462726,1.1227440782630165,ai_edit
0.8807584047317505,1.1882227556912601,1.9470296463284338,0.994349519391861,3.63311767578125,74.11702039199672,9.769460716352539,79.31073144200593,1.1277186180626013,ai_edit
0.9132306575775146,1.1374964972201638,1.7528877459147187,0.9136234150024649,4.5082550048828125,120.88295116080675,2.336655781216517,85.12409355454764,1.066473789775468,ai_edit
0.9904086589813232,1.2396901695105993,2.1201113582596753,0.9996092873774015,4.59344482421875,89.21052118918242,3.070355409607393,86.78410332734627,1.1988303132660056,ai_edit
0.9990297555923462,1.1936968323700985,2.164526086037223,1.0,3.74395751953125,102.69186610009095,2.52536422043254,97.27526890946334,1.07251988272646,ai_edit
0.9010244607925415,1.1570796095923594,2.0154487691273313,1.0,3.3465423583984375,92.11139114506709,3.173553238679293,87.93733562895117,1.2958202648026091,ai_edit
0.9114623665809631,1.1154315735501201,1.7482030917642386,0.9973619953908136,3.4386138916015625,95.42014989743177,7.410765308396808,87.28003242389983,1.230623944793524,ai_edit
0.9190398454666138,1.07925833706328,2.023079972355401,0.9087327877861691,5.160614013671875,109.89774582218686,7.815475645486175,97.82946024773634,1.2230254435977803,ai_edit
0.8575354814529419,1.2076930598965043,1.840060593157269,0.9996039350946321,4.837677001953125,118.03808572240848,2.8351238356030417,91.96687845776906,1.131896607273063,ai_edit
0.9086217880249023,1.09885483679248,1.7487983540755516,0.9951851906147857,4.291595458984375,129.21966365459113,2.536717372812479,93.3404585353115,1.0877544463563356,ai_edit
0.9006555080413818,1.148422374149157,1.93967877593843,0.9939008218435414,4.3438262939453125,111.7048103213236,1.9577901074840764,96.09857964042027,1.0934763122996187,ai_edit
0.853514552116394,1.0712300589905366,2.045947390663006,0.9959758276935938,2.666259765625,88.59541432679711,3.05662755184054,85.28208938662912,1.107557833108886,ai_edit
0.9972473382949829,1.2120813921720759,2.12090834437207,0.998745407572509,6.75128173828125,260.89607860330347,236.11725780172955,121.26586368438072,1.1587895669807602,ai_edit
0.8509893417358398,1.1205976394572674,1.9953897420239552,0.9833494661678946,3.64617919921875,115.72822364125479,2.7907918600856365,83.05256518343566,1.102689810281153,ai_edit
0.9019452929496765,1.1627982100272676,1.9267229786489688,0.8866631935489893,4.32354736328125,142.011930301286,4.071802158043033,85.18859569697382,1.1649913886501648,ai_edit
0.9408244490623474,1.277534159063721,2.172630743081396,0.9925679183872942,3.335845947265625,77.0498057568127,16.00373159143138,73.1710322242691,1.094846566784137,ai_edit
0.9135622978210449,1.1528832234217734,2.0371796564314137,0.9999982387308991,3.778900146484375,87.31561556297811,2.5362744684619343,87.13955052503184,1.1209655000750225,ai_edit
1.000002145767212,1.1282354589546844,2.1568457526177225,1.0,4.1142425537109375,106.23847096343269,11.828150007484254,99.62382137461626,1.1778439870078197,ai_edit
0.9851351976394653,1.0797826640891308,1.9489136007028394,1.0,6.12286376953125,235.63873687086587,195.2582299103934,113.37600066324617,1.187951305271009,ai_edit
0.8918365836143494,1.0946044964192592,2.2668592135888876,0.9968935322244356,3.9578399658203125,147.21516794233165,4.352598343140957,89.6430690687832,1.1906421953806197,ai_edit
0.9654459357261658,1.1930583765367746,1.8946974944173127,0.8849986711358983,6.11639404296875,122.21859845518517,6.1360130035669505,103.21951825191894,1.1572525932052196,ai_edit
0.8329108953475952,1.1637847745389927,1.7397078881915187,0.9990923911029119,5.62841796875,116.43245422246177,4.373060092702461,91.034771381744,1.1297236864475164,ai_edit
0.8860195875167847,1.177754579968503,1.9235898430529383,0.9990792587133421,6.16973876953125,82.47985118585112,2.8219273958644258,89.11951337800798,1.3043769318216982,ai_edit
0.9996129870414734,1.1466971124991372,2.099770749177663,0.9995387032131111,5.1246185302734375,207.96721294697505,183.34706067557235,67.70200751403745,1.2035002325639743,ai_edit
0.8864245414733887,1.122602075965391,1.6759457040625643,0.9153034985264505,3.520751953125,108.28215611392514,2.217961881778051,80.57286446268519,1.087259590955745,ai_edit
0.9221372008323669,1.165168577575686,1.790324161831976,0.8821767304403723,3.9576568603515625,164.7792130997677,3.8935021112219914,91.1943488005436,1.089187145970059,ai_edit
0.9308041930198669,1.1275247800977473,2.222044713297651,0.9969410912099032,3.5388031005859375,106.94418929099584,2.701192923102118,89.46973907540861,1.2276793720056993,ai_edit
0.9980150461196899,1.1682086552150468,2.0486509567342215,0.9932058182395053,4.5373077392578125,202.20379152194255,36.69108402699014,77.89236993465721,1.1460655015703032,ai_edit
0.9895567893981934,1.1366446011370128,2.222038269953371,0.9995358162025447,3.504791259765625,90.85627762166504,2.6840589001382993,88.04442215103845,1.2557595977571878,ai_edit
0.8695737719535828,1.044160585824585,2.039289565197593,0.997221443737736,3.2592010498046875,135.6924350597058,4.379640492930608,96.46345858039274,1.1309504814940254,ai_edit
0.8813092112541199,1.0872402301815183,1.8484979369996835,0.9986470456800108,5.856719970703125,115.42779957344655,2.039663915137594,93.30731944465039,1.1676952233924336,ai_edit
0.902900218963623,1.2252244140568904,1.9468274201800397,0.9817496990763219,6.139801025390625,112.2649766138332,1.8259485204262407,107.0666212290362,1.1981827181035394,ai_edit
0.969942033290863,1.1844438683409468,2.4236146623776165,0.9958554873569184,4.196624755859375,201.5626661047567,33.49552047997022,101.19097299512043,1.3783526982249792,ai_edit
0.9564520716667175,1.2016566471946128,1.8409439767232791,0.9934725379197722,2.15533447265625,124.92063521935644,3.0482009077334973,95.3039284752133,1.1136971687683748,ai_edit
0.925948977470398,1.0577559762891537,1.9628851659706799,0.9708583534670661,4.220794677734375,112.49342954004086,5.054874926896983,80.60428079795561,1.14177788894264,ai_edit
0.9812092781066895,1.2706771264904417,2.1134165143688968,0.9990346097775732,4.2505340576171875,165.85701432823583,3.9605699001975982,101.65630820779421,1.111376022283449,ai_edit
0.9924074411392212,1.157763534706123,2.1984116401717304,0.9988752583807773,3.9767608642578125,273.67992738562594,195.8866914895989,136.7823874223353,1.2454421443659494,ai_edit
0.9406633377075195,1.1483976521212174,1.992884428482728,0.882478287130059,3.34442138671875,82.9502618098386,3.0999016689280565,86.04051748562613,1.1751474060080636,ai_edit
0.9944222569465637,1.1290813710833754,1.8887620281103992,0.9999656192164825,4.122467041015625,141.67241795593992,3.700105118322209,87.72683572326545,1.1393974918916103,ai_edit
0.9298856854438782,1.2219111279842712,1.7638280155881179,0.9985747363944536,6.1619720458984375,79.42036683034415,1.6681520189746795,76.92856932261067,1.0823976818099812,ai_edit
0.9570985436439514,1.254726425218524,2.0182023468150154,1.0,5.524627685546875,105.23365530630329,1.9986537423488302,93.2522771811795,1.2082213896047027,ai_edit
0.9567432403564453,1.1781654997770263,1.8444673413811323,0.9999790383881487,5.801422119140625,79.55405208973308,4.266979046678043,87.02810867217163,1.0910392364074841,ai_edit
0.9483421444892883,1.1944461432122455,2.0133773747840475,0.8987669120685493,5.055389404296875,101.12763316278271,5.411592775529004,80.37189953023574,1.2599660564024544,ai_edit
0.9433786273002625,1.1820453885667075,1.882490551575879,0.9955227734006827,2.7237548828125,86.85966588180555,2.4508818300423845,88.19077507397236,1.2716258299230736,ai_edit
0.9359441995620728,1.2125382000816824,2.2349921732733455,1.0,2.8095703125,143.7600920353187,3.663764921982213,100.94190185845252,1.2083409342620712,ai_edit
0.8778026700019836,1.2151346674418015,2.0826883988914733,0.9985136344299685,4.102264404296875,100.52085577285081,3.172575685624699,94.1699895968036,1.1037276512306289,ai_edit
0.8745250701904297,1.2037498922643055,2.2341597347760636,1.0,3.71868896484375,92.7640106555848,4.055622779684033,94.77133737998246,1.2740718174972276,ai_edit
0.9986881017684937,1.1379295335520205,2.076337898676115,0.871428733506064,2.9035491943359375,272.3936095462099,21.208033908645326,81.8052596292473,1.1496844711393412,ai_edit
0.9610241651535034,1.1978613825199813,2.11436334391733,1.0,5.39349365234375,127.6854005629636,2.421415570831321,88.32860648012186,1.2256562860077478,ai_edit
0.999302089214325,1.1668909665670884,2.0829581323658064,1.0,5.83148193359375,158.23306988406412,6.0163787621084195,89.79659918412989,1.3360464331798467,ai_edit
0.8890440464019775,1.1414674927569084,1.8241488928608105,0.9111894174132358,5.38568115234375,86.45100627363983,2.712914848677527,82.79766365297516,1.163773482084786,ai_edit
0.9234421253204346,1.1303149907743335,1.9838276068735607,0.9923469856693421,3.8860015869140625,114.54880687584249,6.130480540856919,65.87107341699149,1.201950598041718,ai_edit
0.885159969329834,1.1905751181780482,1.9239332069657025,0.9886721122755843,3.486358642578125,84.7300457623352,16.490418604200105,81.50968878777401,1.1285708733211077,ai_edit
0.9984458088874817,1.1331218788375579,1.9162848544537343,1.0,4.4450225830078125,274.17884031983493,1398.498032152625,109.00267105616811,1.1893272585117585,ai_edit
0.8299424648284912,1.163932060180672,2.016831416066082,1.0,5.847564697265625,101.59559103631786,2.6056032042572466,84.7182933103515,1.161300208170591,ai_edit
0.8923386335372925,1.1262046041685732,2.0488106220230677,1.0,5.7627105712890625,109.38399272403457,11.015829908414798,106.79717965972682,1.2923598519047599,ai_edit
0.9750280380249023,1.1165929629178013,2.0120991711663545,0.9368431734151145,4.026397705078125,220.471286170585,9.446677540504297,94.00405966115585,1.1773937900262947,ai_edit
0.9941608905792236,1.307068899561052,2.124562265123972,1.0,3.0074462890625,142.97701629403406,4.5577666453984484,88.67933814055424,1.1114792451492543,ai_edit
0.954288125038147,1.2081255817822028,1.8767496927863119,0.9970868090037568,6.9843597412109375,175.89889412778754,24.415442703878394,96.84925918909755,1.176139046942137,ai_edit
0.9709937572479248,1.1184535840503222,2.307116085653418,0.9677298034694807,5.38690185546875,211.65211914371804,22.42479061341622,92.98414026243621,1.2739456519147618,ai_edit
0.9440640211105347,1.1957797735772782,2.3313299237413667,1.0,3.9912109375,105.190272724569,5.46937050563351,104.44194594570709,1.256840945989056,ai_edit
0.9166677594184875,1.077063153120673,1.836627364124248,0.9997230205549936,3.1975860595703125,138.98353590830243,2.8337557543087915,83.53103769482907,1.1228426020065903,ai_edit
0.9693112969398499,1.180193484136953,2.1807645196830467,0.999568394151069,4.5553436279296875,124.29463431428618,3.6945728098644537,111.22702710396098,1.3723605392947784,ai_edit
0.9687063694000244,1.1719786135640442,1.7835346563866448,0.8836094795773823,2.973052978515625,121.67270681736662,5.7574269190004035,78.80545450787724,1.1096937574549348,ai_edit
0.9986011385917664,1.178437110382851,1.974970796202244,0.9536114956819689,3.9395904541015625,211.88664830332667,415.4177221522734,73.46807524196642,1.139639020404791,ai_edit
0.9062063694000244,1.1373936157040143,1.946833486445893,1.0,4.9593963623046875,125.32939623427083,3.1496912590837036,94.63773276715585,1.2098403072458697,ai_edit
0.9714480638504028,1.2499055205704328,2.2262602570142374,0.9989200580153481,3.448028564453125,189.3004407453732,12.94923786832776,95.50745517533993,1.2337638546324516,ai_edit
0.9987679719924927,1.170138953438433,2.037958436742053,1.0,3.65081787109375,258.0817608042457,133167495.72753906,115.41416297986788,1.1766288248998027,ai_edit
0.9609996676445007,1.019423884173913,2.103511378578485,0.9081128044188823,4.4451141357421875,133.35305742776336,3.0673997219815865,99.21300216664464,1.1213686557919593,ai_edit
0.8404104709625244,1.1937850465604833,2.184431153915702,0.9979088004711021,3.2017822265625,114.29321381942252,2.926432080384283,87.16184598552776,1.0753830978949401,ai_edit
0.9966745376586914,1.1473649613068484,2.164207572312919,0.9858659704547078,4.46783447265625,271.42633896154314,771.169907352181,115.05004914301391,1.078211224538844,ai_edit
0.9282310009002686,1.1697425812893627,1.9877358397914568,0.9188974532131922,2.5245208740234375,133.4961450533014,3.6199206737677643,76.69190316620708,1.176928750111656,ai_edit
0.9949128031730652,1.2173597340659295,2.1243505507065614,0.9999850056543118,3.650299072265625,232.8005951535236,1797.5523128278494,88.46959995247947,1.0517103788374471,ai_edit
0.9881438612937927,1.3000919001100868,2.552668090728704,1.0,6.2086029052734375,112.01659039692525,9.967911606573857,103.53821432009538,1.1816966912542708,ai_edit
0.984512984752655,1.0595868427569823,2.1684875149477274,0.9948111354648891,3.7725830078125,134.35041602651216,34.956917811101604,62.31982830558646,1.0717632990374255,ai_edit
0.9909945130348206,1.1539902570796265,2.093073454985612,0.9986999648708595,4.0981292724609375,269.8386073264196,220.88087585693702,125.8447836284512,1.2185461966639466,ai_edit
0.956035852432251,1.103451169280908,1.960988096117603,0.829817296759376,2.693328857421875,95.89480552686214,2.427377643672653,91.17236883916306,1.164860441452931,ai_edit
0.993789553642273,1.0958960164189218,1.8699860872499487,1.0,4.88983154296875,177.3976766547634,4.085455400394651,109.45298662663241,1.1695168125458772,ai_edit
0.9962936639785767,1.1806237742836916,1.8011176563452482,0.8911696886448575,4.078155517578125,90.90277694722761,3.406546074597554,96.03962522778029,1.082657805678786,ai_edit
0.8412548303604126,1.157036190631285,2.1699321464777146,0.9968270659230152,3.324188232421875,80.44907516782787,4.414412014451973,84.09259419740333,1.2045500288136732,ai_edit
0.7997767925262451,1.1526164254242663,1.755874750920641,1.0,6.120086669921875,107.11645480803169,1.8991815814491795,97.371812486717,1.210318845868797,ai_edit
0.8827933073043823,1.0930381855313307,1.8097199118043952,0.9949494166726738,4.0460662841796875,75.8500037106993,2.195272599980253,78.0530414708743,1.1279910823314017,ai_edit
0.9678078889846802,1.156719775600562,1.9113112836701405,0.9983075406207277,6.1202239990234375,138.22377226438755,2.499743574858159,93.86293167711122,1.1349792089303194,ai_edit
0.8769869804382324,1.2793031575357567,2.36541241302236,0.9983729279882412,3.421295166015625,107.62944533541386,6.65736189713847,90.23570004752962,1.106858001817086,ai_edit
0.9309202432632446,1.0745524697450854,1.8512133846789325,0.9138564342378781,2.791839599609375,93.80449421732519,2.123275376839711,97.54828391981304,1.088691504824423,ai_edit
0.9323152303695679,1.1380836772684955,1.9833193702797178,0.9045876595803395,5.1721343994140625,205.58273254049917,3.5790061159765756,111.67402845155442,1.1747494246829167,ai_edit
0.975005567073822,1.2125820979728843,2.0710218331450756,1.0,3.9091796875,191.16597252163507,21.946745147811807,82.67925471440623,1.068092513292836,ai_edit
0.9426774382591248,1.1948801015729356,2.431124052580196,0.9541230896050573,4.140167236328125,127.05756306582802,2.519905916576307,76.58229800003019,1.1465443933714092,ai_edit
0.9996336698532104,1.2395414526406965,2.0630013342874958,1.0,2.798431396484375,241.3824434698289,188728759.765625,82.8437724826886,1.2126136927096054,ai_edit
0.9718389511108398,1.141473436938722,2.044806796225071,1.0,4.3506011962890625,137.3202464498859,3.7008574431970525,104.53247838239733,1.3779667843957826,ai_edit
0.9668935537338257,1.1159340401213167,2.1705592699022396,0.9005929327260332,4.5305328369140625,155.9325941526428,3.7432445203790365,100.51456939025438,1.1720005563286564,ai_edit
0.9294450283050537,1.1943994160311964,2.149739585997627,0.9593991361340959,4.0266265869140625,107.39495307925274,3.019935671957088,89.48474567923178,1.145240799115748,ai_edit
0.9938075542449951,1.0960757040395752,1.9442251542247881,0.8759122593132347,4.64349365234375,162.2003755073734,4.092165524472442,114.97773262619344,1.2189934995565865,ai_edit
0.9153938293457031,1.1068999422939507,2.0899182657504154,0.9798236265783729,2.78326416015625,114.2889866078422,7.451075505099253,92.4637429845937,1.0886235132592414,ai_edit
0.9167274236679077,1.1415382091669464,2.083786536202647,0.9999998494646852,3.092315673828125,136.1477363417843,2.8566098173532963,91.5642464806768,1.2467907692274702,ai_edit
0.9575868248939514,1.1748676179657223,1.899949549446003,0.9727508124110099,4.1339569091796875,124.00707288268174,2.4147387586425273,96.86373827059609,1.1739228972495646,ai_edit
0.8627113103866577,1.1157978946401546,2.106784875946688,0.9998040517157748,4.0796661376953125,84.39991779880495,9.062029785696705,83.66857146622391,1.093847313472844,ai_edit
0.9531391859054565,1.165303536387154,1.7704929288410174,0.9033567151696213,4.0452880859375,93.95009041110588,2.8889621107798855,89.38656428826103,1.0969086963520218,ai_edit
0.9975761771202087,1.0937051973264793,1.990216792210178,0.892396893785778,4.6142120361328125,221.85072272504516,5.435580361813173,90.60546919969845,1.3164771435510352,ai_edit
0.9999015927314758,1.1073723657052517,1.8679267604829133,0.9969161548912457,5.219512939453125,222.52660323814922,188.49483637187183,93.12832169697985,1.1592643925223318,ai_edit
0.9369553327560425,1.1993300847944768,1.7840117861212614,0.9992021293457989,5.1836090087890625,211.5410531207437,10.268183242932814,119.53712893236893,1.1562864926025191,ai_edit
0.9467363953590393,1.115394522534189,1.938672469548998,0.9590868661003743,3.0066070556640625,62.3216868688265,3.206691192615701,57.64762319328156,1.1696160166011957,ai_edit
0.9432697296142578,1.1673490093116925,1.676123139399318,1.0,3.564056396484375,191.0227999217036,8.139353659649718,105.61050861850424,1.2050678546581544,ai_edit
0.8676784038543701,1.2443913952992158,1.8888179139528358,0.9994788134276462,4.040985107421875,85.99617365710081,2.156468473816119,89.30528358105947,1.1498009299750107,ai_edit
0.8863094449043274,1.032411340920883,2.3061480494266506,0.9973684642264835,4.4348602294921875,93.36252942784702,4.288772870132952,96.75706258219114,1.1490239757688108,ai_edit
0.8908060789108276,1.193792995304391,1.989894997623086,0.9943344334450782,2.2554931640625,96.58096921663785,3.6291170730661175,96.19044128748628,1.17426897056148,ai_edit
0.9973471164703369,1.1749775900649864,1.8293551970833002,0.9968619105220038,3.4393310546875,135.9881513190847,2.273881032325489,91.64363643397057,1.10863189202436,ai_edit
0.9948982000350952,1.1775605307984311,2.0107818040831225,0.9594799444820281,3.4565582275390625,157.70120081662316,2.82420573683815,89.81335604277444,1.1203249130807682,ai_edit
0.9185006022453308,1.216235859767414,2.029948151801635,0.9977465730571676,5.468109130859375,129.9100617164586,2.8000181580767394,83.33023148469552,1.1384135406580143,ai_edit
0.9014164209365845,1.1903870830048022,1.8392333256105253,0.890041120456693,4.2522735595703125,160.27194618306947,3.37948082814151,85.69960119431389,1.3563534858222763,ai_edit
0.9960466623306274,1.1688375357638727,1.8974341964525214,0.9971350831660502,3.410919189453125,213.55339888602424,212.35902744827388,107.98619495505596,1.1803557936521378,ai_edit
0.9960096478462219,0.9959962782946086,2.23337280121875,1.0,5.239105224609375,142.07160399172935,3.4425971506457422,81.8450398379158,1.2055262959204833,ai_edit
0.9963695406913757,1.0934710078396543,2.4771218378944844,0.9999928328042423,5.409332275390625,185.39394502902982,13.606640821601033,93.79489086858034,1.261329339315955,ai_edit
0.9665660262107849,1.0435009321351063,1.9647410002938719,1.0,5.5803985595703125,83.30632848908769,2.6528756418950876,89.44382643170282,1.1384172367812704,ai_edit
0.9056859612464905,1.1008207068410427,1.8742247934647651,0.9709391191767366,4.0076446533203125,113.57266724232356,2.0765720235418996,85.48695511128136,1.087581241929095,ai_edit
0.9820101857185364,1.1246145567878643,1.9408738990351402,0.8982071108962526,4.6165008544921875,118.88476354942776,2.5351570032663484,93.10848793509368,1.1072926958047655,ai_edit
0.9895596504211426,1.1435297770367894,1.938895480389502,0.9997513128898445,4.4968414306640625,257.6893519794239,168.39120268727495,119.478653845203,1.0709456187140571,ai_edit
0.9826744794845581,1.0567022005894016,1.8703848009582693,0.894037394391452,3.894866943359375,91.60039186374715,3.03654392234208,87.96796506063131,1.161837168141314,ai_edit
0.9378886818885803,1.1428503461758892,2.2263347413084955,0.9979720139740853,5.2550048828125,95.71944116449997,1.7566738757235998,88.5282620386282,1.1826589580828,ai_edit
0.9779163599014282,1.1899459737936497,2.109605072766553,0.9992023153525915,5.114715576171875,114.16982201545636,2.3965250584461724,95.28044769603437,1.3282875870203583,ai_edit
0.9801881313323975,1.1091728011560775,1.9884317488384387,0.8785968057499774,3.76708984375,133.95202747024464,4.94260859088131,90.55502598109972,1.0958132479397122,ai_edit
0.9610181450843811,1.2148083860323196,2.0514839913571152,1.0,4.15093994140625,116.95276271906533,2.9307138321210022,113.43343566443723,1.156879934112004,ai_edit
0.8761204481124878,1.200457241141646,2.096958973264449,0.9998691368241418,4.51007080078125,124.8423609791481,2.7687303268054166,85.68965684010715,1.154136500341199,ai_edit
0.9608206748962402,1.1974271446088223,2.170580371184477,0.8784048824542469,4.669921875,97.65263890491829,2.572147701043164,87.47605886791754,1.1018372396399452,ai_edit
0.9371721744537354,1.1307291927245897,1.9443144610233756,0.8723191129383618,2.583465576171875,106.2037364515575,7.344590784987989,73.89076577877725,1.2018549934784313,ai_edit
0.9906279444694519,1.2335748863626064,2.410892212657281,1.0,4.4537353515625,139.15599339015023,3.3522547008719727,87.48089719433659,1.1213595145793505,ai_edit
0.8452113270759583,1.1568846967141742,1.7031522159546097,0.9682070651372089,1.9566192626953125,99.84176107016954,2.8137311950956505,82.23490169698047,1.1596966661991528,ai_edit
0.9983440041542053,1.1853317656646378,1.6593807431607697,0.8770242084747618,5.183868408203125,157.5420023220811,3.392014470947024,86.08197732739188,1.0888333753806396,ai_edit
0.968804121017456,1.1413792579601838,1.6848905003297578,0.9027626780166721,4.8856353759765625,125.0698531777989,2.2511460546912936,87.69980623163794,1.094617550916698,ai_edit
0.9967041015625,1.206227183074923,2.054265982894037,0.9999997798886288,3.057159423828125,218.58905765982217,8.544616506879972,122.84435745673342,1.1919459213282932,ai_edit
0.9346544146537781,1.1527463285387656,1.8852804835479988,0.9999751923644002,2.495025634765625,108.12345622571752,2.6870104451392534,96.189631699674,1.1545615178374369,ai_edit
0.8837376236915588,1.2816696215092502,1.9724643021788848,0.9999941840660831,2.08392333984375,101.04514486847131,2.5418661357220764,102.78726022678232,1.1368999619888756,ai_edit
0.9443876147270203,1.0790633373147236,2.188525681700956,0.9944939869494304,2.939544677734375,147.45125660461966,3.6084795614384726,103.02329538503564,1.3383707028665466,ai_edit
0.9657632112503052,1.1223778457737499,1.7875390561720332,0.998437006134955,5.5493316650390625,96.80784915831669,1.783780131877635,97.14468643985813,1.1048862435392535,ai_edit
0.9937424063682556,1.1184489344865258,2.085668816444222,1.0,3.33856201171875,184.7929527791416,5.520568339823579,106.60199648219059,1.242167794851444,ai_edit
0.99494469165802,1.1866371871190737,2.1053057889872937,0.9944787030510074,3.93402099609375,198.24559731539793,143.6980596512103,85.24333825899177,1.136968827477397,ai_edit
0.974306583404541,1.1106524379374778,1.7592840431160628,0.8949522272738677,3.504302978515625,152.93915492112,5.108027380860978,93.52428408166756,1.0753369351275934,ai_edit
0.9415044188499451,1.2384030485579676,2.4659495015454334,0.9989544392054347,5.37481689453125,128.18515357053408,6.981537633219322,97.26007179629953,1.2118351798509963,ai_edit
0.952129065990448,1.1738302885739036,2.0079762964718713,0.9297765205150509,4.2835845947265625,115.59738391757276,3.9940960297859096,85.94174009847248,1.191760525404411,ai_edit
0.9649955630302429,1.0699386105004012,1.878735359455219,0.9995333789414703,3.5580902099609375,115.19190366146921,2.7310894302985105,92.60402439489373,1.1802209910340102,ai_edit
0.9947926998138428,1.0899820271798408,2.125258906842603,0.9999248410174127,5.6697540283203125,85.23409817272102,2.2275294558676455,88.24007150334714,1.0938666837716615,ai_edit
0.9728209376335144,1.1309409784835733,1.7512139422839186,0.9292526763409191,4.4751434326171875,219.5231260008195,7.604253010862997,84.1865954959807,1.1353778313298701,ai_edit
0.955773115158081,1.1731064976356176,2.1872830551495412,0.9988205255520043,4.197479248046875,127.15662419997064,2.4464509068167604,94.65204802856488,1.1425212859381775,ai_edit
0.9961844682693481,1.2095252368373903,2.438561811832564,1.0,5.0663299560546875,282.8220459940491,814.7292675976062,138.167286738737,1.1474608360744856,ai_edit
0.9987403154373169,1.1144796221916937,1.734968908797143,0.9930069753375406,4.1012725830078125,196.17891766434477,8.000148614172838,118.10771889017747,1.1744767174538713,ai_edit
0.9268190264701843,1.1265615104127666,1.7877072748796279,0.9471189455956025,3.683868408203125,115.73305069383775,3.15696471965847,89.6897515957505,1.1237740633699493,ai_edit
0.9350461959838867,1.197486099699856,1.7338736013968088,0.9996598137303293,2.65106201171875,150.6761311968356,5.404190447037405,92.34770310633508,1.0594636969303335,ai_edit
0.8836413621902466,1.2654724362753818,1.974751572403075,0.9980486513193567,4.3307952880859375,141.08447021030864,3.5908434898562813,93.28428524319125,1.3127007362415943,ai_edit
0.9939831495285034,1.2144496468258437,2.1286567308248614,0.9748162065304423,3.1562042236328125,96.41734602937642,2.395785879556688,83.49259547922667,1.2919287298152295,ai_edit
0.9459741115570068,1.2694113438138896,1.9493467178929922,0.8904861584490484,4.0005645751953125,84.60187843852356,3.6696751645677326,78.66802520223303,1.0816183159053665,ai_edit
0.9919628500938416,1.2683359054329366,2.1896380096218175,0.8814849675934058,2.936187744140625,249.94960907934575,7.119957003304799,106.58457602173404,1.109357698928818,ai_edit
0.9972050786018372,1.1318763756015515,1.8878920642231591,0.9790648715235759,4.79290771484375,290.1426149730897,1292.9245387709807,125.70288733190907,1.0966736634581573,ai_edit
0.885606050491333,1.1899750663642519,1.8716447151248934,1.0,4.5108489990234375,137.71235170579175,2.0399193055385743,92.76457212505652,1.211545891993638,ai_edit
0.8235102891921997,1.1991304411911017,2.244007919306686,1.0,4.6255340576171875,108.1543822371442,2.816568492292267,83.51156066632026,1.269364499057015,ai_edit
0.8918684124946594,1.0861417683004924,2.0522408339959215,0.9993028272643606,4.6132049560546875,91.22232036864811,3.840343813873029,94.95136443044943,1.0939990463358333,ai_edit
0.9190098643302917,1.1515363577977256,1.8365238437603089,0.9976676809981692,3.761260986328125,120.43910148144026,2.357684093771161,85.06289575319477,1.2082264720207112,ai_edit
0.9319559931755066,1.1767072305417,2.1419600451293044,0.9891073390049318,3.4677276611328125,101.97006297280042,6.675351679085008,84.32893190724167,1.1012790338912188,ai_edit
0.8781173825263977,1.1172436063567341,2.1160654697209624,0.9999936579696558,3.3561553955078125,104.76498858717447,3.425466635366566,105.8493469773339,1.161305463306599,ai_edit
0.8780708909034729,1.1874305081769783,2.2810452987687873,0.9996450434872287,6.0458526611328125,103.77238736050033,2.7364346671442514,87.04608439250579,1.280018218064256,ai_edit
0.8737067580223083,1.1782275135529738,2.2031550715997965,0.990000391176385,3.9258575439453125,107.55213623713296,8.501674360795455,103.17044871247828,1.0838649171199952,ai_edit
0.9866890907287598,1.1047614502021947,1.960641988165401,0.8877927101902225,5.474365234375,91.11855389502158,2.5525925063320622,87.21920313236346,1.1329545367920495,ai_edit
0.9589187502861023,1.0490798396433914,1.883795615752643,0.908872793542098,5.142791748046875,87.0501868137283,2.7269726529571505,81.9436681653552,1.0865620253499881,ai_edit
0.8320494294166565,1.1691782602984784,2.181159280041158,0.9966216415180101,3.6423187255859375,119.93618295627327,6.662419842477228,84.36659006270101,1.1340622367142705,ai_edit
0.9766761660575867,1.1923278632056742,2.0852170735779882,0.8773008325540125,4.141754150390625,86.96080600497679,12.40127740573713,84.02652871912079,1.307167547709141,ai_edit
0.9559531211853027,1.1239067193842969,1.9647956521556391,1.0,4.591033935546875,105.0740568915243,12.31696929343099,111.10242598400905,1.1602105773208629,ai_edit
0.9935482740402222,1.167030559517437,2.2812034075646554,1.0,4.8564910888671875,119.51306318665739,2.745081064064222,99.15230280579964,1.1152393653904578,ai_edit
0.9602214694023132,1.1671423173754893,2.159766986026722,0.9965923427496867,4.486663818359375,127.25233504167619,8.436360121422519,64.50247882422155,1.134030250881406,ai_edit
0.9962791204452515,1.226532987392005,2.11575759930703,0.9937854590849664,4.2946319580078125,173.03137796323927,181.73036619057916,59.53436602376526,1.2164372777586383,ai_edit
0.8868791460990906,1.197943360328829,1.8339312742604041,0.9958535497585407,4.0038909912109375,100.69392182265463,2.6208939319735847,82.29845873475014,1.13140800846775,ai_edit
0.9950670003890991,1.203610820592597,1.7672526822741894,0.9942184045496594,4.7097930908203125,112.37811432719825,1.870005151154797,81.39118404484611,1.0609425042822578,ai_edit
0.9881501197814941,1.0934525472551646,1.9926618536000251,0.9795448611985776,2.162139892578125,139.68539804427894,3.418991476570679,89.88927193181314,1.0488846349645862,ai_edit
0.9552526473999023,1.2261673016404224,2.414823568526458,0.9996359468851618,3.535614013671875,138.3895156236474,3.514424903638436,101.67661628920504,1.360839269372858,ai_edit
0.9794178009033203,1.1036919103111487,1.7819047375077304,0.8992188048562976,4.4884490966796875,94.82568354773751,3.1329603554423633,94.5050405983857,1.1070007378522375,ai_edit
0.9105874300003052,1.1208899347409436,2.0033136881993965,0.999456963481534,3.18780517578125,91.23271950606865,3.0887656591722257,88.88984448804008,1.0654243270264874,ai_edit
1.0000026226043701,1.1532103781417054,2.0230925377000712,0.9461910567828639,3.165008544921875,208.4226527342439,552.7397779457071,60.06865778991436,1.0983120599232243,ai_edit
0.9432974457740784,1.1488722622149534,1.8359715917209845,0.8898301347799444,2.747589111328125,86.84174613149722,9.868539882114467,74.7263861729391,1.1120678165910065,ai_edit
0.9128589034080505,1.1304229689956513,2.2382392899159114,1.0,3.3118743896484375,89.13214403026493,3.963783647186552,83.44176258886884,1.2062617616706126,ai_edit
0.835360586643219,1.1376458174144017,1.811472442645777,1.0,5.8251190185546875,107.9176666092314,1.8438844172967033,81.70113846244486,1.181371834321396,ai_edit
0.9676737785339355,1.1870543065287231,2.111826197098141,1.0,3.975677490234375,140.19883794186202,4.9972922257331165,93.79533783860404,1.1093477761558286,ai_edit
0.8824251294136047,1.2440591562518077,2.0414505470730284,0.9997731598848248,3.5296630859375,81.38323140396514,16.204031021853876,77.7642246095888,1.17984688802506,ai_edit
0.9923191070556641,1.2233552656062194,1.926789697692677,0.9975898412728452,3.10296630859375,91.06090105805188,6.698510796347485,86.07221380184224,1.1042748283227808,ai_edit
0.9615408778190613,1.1459751100063258,1.9732552144123252,0.9919655116789452,4.98455810546875,95.09026340145209,12.935210275029725,104.04411611105505,1.2842207998266528,ai_edit
0.9545514583587646,1.1966491688730558,2.06078683286023,0.9805224895782882,4.4663848876953125,216.23666950714136,6.4280697168854415,115.23306461484212,1.201602980953598,ai_edit
0.9868658185005188,1.1440208195079427,1.6853552631645135,1.0,5.8172760009765625,128.28602677002326,2.464467294814557,97.28805217868944,1.1103468500893119,ai_edit
0.9792671799659729,1.1046258234516573,2.071111363547128,0.905687152537084,3.6106109619140625,118.63689247458434,3.209950400050334,90.15780699728131,1.0531084962743262,ai_edit
0.9204819798469543,1.169352019480958,1.6826929680173754,1.0,4.595977783203125,79.31848616439727,2.643978196096398,82.13813499999857,1.1394385456492013,ai_edit
0.978492021560669,1.1844240655121219,1.8687496849439817,0.8771674802526609,4.134765625,132.95305550556597,3.411236122700804,73.30167436354057,1.1256751096394944,ai_edit
0.9290711879730225,1.1355554384193267,1.79484346006035,1.0,2.99212646484375,99.77081081879592,2.272513696176163,91.34621028298882,1.1121063240472162,ai_edit
0.9967237114906311,1.2318968488389697,2.4872099768360063,1.0,3.9257049560546875,151.35863481406798,4.434592540149793,95.54446274213113,1.358846944010848,ai_edit
0.822252094745636,1.1961324799864816,1.7847708263069686,0.993843816142998,5.8744354248046875,119.95428045633281,4.467792640255546,108.52289486743096,1.0966532149243065,ai_edit
0.8908092379570007,1.1865494815820707,2.09018983911333,0.9707066729235011,3.2226104736328125,84.47844998030581,2.7110225952991818,73.8498471617867,1.1105430098159859,ai_edit
0.9880914688110352,1.1961968005942776,2.0707704783166685,0.8968551881220281,3.5263519287109375,117.86176220599154,4.934242314190523,76.421269571135,1.3809908955232466,ai_edit
0.8855667114257812,1.2012072625907393,1.9098603677092232,0.999795086214734,4.270843505859375,87.06740195286152,3.06985072656308,73.45832719501418,1.1695349920594038,ai_edit
0.8825991749763489,1.1653704860534022,2.246882572467142,0.9585536411036971,1.7468109130859375,138.45793870898086,5.691528299145659,88.16186458056612,1.1436580594329848,ai_edit
0.9535226225852966,1.1440334559837357,1.6137867841055475,0.9161032872500753,5.43359375,148.1286700646616,2.8451205330932354,83.78612149252413,1.116620293049988,ai_edit
1.000002145767212,1.2355662586190703,2.309328130769304,1.0,3.700531005859375,125.47281377323006,7.089413353436374,95.56047853523916,1.3100679526665968,ai_edit
0.9721612334251404,1.0417597932725438,2.234359550501003,0.9021368241564991,3.9901123046875,213.477042882536,9.572984507552835,91.2762421095888,1.073412964026628,ai_edit
0.8910366296768188,1.133712479659577,1.8594246389646945,0.9954559430897006,3.91497802734375,77.50419985852645,2.616959484097702,75.37559523676255,1.1082482190114644,ai_edit
0.9054334759712219,1.2525688911811377,2.0456454993435367,0.998395205883869,4.6598358154296875,111.51798811849213,4.850013648949031,83.47029920736261,1.1496153516363605,ai_edit
0.9079688787460327,1.0031616158609793,2.3419021585454924,0.9995006220254549,3.744232177734375,125.21425698320928,4.897506658421835,85.8280419507587,1.2464665092515668,ai_edit
0.993979275226593,1.191049198840931,1.825858493960671,1.0,6.1020355224609375,118.46532597989008,2.1008672896122684,103.55373516119884,1.2093004474239744,ai_edit
0.9430578351020813,1.2339091395976491,2.201421081382964,0.9999939367282652,5.779205322265625,113.53139918564395,3.373797242802213,76.7984542232529,1.1628690035492701,ai_edit
0.8843435645103455,1.2071555357352461,1.7420535056492596,0.9992557162118828,4.5602264404296875,106.78954475489066,2.1805240771669743,92.98143470017627,1.1167725421203385,ai_edit
0.9157341718673706,1.2269515447865678,2.19678965290438,1.0,4.11920166015625,117.22086847551378,3.1563137302955773,110.76420552227997,1.094239130918366,ai_edit
0.9996660351753235,1.2173764665510398,2.32786345728509,0.9898738230826248,3.6805572509765625,242.96620461664264,214.223174424776,102.04294970029595,1.2277636808225232,ai_edit
0.9259297251701355,1.2095118463570373,2.306180179891493,0.9927881173721708,5.1728973388671875,67.14652713059485,2.8214026006874344,68.5318762190951,1.176373174019104,ai_edit
0.999313473701477,1.20014358555434,1.9410353383759555,0.8919929404957244,3.6895599365234375,104.73863552409995,2.86275181040158,100.1598460319311,1.1381622610424087,ai_edit
0.9534299373626709,1.0787881267810169,2.0529952807631604,0.8955458200550849,3.98187255859375,146.14601012316288,3.318980778658999,93.10525193093164,1.2606623160849222,ai_edit
0.9934907555580139,1.1137623057929193,1.718104579691403,0.9868895060806286,2.6767425537109375,170.6927694201501,4.372798468441305,92.95088267858169,1.0767000165498555,ai_edit
0.8669052124023438,1.0343430230902828,2.0829787859784035,0.998461260167648,3.412261962890625,80.52971178569753,10.812084367107722,67.17202240730845,1.0816920625535604,ai_edit
0.999444842338562,1.1024077967292703,1.9259998485268623,1.0,6.4470672607421875,231.89321868124364,63.41920156688268,99.13380821380784,1.1621280576491542,ai_edit
0.8764795064926147,1.0905914072040879,1.8643452107963576,0.9711963615672743,3.4978179931640625,82.22234054298862,2.99026952595825,90.03551833589991,1.1739555580725505,ai_edit
0.9234327077865601,1.1868777642616837,1.770572371080527,0.9456563273119581,3.2362213134765625,185.6115731496841,5.99380233190736,97.76702052888551,1.1439028407583007,ai_edit
0.9129772186279297,1.18289531238022,1.8504777319400005,0.9931723518414122,3.506500244140625,86.13292329551018,2.209982399481568,65.70301969923291,1.0710201252930192,ai_edit
0.9971065521240234,1.0718771224968588,1.9405442505366202,0.999998614886918,4.0460662841796875,188.9044781530877,4.481306851216265,107.77298962857328,1.1244627079141296,ai_edit
0.9791437387466431,1.1682504378724243,2.095506663343184,1.0,4.01470947265625,142.90896999666427,3.253456225087371,96.65381145984432,1.3428697962870688,ai_edit
0.9776855707168579,1.2527541238115987,2.2332804039506096,0.9941772545927158,2.817413330078125,111.96505610683484,2.656614413038361,92.86728185081745,1.2203136144180176,ai_edit
0.9588350057601929,1.2534430697031573,2.2016770549139837,0.9985192869482874,4.3157196044921875,98.47373052113319,4.706169057234368,104.13947227724306,1.152181736530315,ai_edit
0.9267993569374084,1.057451219132277,2.349521016143593,1.0,3.3889007568359375,111.04697325690964,3.3963295055319596,101.33486496550168,1.2490785852506807,ai_edit
0.8741374015808105,1.1949076305254442,1.9909078048351514,0.9992294879824691,4.102813720703125,96.11867148500265,2.665544161722638,97.1703290502523,1.1293180625845585,ai_edit
0.9819822907447815,1.0861775910786968,2.226147290678278,0.9126268585561128,3.921875,202.10331586952304,4.346259238563159,105.66599825523005,1.2240134263175697,ai_edit
0.9156935811042786,1.1717523655222521,2.377346964048728,0.9999467820282857,5.0370330810546875,102.7024430302775,3.5669394376941503,89.82732841813358,1.316011751356457,ai_edit
0.9990613460540771,1.1527193827693345,2.072939971042411,1.0,4.9018402099609375,198.19409348181173,9.949991819438175,111.07292021114293,1.1045765193249721,ai_edit
0.9737977981567383,1.1384672409492465,1.9268146081618147,0.931993732826538,3.77685546875,213.22786974347463,6.918617062350048,88.93817360394479,1.1061642000562102,ai_edit
0.9970019459724426,1.1380480823752421,2.444709292579309,0.9996296842867055,4.8169708251953125,276.44673402820814,162.48187443252513,126.48912562684065,1.0750952859517535,ai_edit
0.9666692018508911,1.1809353948944048,1.8830908516960545,0.855783964721482,3.658355712890625,137.1555318823513,3.3546395062609253,89.944601938404,1.1840672860173547,ai_edit
0.9645665884017944,1.0993406971332742,2.1843257664085947,0.9279581421528326,4.5816802978515625,227.67528424355572,7.852558887226139,97.18779979775175,1.280428972442669,ai_edit
0.8639537692070007,1.1055706937109024,2.688701804647181,0.9805054492758843,4.6029052734375,107.44582489263722,2.5545971205064157,95.8018241558329,1.350757595823873,ai_edit
0.9911072254180908,1.140797915892953,1.7554847611167164,0.994614769630821,3.8303985595703125,146.69399085481263,2.3677707703336046,100.52564578504105,1.1034214822655433,ai_edit
0.9789602160453796,1.0861158854996749,2.0120376517086482,0.8962290962467769,4.7853851318359375,92.67277063847499,2.632200562351676,89.10700259683945,1.187913348805705,ai_edit
0.9666064977645874,1.1699236428528175,1.937044770908605,0.9965562069095367,5.6689605712890625,170.82819664007337,10.489691040595343,96.20843662693846,1.0955337477965428,ai_edit
0.9561999440193176,1.1516498872592755,1.7568816193175156,0.9145560549631441,4.808563232421875,147.67119507030526,3.018374043117115,90.41968466632144,1.101749980709975,ai_edit
0.9955014586448669,1.17754982240351,2.236836964464728,0.9962175664045448,3.71087646484375,213.14027199157445,210.04175507914442,95.23748293747208,1.2972176042009167,ai_edit
0.9922844171524048,1.1105822899436202,2.001873055569187,0.9228227715957918,5.726959228515625,76.86354790537375,3.2820916862972247,77.4321705922102,1.091482518962245,ai_edit
0.9531705975532532,1.1452374454810603,1.7562130851866853,1.0,4.9420623779296875,98.85694591030581,3.369400813271381,99.05663162960664,1.1592742850197764,ai_edit
0.9785828590393066,1.0999586017672263,1.5910063621196475,0.8753990829043059,5.17987060546875,140.38384111338615,5.291615504374137,86.48670691463215,1.116408866846092,ai_edit
0.9195519089698792,1.0652216803795655,2.184155283457165,0.9995846320994267,4.139984130859375,91.93678032235526,3.669131564078381,103.37005407941807,1.213675360376776,ai_edit
0.9392233490943909,1.1525958864227457,1.8619827112006226,1.0,4.193328857421875,102.02786662863438,3.4410268298337012,90.2820998439064,1.1334591440325081,ai_edit
0.9083576202392578,1.1353444214896586,2.18999020091779,0.9980201013219221,5.19219970703125,93.6031546749326,4.14154576028855,103.16117816550714,1.1879065524878625,ai_edit
0.8802551627159119,1.1443712199190894,1.6855572767504319,0.8548173056612843,2.565032958984375,88.48951894992918,2.901084649441163,82.75820674398862,1.0545218731941426,ai_edit
0.9949029088020325,1.1702005947628813,2.2011106610322115,0.9999628910666531,2.8598480224609375,92.8150660725525,9.567694594680077,78.42985768580604,1.1461779506601926,ai_edit
0.9873930215835571,1.189766337149798,1.6694363738435072,0.8663210052516115,2.682952880859375,137.35492895820224,5.332593272548789,87.08329215395597,1.0553541353952245,ai_edit
0.9914029836654663,1.191183456503159,2.32944154038717,0.8789871670282341,5.2298583984375,220.65305103351506,4.325621543997963,85.76844178311487,1.2088501688185602,ai_edit
0.9473142623901367,1.268929699122864,2.4238341257335025,0.8932108893323594,2.9178924560546875,108.32832960047398,4.464705772902872,80.13541822202971,1.301951037105533,ai_edit
0.8307246565818787,1.225261415942135,2.1119760801878993,1.0,3.532806396484375,82.49923911836753,3.730979855970908,70.90100226587865,1.096376545386905,ai_edit
0.9974400997161865,1.0472193322385046,1.9276954973440663,1.0,5.3800048828125,268.86194261726,364.02471733340917,118.55895548170369,1.087685360272615,ai_edit
0.9978542327880859,1.2008813624625034,2.02675274157974,0.9957759485096013,4.9094085693359375,114.37993921495969,2.2593979439882252,98.83156722434452,1.0998014681977513,ai_edit
0.9527574181556702,1.1645689797862098,1.9887531929897546,1.0,3.60198974609375,110.76035367202158,2.317093441518979,91.72870495867087,1.1015843190275554,ai_edit
0.9719799757003784,1.1778647710369596,1.734195394446986,0.9219381976089066,4.293487548828125,103.36998451986814,2.685444708726227,87.63776733041614,1.1339184970673213,ai_edit
0.9072950482368469,1.1410818355925805,1.9080057566002127,0.9881175512046123,4.703338623046875,131.49242775868416,4.307556339441338,105.12566371941293,1.1528637689020675,ai_edit
0.9051837921142578,1.1158438170067202,2.017720349059698,0.9752795204614723,3.255615234375,84.28973089656726,8.121091241251161,89.76692815376124,1.2872710015697728,ai_edit
0.9676865339279175,1.1289617581173557,1.6204469294622867,0.8978467459513603,3.52801513671875,98.58723224816008,2.523958513539118,101.31291061381236,1.069771003778606,ai_edit
0.9935738444328308,1.1461371906833187,1.9818206335070445,0.9932890639248394,3.791778564453125,103.67270897140004,5.60294994853918,59.65513977988457,1.0811669028366695,ai_edit
0.8913504481315613,1.1989622332322012,2.299475601555886,0.9802990855595742,4.48968505859375,114.58297871604333,2.3094172251152276,89.27474850125874,1.2345534702432641,ai_edit
0.8941054940223694,1.2281543540237418,2.0741868206388263,1.0,3.4116363525390625,101.4733877671265,2.9871377479285255,100.72815200192451,1.1522257981163495,ai_edit
0.9868642091751099,1.0927976412675942,1.8006455055184538,0.9924195271359353,4.2356719970703125,104.99455274458634,2.493086812894285,62.67113803301409,1.1060968020676862,ai_edit
0.8277040719985962,1.1582877537770921,2.089022615263236,0.9875613297689408,4.4758758544921875,82.907283314473,3.1850513830067557,82.66211588329408,1.2451833077588983,ai_edit
0.99241703748703,1.1777397086175192,1.9534312341931317,0.910147091456838,4.9032135009765625,254.41124783112508,4.053151226942981,109.98704377340555,1.2933876230161896,ai_edit
0.9230131506919861,1.1238810622133535,1.9206299469502406,0.9605367802231044,3.4777069091796875,152.62822027415635,5.394561428628151,90.94846227723377,1.2161693010286359,ai_edit
0.9923065900802612,1.2218744529230177,2.1042218415181955,1.0,4.2226715087890625,261.7872354826766,134.454890384121,121.27246906139523,1.1589863567212402,ai_edit
0.9582076668739319,1.0791690658171305,1.9543549145367096,0.8755383120430614,4.0427398681640625,156.14627345215277,5.322130664121579,78.26012319189233,1.1977935803375739,ai_edit
0.9135820865631104,1.0271134399156279,2.338345893711579,1.0,4.8981781005859375,104.96861054291219,1.9823657053842267,99.2484334713705,1.1755646690149713,ai_edit
0.9777181148529053,1.0996960648768195,1.813954290726864,0.9980679078244891,2.7268218994140625,104.58519890718166,5.703549598091599,90.36044306470704,1.0839632868612292,ai_edit
0.8605751991271973,1.1184732719308084,1.93240092275952,0.8685211892915047,3.9459228515625,80.7281840185307,2.7518335663041107,79.48419444295625,1.1492105300165696,ai_edit
0.9423893690109253,1.1365799721040566,1.7659815763143556,1.0,3.567779541015625,127.15065522634346,1.968289394029936,100.54914970071631,1.123442596677894,ai_edit
0.9729438424110413,1.1656250318401327,1.8195235371883427,0.8750108564076714,4.150390625,192.30884540546026,4.406390297435986,86.83488415949178,1.2695797460719664,ai_edit
0.9383864402770996,1.1755441851720905,2.3559139883426514,0.9895257544344449,4.0677490234375,86.59540017373699,4.285547048769637,93.59741748119066,1.1914965550992078,ai_edit
0.8818540573120117,1.1391188693328196,1.784961580225055,0.9988678405589065,5.647918701171875,146.88390368564657,3.036066603480475,106.08211278054537,1.1612172601962831,ai_edit
0.9959957003593445,1.1571878594186709,1.9097957640101175,0.8946422392384442,3.908599853515625,91.28670355235536,3.133952644787214,81.61300660819933,1.1009098521098082,ai_edit
0.8863149881362915,1.1890176055618993,1.907046413619521,0.9902937458810204,2.7378997802734375,92.51277354434103,3.110041881396978,91.06687508835707,1.2289028711605356,ai_edit
0.9635319709777832,1.0982086395130173,2.0211588042911575,0.8673340087910618,3.4895477294921875,116.61933590151263,2.6911016914003203,95.92678246441851,1.056543382526512,ai_edit
0.925021231174469,1.1012842260643074,1.947655530472124,0.8839290999948811,5.1349945068359375,91.01800365360513,11.172993447163735,99.6898620951203,1.167920495570497,ai_edit
0.9179276823997498,1.1727398554203863,1.9090288602114984,0.9977698855308913,3.9264678955078125,95.47625331260377,6.477873584899286,76.00212269042653,1.1345507008170335,ai_edit
0.9350100755691528,1.1391060698298567,2.0934181749757617,1.0,4.1301116943359375,129.38184327534157,2.2539988439756122,93.02827833952884,1.1035130388414183,ai_edit
0.9433485865592957,1.1743444375383683,2.0660057847146724,0.9999292688898774,4.928802490234375,102.03215188685992,8.170193204895988,76.57015081787758,1.0891605458080873,ai_edit
0.8529101014137268,1.0790276485122603,1.5993241584445892,0.9114022165190191,3.8109588623046875,87.78114022420668,2.9797184321681534,76.12777478034441,1.0983380092271875,ai_edit
0.9986409544944763,1.1682005718869484,1.9593260823746554,1.0,5.08929443359375,171.4369905502216,2.1616943683351315,114.93643628822362,1.1480968032115668,copy_paste
0.9714369773864746,1.219673857187357,2.360040733397827,0.9619073557730022,3.4002227783203125,115.89602213583072,3.247366813629138,80.73016213142263,1.397100655038065,copy_paste
0.8481612801551819,1.0778565751038958,1.811920639538663,0.9673357003417412,4.2200469970703125,103.44034361169435,3.2720265897612753,101.47037356353634,1.0734253276002117,copy_paste
0.9847390651702881,1.1576343857771183,1.7272288775550548,1.0,4.80194091796875,144.86946783736494,3.2100795700793916,96.78782508436002,1.164588858577472,copy_paste
0.898248016834259,1.2974460071149376,2.3355513536108408,0.9928801532861612,3.711639404296875,93.03753845470808,3.449760182289591,77.96203034484942,1.2492368801957427,copy_paste
0.997398316860199,1.1990973939370406,2.1253306404175767,0.9999997395573278,5.9916534423828125,290.29060938148484,171.32812273121004,148.83607868582695,1.2006744694743638,copy_paste
0.9270948767662048,1.1201460092404674,1.9598171092423966,0.8946863365133881,4.8546295166015625,98.31460217396504,3.4817682490276676,89.3023013055768,1.0825780494318318,copy_paste
0.9867260456085205,1.1696027728652445,1.9976796340049672,1.0,3.502105712890625,109.27669769336136,2.6604027967796426,109.78586552470533,1.2023609390108563,copy_paste
0.9588781595230103,1.0326731570216692,2.0186408128540116,0.9992601350152542,3.10394287109375,93.39999976678098,3.103978079712422,98.22275817807412,1.2078934154189904,copy_paste
0.9914417862892151,1.175582612098193,1.8086996109973281,1.0,4.3419189453125,90.81118520613443,2.8134588392340083,95.20212251923564,1.1263977134649918,copy_paste
0.9979932904243469,1.2749922343684734,2.7977406845087165,0.9834875377917821,3.5902557373046875,262.89318575651015,360.7717757720748,123.90340654227316,1.2221705306461264,copy_paste
0.9765820503234863,1.1714187271739112,2.2660792382113186,0.9970951265629338,3.109649658203125,99.54257407090081,2.373347716803187,98.31355788882865,1.127965513057984,copy_paste
0.9722566604614258,1.2191902334512645,2.0349477899353112,1.0,5.444793701171875,146.6326580378556,3.1896498822325454,99.83276262255615,1.1670882151748092,copy_paste
0.9828346967697144,1.2351200196641778,2.30315199754809,0.9999088293989772,7.372528076171875,109.5122741447374,1.5795456344745251,94.8088985745615,1.2405861622873224,copy_paste
0.9223738312721252,1.1185878336144268,2.146154931995106,0.9903741886441575,2.7627716064453125,109.60215451905822,11.56594470413816,102.71955448993263,1.0591625617957663,copy_paste
0.9498300552368164,1.0939084090757771,1.76810283112831,0.9473350017830964,5.5546875,90.28975412354288,11.015977898715697,106.72377272435915,1.0883795065624418,copy_paste
0.8896726369857788,1.1293536786560692,1.9397687050435832,1.0,4.415069580078125,107.05128542731754,2.2205066642371363,106.18186807741247,1.2889593377070916,copy_paste
0.9123619198799133,1.1450991135656299,2.0357574348864786,0.9958976798768214,2.4897613525390625,137.2970367008184,2.3560014041810704,107.4145441107406,1.0451406929366402,copy_paste
0.964023232460022,1.2162434122542447,2.2350245811585143,0.9497449358004506,5.167999267578125,100.9181376977643,3.7205445337351413,106.95263597596642,1.2581830288278357,copy_paste
0.8863067626953125,1.1618866668202554,2.0232362246095716,0.9836726867915274,4.193023681640625,125.90158828893445,5.464373950553768,108.54918325066676,1.2751641923691772,copy_paste
0.9916271567344666,1.1803084612631445,1.762950154128348,0.9978918779875497,6.127899169921875,131.68379623617164,3.8339010194251064,72.32412564064414,1.0857536822098097,copy_paste
0.9933956861495972,1.1212054907436826,2.137906308136769,0.9951102002120354,4.33514404296875,143.96321230709228,11.06377605391471,92.98815638893181,1.3798755207993476,copy_paste
0.9407206177711487,1.140668449658953,1.6686851746090385,0.8600462433102234,2.65032958984375,136.97093059728203,2.2671428741644526,103.49385402968979,1.167520024943311,copy_paste
0.90590500831604,1.131131474640241,1.8812570890241909,0.9885038870228521,4.562225341796875,142.4405154088601,2.792597929619783,94.93052600988317,1.134999006498313,copy_paste
0.9133895635604858,1.0989285146585686,2.042800834887194,0.9934187524757367,5.61492919921875,86.64049349615041,5.035121738805031,64.73962122701468,1.2498182650390506,copy_paste
0.9267799258232117,0.9960198521668462,1.9925412356284822,0.9990236814441805,3.23663330078125,122.58428226553637,3.37840151916741,95.5816021670314,1.0890951673148608,copy_paste
0.9326434135437012,1.1563066014057153,1.5800886636596891,0.898293825467722,5.487213134765625,114.09780932377221,2.198208176989933,104.56565606453388,1.1604602761623926,copy_paste
0.927815318107605,1.2275784310459823,2.006137339541892,0.994933488879393,5.1033935546875,125.64129711540434,4.233961253862679,79.5690735367499,1.122321713096855,copy_paste
0.8700783252716064,1.0216648864123812,2.10204183387565,0.996113536162382,3.7129974365234375,109.69218407620448,3.327282340935989,93.70948119985994,1.1311740631969136,copy_paste
0.967211127281189,1.2038479494587193,1.88302648489727,1.0,5.9708709716796875,115.06861924479571,2.2603256831917755,108.44291444859621,1.1117225141940592,copy_paste
0.9700518846511841,1.1599767389931137,1.812995760253769,0.9505572811696068,3.3775787353515625,119.50067981222251,2.0441413129563397,99.03222137435031,1.3000865108172486,copy_paste
0.8770650625228882,1.0991151098193435,2.0660414035329273,0.998235746929426,3.4026641845703125,94.31594532458725,2.373280142965587,97.09773732069618,1.177776796983904,copy_paste
0.9946445226669312,1.1852961358087537,1.901835531906745,1.0,5.2353515625,283.9818653841479,122.1732891616559,140.86660801355825,1.1236292447889624,copy_paste
0.9271193742752075,1.178489061012963,2.1299035804230093,0.9941114868988402,3.94049072265625,100.3158598944758,8.739150655254207,97.68623724501377,1.1910761048831042,copy_paste
0.9959777593612671,1.1433986241191163,1.956409934818959,0.8755374471611754,4.3286895751953125,131.4626610939864,2.3350025776700334,86.01820070046949,1.075438884785453,copy_paste
0.8744785785675049,1.0667626502137761,2.4534879355010277,0.9993943508391919,4.954010009765625,104.99280082421137,2.202133081161275,105.40734388704197,1.1727090308071353,copy_paste
0.9705380201339722,1.1298817836475776,1.7917327175346878,0.8929288183933748,3.15728759765625,217.5163100002719,5.3583660923288745,112.54998914385475,1.1827745524441313,copy_paste
0.953010082244873,1.070206394420436,1.6584296425380067,0.9369767541722289,4.474700927734375,108.45489320525469,4.954029736667931,93.65055002051795,1.0800139384149758,copy_paste
0.9872652292251587,1.1922241219981782,1.8370670311174795,0.9989459896411047,3.719970703125,236.80829533698,77.93243235627293,109.49852668817459,1.1014407989574235,copy_paste
0.9626935720443726,1.0879821724184104,1.9828403300189958,0.9980032321564868,2.5442047119140625,141.69640913758994,3.212709164157808,93.14306387330653,1.0467613108366003,copy_paste
0.986954927444458,1.240853515218759,2.323507933037164,1.0,3.8789215087890625,99.0868529006442,2.841207330968604,102.24319185624738,1.0639645754909053,copy_paste
0.9160518050193787,1.1393366953834265,1.837602879248986,0.8647175611056002,6.1435089111328125,141.04463210058486,2.857084852589943,95.86160975063083,1.2082650866327962,copy_paste
0.9048751592636108,1.1541192512235479,2.5220546000760886,1.0,4.5259552001953125,125.4975739800444,4.091636415588127,102.61586456411904,1.3473165151455522,copy_paste
0.8687540888786316,1.2035902722013812,1.9445194822089356,0.9982735245558817,4.3633270263671875,91.73980337686733,1.9707259083141393,102.27941430710898,1.1091856566214904,copy_paste
0.9714697599411011,1.1540124637735836,2.2666571853489756,0.9370903298420026,6.4661407470703125,235.44890098587027,8.007934873700723,102.43722147146993,1.2449752519937425,copy_paste
0.8721233010292053,1.1491176797579172,1.9919691480505293,0.9983487463730546,3.4315032958984375,117.2170898426757,2.732180805101159,94.33605163967928,1.110064176179022,copy_paste
0.972072958946228,1.1177659111334741,2.129730239887326,0.9351420323228303,3.8147430419921875,114.93476079505896,2.3248136264120194,101.0857709361825,1.1239935991983063,copy_paste
0.892992377281189,1.1555983148739932,1.8780423420527468,0.9990829259579079,4.3483428955078125,131.28722233859898,3.8759198083172177,104.11395851784059,1.204973994479908,copy_paste
0.9029788970947266,1.1054744690678204,2.2769778735421653,0.9978763362274831,3.6421661376953125,170.1137630911944,4.490008641601635,103.55364078971995,1.3315226383417769,copy_paste
0.8580965995788574,1.2335145280073343,2.322521744864612,0.9999469478534166,3.5647125244140625,88.37559183887421,7.853151762827943,77.17595697150408,1.1923319239742145,copy_paste
0.9232313632965088,1.1937481551183946,1.8096541344945967,0.9983690187550724,4.18896484375,100.52384251592642,2.2538143139047984,74.26294479633054,1.1998348905092233,copy_paste
0.9929328560829163,1.2414411868722548,2.0930339075278903,0.9997037550001582,6.202728271484375,102.18160277657707,2.3331109230346425,110.75314427716049,1.164784356424548,copy_paste
0.9558695554733276,1.1118824710382733,2.2932571076098327,0.9999937695081189,4.6624908447265625,95.47280651547861,3.4490845856609873,94.57675957030753,1.1058142521405399,copy_paste
0.9962817430496216,1.0906452298031681,2.0533656561908136,0.999916520412417,2.7921295166015625,145.83063928632575,5.757246128484184,80.85694566446837,1.0534901946547957,copy_paste
0.9390485286712646,1.0946503414673392,2.0131753960296366,0.9989752769273025,4.576904296875,104.34328163541834,6.3886475256174355,93.37805174491997,1.1938858867897923,copy_paste
0.9125301837921143,1.1403132325210876,1.7399872690947078,0.8428379002656426,3.0441131591796875,121.10851204226405,3.4198817044532976,87.26804187873097,1.0767438517618984,copy_paste
0.9854403734207153,1.213166288384637,2.406700349806982,0.987517790156131,2.275970458984375,119.01222617735576,2.867479284820782,100.36412875319259,1.1872407910695604,copy_paste
0.9494255781173706,1.1439775851953453,1.8753404928724506,1.0,4.5055694580078125,109.31567683495284,1.5477185898866677,110.67651419431937,1.0622096263281837,copy_paste
0.8945339322090149,1.0921318166631009,2.1081673843847155,1.0,3.516876220703125,103.84112599704459,2.7781304804143954,103.77272511957266,1.2889330022500511,copy_paste
0.9044440984725952,1.069079116371834,1.9615160533080578,0.9999894186380934,2.972381591796875,121.47882399813177,3.0283636783333816,103.52555714143692,1.0710688385524367,copy_paste
0.9940877556800842,1.2286089578385078,1.9117826543871956,0.9960823919454058,2.812835693359375,220.0184899327894,164.03671321357754,116.5516392832025,1.092862835312819,copy_paste
0.9987144470214844,1.0997386330960244,1.968108570501872,0.9990371219246305,5.16748046875,175.06993510536577,4.959293519663722,109.32588926751869,1.1289723469234905,copy_paste
0.8584446907043457,1.2035582101408615,1.908468384772964,0.9976667407529618,4.97723388671875,100.5507055795217,2.258771428991363,104.15318819638487,1.2876872086671687,copy_paste
0.98186856508255,1.2279998340931997,1.9048430963072354,0.9983311990693075,3.997955322265625,243.30164482103459,16.84682541054796,127.8112656670218,1.124225336687785,copy_paste
0.9974714517593384,1.1604855654405946,2.0781397385017377,0.9974662417149099,4.7897796630859375,171.83322625188026,6.637719838158913,118.05396859587601,1.1970391878655267,copy_paste
0.9971342086791992,1.0894303309632896,1.7058780787222645,0.9367603444605273,4.023468017578125,242.5818791940395,5.1791484257189655,106.30107822483292,1.0629521254132057,copy_paste
0.9254614114761353,1.196609268706832,1.9548739885513355,0.9992979596167578,4.166961669921875,113.19629021718121,1.9088059894472655,98.76148748493476,1.1532171602857069,copy_paste
0.8764258027076721,1.1508760246427996,2.1824103684565026,0.9940760564897272,5.065826416015625,74.52125684371073,1.9243237900701742,83.3082466794194,1.3343421845706822,copy_paste
0.9511993527412415,1.2254033569369516,1.7776787749583878,0.9293093510950604,5.2041015625,101.43790277053762,2.37999643994383,98.36797170793284,1.0724789047532344,copy_paste
0.9465836882591248,1.1105168370329015,1.8706587773836432,0.9306614579566856,3.9571685791015625,146.49696771593543,3.4578529559343467,104.41024876255425,1.1706085267796162,copy_paste
0.8843207955360413,1.1409777168963988,1.9117655189347713,0.9903851684337175,4.5184326171875,114.52447588322094,6.631376587523707,92.76662946824015,1.2999791452054705,copy_paste
0.9989509582519531,1.1832675933925738,2.0763731916012733,0.9655049330670521,3.5834503173828125,92.70420841616757,2.7837207980446768,101.22534773956373,1.0779309030038917,copy_paste
0.8844721913337708,1.2674170206287652,2.2887245123013087,0.9940635601891716,3.4307098388671875,79.88154765176886,4.163353042429781,66.72425895727724,1.105557985898102,copy_paste
0.9339289665222168,1.1735129498681618,2.209759664402993,0.999998113212561,3.4828033447265625,160.1466844706591,3.688760171853863,110.21468238595092,1.2052396516744142,copy_paste
0.9699596166610718,1.185847973896903,2.1474325706045447,0.8854712828547615,4.050201416015625,94.33036627400477,4.199992487996444,85.60076439958893,1.2251800668671295,copy_paste
0.9972508549690247,1.1212962282516905,1.7341929008640296,1.0,5.9680328369140625,175.4887150471959,5.131102972762419,102.19488458244129,1.1729987369881756,copy_paste
0.951665461063385,1.2430409930977937,2.020498066565157,0.9940458866364819,3.105682373046875,93.6436520001608,2.9486693428660273,70.28591453542568,1.0834923295126953,copy_paste
0.9688708782196045,1.1764281728303105,1.5951364736680986,0.9361328379228214,1.9082183837890625,164.32919173542808,5.933851942467143,90.37773748294649,1.100529510065698,copy_paste
0.971498966217041,1.2028039880555506,1.7934095014662756,0.8994387390029326,3.16162109375,137.38993711192168,2.5589054808663065,85.04938253226267,1.045588817204301,copy_paste
0.9248135685920715,1.1788804632880823,1.913144083682539,0.998706115206386,3.4972076416015625,101.31206873963451,2.616534999373644,106.51811129353582,1.1139673065420812,copy_paste
0.9091032147407532,1.2112821835967693,1.8166638679564777,0.9786050683115382,3.7952423095703125,144.82794732177604,2.5024548864072087,108.14835439417855,1.0688751072760643,copy_paste
0.9967869520187378,1.1714847972794997,2.0734174099224822,0.9998818268980373,5.462249755859375,161.0803121415868,3.27854202524017,101.91902809390425,1.2755273551886097,copy_paste
0.9835980534553528,1.136061798222402,1.6792116656835998,0.9718754480772641,3.6345367431640625,95.06948542002728,2.6464430875447746,116.996897008071,1.0574586837415363,copy_paste
0.9767000675201416,1.0860988994527874,1.8369048451000674,0.9997240363416932,3.3589019775390625,115.25863050006814,2.6999756516027476,102.26291749002145,1.1800756284974943,copy_paste
0.8860954642295837,1.1892498557272544,1.8116476056631834,0.9882663636507751,3.5067901611328125,99.2544759385674,2.700654642313011,75.54180036482506,1.1881530660827477,copy_paste
0.8874387145042419,1.2153553762364973,1.722649647651709,0.8796268223912762,5.84344482421875,147.65909773986772,2.8216584907550604,93.68359803094337,1.1644664171992742,copy_paste
0.9928926229476929,1.1684285824026637,1.5977758828554747,0.997796846253427,1.721343994140625,174.65122404457932,3.7566496024398215,100.12450370550755,1.0999882454280332,copy_paste
0.9632385969161987,1.159651038738701,1.798801497266231,0.9995809190081343,5.3052825927734375,108.34253013184298,5.915745948442955,97.55905255909327,1.1012750918370264,copy_paste
0.9567008018493652,1.1810415317647345,1.6681987149161548,0.986807268695142,4.367706298828125,108.31783465331597,4.849701198447861,103.59304505741814,1.0629980920712145,copy_paste
0.8576765060424805,1.2276086768240824,1.9266498970098809,0.999981462636823,6.34649658203125,89.81760809339355,2.625418957981358,103.01403403062852,1.111376591532028,copy_paste
0.9973113536834717,1.2430036446946184,1.8314775329118518,0.9964481219865705,4.600738525390625,180.63163525150583,139.2195409276411,65.99026262231102,1.0673567547234213,copy_paste
0.8973309397697449,1.1947686467099703,1.8941926352664995,0.9998299173436945,4.078338623046875,139.29403431329342,6.238502950020564,109.42283910237614,1.1254023758418432,copy_paste
0.9966695308685303,1.1279823086354988,1.8731608654654128,0.9180688278919642,5.580963134765625,161.36440197435644,3.123571284964612,95.96081170164076,1.0854316265179291,copy_paste
0.9773669242858887,1.1783591223593202,1.944054896181683,0.8630171630115646,3.3790283203125,116.9024837879832,4.357946372058231,86.23835005681556,1.113679480104611,copy_paste
0.8953863978385925,1.1652340643888404,2.116854116393561,0.9986680200668855,4.193634033203125,79.25806266945071,2.6768179498539135,70.55560406670844,1.1782512841149424,copy_paste
0.9876388907432556,1.2501635007681893,2.2490522643702784,0.9947868937562261,4.126708984375,70.16955718455141,5.3180354148895495,76.12171042866431,1.1720431887472953,copy_paste
0.9929119348526001,1.2406075235804948,1.8055025112597787,0.9943190682458282,4.694000244140625,148.7072357378464,8.522637348460108,84.93994495751531,1.098155191466105,copy_paste
0.9166473150253296,1.2638330523054517,2.2187132038153847,0.9974306652108335,3.61260986328125,188.51311922944822,4.576072749971166,106.05428922318943,1.2735306927590753,copy_paste
0.9856595993041992,1.2534543594774903,2.0922033964369664,0.9985028251279969,3.2357940673828125,235.43414667380367,105.37015137357503,101.6087576179704,1.0682566600134178,copy_paste
0.9516211152076721,1.1364552727562727,1.8390825840452538,0.9133683742633103,4.9983673095703125,104.4005333524605,3.1308401599184728,91.92069451552315,1.16429557700892,copy_paste
0.9722199440002441,1.1639852622506024,1.8208697709764552,0.9655775228126627,7.3094940185546875,142.69595459268135,2.2768514616024538,93.7063678286969,1.15424971185534,copy_paste
0.8783031105995178,1.1583242741470676,1.9488548427000787,0.9942662213317872,7.417877197265625,96.3626735709236,1.834266605867153,97.94830537042189,1.1844104970330547,copy_paste
0.9990707635879517,1.1435132199040403,1.9783011559757548,1.0,4.353118896484375,234.42404815537535,45.65970281614872,114.04863529582194,1.1966615068902733,copy_paste
0.9974021315574646,1.0531126139671356,1.9946644249738963,1.0,4.65869140625,296.6304576131102,167.12780793459984,144.81034818426744,1.131798808400493,copy_paste
0.990556001663208,1.1224675272209559,2.013938067030341,1.0,5.73504638671875,108.77337896370912,3.386931686955346,106.75356236366899,1.213592949211826,copy_paste
0.8643746376037598,1.148164297336616,1.6487477443766163,0.8941411836389368,2.3271026611328125,112.14178922057555,2.1735624700670497,96.92281575777875,1.0464159979016556,copy_paste
0.9880852699279785,1.2255463259161474,1.7732541470743912,0.9030607168565634,5.3744049072265625,115.8499091152483,1.922691954442483,98.5142015294939,1.0865461790494775,copy_paste
0.9909881353378296,1.1774363809767983,1.828483693472484,0.9733025875774355,4.8544769287109375,201.5765625418449,365.06248392301757,89.67164325137962,1.2230423655212808,copy_paste
0.8598779439926147,1.1874416545157642,1.8696346394755021,0.9970646525410918,5.68939208984375,106.84859423886887,2.3332055217664376,93.18954903176258,1.086627702749177,copy_paste
0.9458693861961365,1.0887914318106007,2.2718249959009484,0.910059105003845,4.7702484130859375,100.85903151079427,2.094390118373649,91.74590140930873,1.1729322738535934,copy_paste
0.8611934781074524,1.1328888202813219,1.8945983201260703,0.999999039324401,5.85699462890625,124.0864274614082,2.1721423151543586,105.54055784850016,1.084586321026573,copy_paste
0.9129137992858887,1.1332715580144692,2.0829770001011427,0.9152769899868514,3.0015869140625,190.3222265672709,4.867470362981816,101.74918067799945,1.062852715687266,copy_paste
0.9311655759811401,1.1431964275078734,2.2162829806069455,0.9944419865244406,5.533966064453125,92.73927757685202,2.935781179253978,95.22251384584504,1.1512593855437612,copy_paste
0.9471522569656372,1.2237264204334397,2.091055878082338,0.9163104701334807,3.564361572265625,114.47664863706774,5.05998688824938,83.74370659033325,1.276063521897701,copy_paste
0.997650146484375,1.2149201327014068,2.0049590242647537,0.9985011499853642,4.718231201171875,261.8483792094853,71.47362731979321,96.88675354459093,1.2666754767580979,copy_paste
0.9100415706634521,1.2520365621382419,1.836056455565602,0.9224856711787816,3.9716796875,96.53739992728921,2.312543428426706,89.09537648143755,1.1217893629109479,copy_paste
0.9989498853683472,1.1591414533467388,1.8728266295610612,0.9612492181634691,1.915863037109375,233.71502193171156,167.21385455590686,73.75008160730857,1.115933595116525,copy_paste
0.895905077457428,1.218550230105975,1.8807751298627124,0.8841302634814243,5.196685791015625,126.17947931963772,3.0432299269709575,99.13313085568338,1.1353105379017128,copy_paste
0.8976425528526306,1.2420511849953855,2.119764595286818,0.9999888517357135,6.389007568359375,157.13804074874156,2.2188213823588807,107.80266730613255,1.1370137442065538,copy_paste
0.8885560631752014,1.1758580911463132,1.9580430285535015,1.0,6.32281494140625,104.9061209828657,4.538408921861958,103.02213481930002,1.1620261643805898,copy_paste
0.9139799475669861,1.1034747965880187,2.0956789676084706,0.9873154846305249,3.0538177490234375,92.84822962406263,3.1246611690642805,88.3729740395365,1.1186268087405469,copy_paste
0.9954485297203064,1.097661604739016,2.1419752560385907,1.0,5.8687896728515625,113.72313008658519,2.543128697507516,106.94796667993847,1.3863952418818364,copy_paste
0.9529857635498047,1.1407252688264469,2.1129230189130257,0.9911274996989413,4.090606689453125,96.23794927162399,2.6871908354518976,96.79812451099014,1.169749018151249,copy_paste
0.9372777938842773,1.1462163496534001,2.278676567967156,0.9997078084527088,3.1399688720703125,101.95539079534258,2.6607462667107584,85.83217442481991,1.0536698182437028,copy_paste
0.8996008634567261,1.154532564854481,2.135887087505213,0.9654464910235486,3.1949462890625,138.2410383704622,4.0398904987839686,103.93844035647048,1.1144248798925518,copy_paste
0.9218601584434509,1.1442613168585216,2.138895606715052,0.9999973514293304,3.5986785888671875,87.48668531313656,3.026666941229768,95.35770706561442,1.1309149737022388,copy_paste
0.9133303165435791,1.1388698106471797,1.9531599285444345,0.9700313388357303,4.4270172119140625,68.28987061601084,3.0585954098083286,76.5853980107215,1.109917492807727,copy_paste
0.8930759429931641,1.0981825985209845,2.159409851718571,0.9986184800315294,4.341583251953125,111.7457611883937,3.0073426447212994,101.12962712137936,1.2326054016500811,copy_paste
0.949738085269928,1.2293246764312433,2.2913301464768066,0.9995106735672705,5.1608428955078125,106.9509918625662,3.4309398402127402,106.60400340301065,1.1240943129094818,copy_paste
0.9882657527923584,1.2084747910583145,1.90810182143195,0.9096438381613344,5.2083740234375,200.28742201322817,4.9285580857804625,107.36476635683788,1.1062918186452888,copy_paste
0.8904473781585693,1.1497881232199538,1.7580623189457534,0.9169888882101884,5.6386566162109375,114.27804289314385,4.414227132365353,99.12311788644469,1.0841209267225405,copy_paste
0.9996116161346436,1.1874806663432405,1.8807254947250767,0.9054890664405569,3.2181243896484375,104.59979938880507,2.3139327152478644,94.47549734237921,1.145441657371854,copy_paste
0.9144850373268127,1.0913023275827307,2.160500703463424,0.9992443435737813,4.943206787109375,118.19066226795842,2.5767590594294965,104.69468046931826,1.1325795678528312,copy_paste
0.9387028813362122,1.1066425828529403,1.7720419191257664,0.8732135551021905,4.8284149169921875,200.8249821608069,4.182373327402795,104.6869887693643,1.1237809767266687,copy_paste
0.9569450616836548,1.1004820248450846,1.899954806442788,0.9988643395043909,3.855621337890625,115.55824755968561,2.122833342456667,101.94582393400621,1.1908852053045642,copy_paste
0.8972092866897583,1.0289110237804777,2.0154242323680345,0.9746705409271759,5.223876953125,80.89814338476165,3.530799916250675,94.26210540690575,1.1504282387715419,copy_paste
0.9479543566703796,1.0756748616231049,1.7315139621942404,0.9265449884185376,6.10906982421875,106.9480580411296,5.91338782663173,95.8051742185364,1.1040040999534828,copy_paste
0.9334524869918823,1.140268567913486,1.814885467981548,0.9999931876222388,4.5218505859375,101.24752587909799,2.1747281710318482,104.00661982919148,1.193722374509323,copy_paste
0.9925088286399841,1.1535723351168732,1.7878436576241081,0.8979928778083028,4.955078125,101.45392845583794,11.549970008680717,91.7560322563171,1.2009340357888465,copy_paste
0.9577676057815552,1.244347136894929,1.9438051969658996,0.8958535236395211,4.6780548095703125,159.62136593902306,3.420138278586028,102.02805665864919,1.1005182053341809,copy_paste
0.9917988777160645,0.9899350942360109,2.376714975931035,0.9980387546798031,4.0820465087890625,166.24475774800337,6.687579046111213,96.43057472056917,1.1559979317833131,copy_paste
0.9748132228851318,1.0491104925896413,2.0938631137553303,0.999978544679187,5.7177734375,124.28432031643956,2.7117069810734358,89.96959953772588,1.1244207693155004,copy_paste
0.9000571966171265,1.2107757962305952,2.141618179895047,1.0,4.21087646484375,134.53027607420265,2.5440189110361517,94.62349347611179,1.0987608957044779,copy_paste
0.9300838112831116,1.1949147723488858,1.7755029722817042,0.8861111864023865,5.40863037109375,159.57388247325088,3.319143566055731,89.77201125693495,1.118995766344832,copy_paste
0.9469254016876221,1.1712850068003993,1.9927013482337916,0.8705241592192916,5.774261474609375,104.37390818686963,4.813295775759579,89.53152895766303,1.1555605622656004,copy_paste
0.9806350469589233,1.1968124026165985,1.732717603824185,0.9999998322342503,5.6839752197265625,214.21799199174853,47.46651176571491,96.32903455096162,1.1418103225903908,copy_paste
0.9228425025939941,1.2115144979606127,1.9471876099040308,1.0,3.8368072509765625,124.97564746188391,5.914306672295903,99.80935978048859,1.108186645150834,copy_paste
0.9762402176856995,1.177355861416404,1.8844391864783063,0.9083003010597589,4.0790557861328125,105.85358085246337,2.594298398261367,97.8063869206065,1.096236584851463,copy_paste
0.9662889242172241,1.1609451197423293,1.950995949008909,0.9963333811725953,5.7010345458984375,113.53911140936738,2.7840861504019943,86.5037022974347,1.2847241613363205,copy_paste
0.967805802822113,1.1632796310041271,1.782801908148628,0.9182139906258221,3.9671630859375,139.8364562433005,5.581125477120576,93.46838931028014,1.0938523929477524,copy_paste
0.8882995843887329,1.1348903624828557,2.1634274653670675,0.9997068096649778,5.4836578369140625,111.12013930679505,5.821115807382896,93.69135506812977,1.292193216290635,copy_paste
0.9143954515457153,1.1524065043914398,1.7249787913912942,1.0,3.432647705078125,115.66082809712378,5.618371612476522,105.63251602395508,1.048088564576755,copy_paste
0.9902775287628174,1.1784105194726917,1.8970192265498058,1.0,3.79364013671875,180.55825543653668,3.3668120693367007,127.88448205616113,1.0975696194305329,copy_paste
0.9998325109481812,1.2198722552098944,2.097204542433149,1.0,4.6456146240234375,222.8091557830957,142.05736458764034,79.28078347832646,1.2196785702087916,copy_paste
0.9691213965415955,1.2065001161158673,2.072399264064178,0.9137229113561902,4.23876953125,88.14889020389582,4.081710540930801,93.37669120557952,1.0724304392801198,copy_paste
0.9612317681312561,1.099245888802151,1.8990799853203142,0.8790133964642683,3.0712738037109375,97.69360612278932,2.1728769995603505,88.62028983867818,1.0786838581810636,copy_paste
0.9764176607131958,1.194545419323785,1.8173600916577144,0.9999567985492008,4.9560089111328125,103.2768390932098,6.124883660186463,85.6211147938133,1.2664961280771279,copy_paste
0.9901214838027954,1.2077828113178746,2.4566392457762913,0.9829624983642836,2.3306732177734375,166.11147247678502,28.180580161246915,88.31917120139848,1.3750449858479163,copy_paste
0.999420702457428,1.1539505037349176,1.9576425427792055,0.983710175358174,4.5482940673828125,263.08652184993963,259.6398971566848,97.52284004019072,1.1670583439877154,copy_paste
0.9887537956237793,1.170361867809754,2.2772045835499117,0.9993246167354746,6.32940673828125,164.22007330555755,3.7496883961480503,117.28746909465032,1.1501497829111933,copy_paste
0.8533614277839661,1.2362423962827818,2.0086172713195545,0.9985877392881133,6.30084228515625,102.26292056095336,2.81115698337752,100.14345799827781,1.0987481957874439,copy_paste
0.8978108167648315,1.1191365634323946,1.7879647819042805,0.9081731883063185,3.26397705078125,124.78141016055042,4.416108060223137,93.66224037399827,1.0851852461725942,copy_paste
0.9089753031730652,1.1887406724328342,1.7801488384174269,0.9966984921316114,4.1788177490234375,92.06739998968408,3.084359005825579,102.31389776707618,1.2065899309428325,copy_paste
0.9866759777069092,1.165640831840472,1.8475092991544617,1.0,5.0297088623046875,150.04317459076105,4.076724597769591,109.73270040242379,1.0726868445310958,copy_paste
0.9953047633171082,1.2005045206085112,2.235230015488047,0.99793721478215,5.2189788818359375,193.08238936743706,7.485469549816845,116.90105999460597,1.2714594977751583,copy_paste
0.9085558652877808,1.145233225765269,1.7195668699494058,0.9534964858577365,4.5606689453125,95.27926016571257,2.1150233313520017,90.98213700082563,1.1559908316113334,copy_paste
0.9664431810379028,1.2103683802496858,1.7260538693940002,0.9004618925140482,4.4365692138671875,108.40022292533068,2.847828012380581,94.82232119159507,1.067795392131759,copy_paste
0.9360557198524475,1.184866463561262,2.6228282358167547,0.998113792077886,3.7969207763671875,135.44395905281968,5.6550864111288295,107.93787769632327,1.3655783713700633,copy_paste
0.944631814956665,1.123298594238376,1.9681437816825313,0.9930145991873701,2.6913604736328125,88.3256961976689,3.46010678965025,58.81452071105034,1.0792866332207025,copy_paste
0.9811002612113953,1.1584854073052673,1.9305860908944652,0.895471287195556,4.09539794921875,146.4267005567372,3.6622252276664704,87.54676888790794,1.1686237413385818,copy_paste
0.9908863306045532,1.1555798866613487,1.7865530578249724,0.9988418312703523,4.45458984375,243.14822739904088,45.53365477338476,107.78436475395978,1.1096349422351584,copy_paste
0.9312140941619873,1.1592643987375775,2.0798276923114645,0.9926114383682503,6.1374359130859375,70.7541883807045,1.9645556325189149,63.4914074652156,1.3122856957219442,copy_paste
0.8730865716934204,1.053587010452785,1.8898946139186004,0.8935227763051778,3.404693603515625,134.07258863799458,2.5554142441860463,101.40739616721189,1.0871096013634622,copy_paste
0.9809454083442688,1.179957910269703,1.868583231220099,0.9767338199245372,4.801910400390625,112.99800154347993,1.9646905832836126,107.84301173888934,1.2299490248346039,copy_paste
0.983607828617096,1.0276990686303855,1.8829007489799394,0.9909201708310224,3.6933746337890625,114.28541300733893,3.1802804094566928,62.23575757186121,1.1190765846971402,copy_paste
0.9229468107223511,1.2104615996645371,1.8835956242973113,1.0,3.42425537109375,110.36189047595391,2.466077270739175,99.59831851829041,1.1046347568586832,copy_paste
0.8841896057128906,1.1588521324279426,2.182359711338296,1.0,4.396636962890625,103.40115802969156,3.001405409362076,98.5422627062982,1.2230273583607778,copy_paste
0.9149386286735535,1.1832950623230756,2.2333018355669325,0.9859333721469352,5.2033538818359375,88.06260912441142,2.174955132200437,99.43244940030296,1.1640962534162254,copy_paste
0.9994001388549805,1.1462582993833221,2.1437144658638636,1.0,5.8198394775390625,211.6030338134957,8.283529240776762,116.72805784926304,1.2626722043465337,copy_paste
0.9966384172439575,1.1908948655955451,2.03498791039471,0.9999444686668294,3.7946014404296875,151.61210559427133,5.54627553122492,84.53304722048614,1.1410847954723542,copy_paste
0.9886652231216431,1.1049638722515298,1.8374147797810396,1.0,4.2635498046875,176.3855328190653,3.5248168945049305,118.53187997328715,1.1006612183251936,copy_paste
0.8660007119178772,1.2325776437175642,1.9228552429902888,1.0,5.237152099609375,103.58208567736419,3.3775122338246453,105.93565248589303,1.1444535391513015,copy_paste
0.9569998383522034,1.2833054635422425,2.1873924292231455,0.9992158451185161,4.49713134765625,220.60318745901762,7.251353302892981,122.62024763096127,1.1788580939372602,copy_paste
0.9669142961502075,1.14963620963371,1.515911651684708,0.8747658192947823,3.1026611328125,105.95787176652227,2.813118751335666,84.57198292991579,1.1648978044890415,copy_paste
0.984271228313446,1.3053802461017172,2.0527033168198474,1.0,3.9045257568359375,140.63684233957827,4.138952822259802,98.46213284532394,1.1856944317140972,copy_paste
0.9616726636886597,1.1908933926310314,1.9662347760218892,0.9436441243721214,3.0319671630859375,104.16346706067283,2.7879679906650487,98.13983151916739,1.1641723683104124,copy_paste
0.9154590964317322,1.1322453698051218,2.021734916607562,0.9973644434186871,2.676971435546875,137.90379519303266,3.78721680412578,102.23710573041473,1.1772309887983217,copy_paste
0.8614848852157593,1.1556446183301328,1.9903764003089395,1.0,3.286773681640625,131.60496249118486,5.4381868318828825,98.7636329896429,1.1028382889298636,copy_paste
0.9984114766120911,1.1336612725720234,2.044067834775103,0.9976364420564598,5.034393310546875,220.43219965587616,9.301949900030797,118.89716917887678,1.158128623575932,copy_paste
0.9574316740036011,1.20259292134173,1.7912569974950932,0.9569898132432351,4.1183319091796875,216.52416895422962,7.519099624797413,132.63342262923194,1.1752189935498119,copy_paste
0.9448645114898682,1.1355637744968672,2.014494436191211,0.9993232193114613,2.863922119140625,97.46240294144839,11.016685747463892,99.2117497412401,1.1183913164690127,copy_paste
0.8598386645317078,1.1546016169441908,1.6794966065123331,0.9968381811896684,5.0318450927734375,121.32235768170192,3.331920141833038,90.50011823106333,1.1782456122733753,copy_paste
0.9343197345733643,1.1593289418290573,1.975682783952666,0.984606344780742,3.1940460205078125,87.54581849192772,2.680495361844149,89.32047092392249,1.1074051073716231,copy_paste
0.8797941207885742,1.0783397807586808,1.7385873876565798,0.921952219011802,3.073089599609375,88.34675387459122,3.2732229203159253,97.60150117466684,1.0648392122117858,copy_paste
0.9234522581100464,1.2377978123747773,1.9996888124643086,0.9390797995807117,4.6685028076171875,93.02422688631208,2.9238484381007974,93.12466475399003,1.2236897241266471,copy_paste
0.9862600564956665,1.1390166490467473,2.006551827480331,0.9249915685555212,6.9461212158203125,137.13968398168254,3.37590806506477,86.16876023637873,1.1299127010096268,copy_paste
0.9785735011100769,1.0709978381418095,2.1137275218588165,0.9373752088828446,4.451080322265625,126.03550678683477,3.617338681759961,91.90048409284772,1.244410488668502,copy_paste
0.9034451246261597,1.172700202497565,1.9145046150061849,0.9966494522906711,6.1253509521484375,75.0533816335339,7.750033869041806,83.33502564540471,1.1360269427554992,copy_paste
0.8987206220626831,1.2070016331538722,1.8701335005337019,1.0,5.3923187255859375,106.60162876337412,2.1232892719496004,96.47466814662774,1.1294451145010334,copy_paste
0.9593584537506104,1.1681290058559202,1.9981715063224457,0.8772987294678646,4.8366546630859375,197.37287830620133,4.967084855369212,117.14865530401083,1.1336848624182858,copy_paste
0.9985692501068115,1.1014574907402837,1.9450724189843198,0.9988469225760475,3.33111572265625,228.9459692663222,27.736057188377846,120.94478586941938,1.1480502059504787,copy_paste
0.9975156784057617,1.1106035129401672,2.1292887768064483,0.8589431125560897,3.321868896484375,106.60415663042058,3.1021472803229373,89.60315804066666,1.223301853528477,copy_paste
0.9330770969390869,1.126834731846989,1.637843788864197,0.9696533966188419,4.2618255615234375,85.07066035085475,2.387324137740971,95.8539075520503,1.1679240981652856,copy_paste
0.9665821194648743,1.031481176282663,1.7952062573336933,1.0,3.1478118896484375,103.8567512946832,2.7144523633616453,98.87940130711803,1.096752849459322,copy_paste
0.9147868752479553,1.1921638591090737,1.8076795358519167,0.976529815142163,2.3109893798828125,98.76288813768589,3.8069169582781415,104.7662090524588,1.097548343389824,copy_paste
0.9952610731124878,1.0616560301985873,2.400706864887534,1.0,3.632080078125,160.61693568361352,3.516387135197866,104.13593144626665,1.108967009289453,copy_paste
0.8645175695419312,1.1539340548578354,1.9328796449796712,1.0,3.9715423583984375,118.42795338945359,2.154855401144151,97.4609514029066,1.086205761690694,copy_paste
0.9972341656684875,1.2115499106707475,1.8728197456164881,0.9997370704016373,4.1616363525390625,239.17322544820573,956.3744630173111,83.6561589295736,1.2055341274910791,copy_paste
0.9717778563499451,1.171860624433933,1.8944927420504085,0.9999722946833155,6.9116973876953125,108.69390255436349,1.975607320656748,100.67590967497637,1.1492006317764338,copy_paste
0.9951149821281433,1.1002241989573336,1.84863531356734,0.8849340438153125,2.071044921875,115.15959291617366,2.43185140488231,92.03395294853458,1.1288200181693309,copy_paste
0.9482115507125854,1.064742354509042,2.104001352699956,0.9931496381498947,5.1094818115234375,173.03282214570194,5.18037824352292,106.31389203062368,1.1305586259458489,overwrite
0.9303650856018066,1.1248781619697785,1.9401462930849422,0.9793725477262167,3.5868988037109375,103.087822673265,8.454217224794007,92.72415963506552,1.1195901704794986,overwrite
0.9964474439620972,1.247827869493269,1.8931443785068074,0.9987940351588717,5.12445068359375,310.8609123320782,195.82496249935343,149.39070348099503,1.0857641189364875,overwrite
0.9460404515266418,1.179257885790238,2.659344252011217,0.924207096320689,6.15771484375,97.32310770544095,3.251536202483871,123.27360221636715,1.1422874457069283,overwrite
0.9330320358276367,1.1599951197940788,1.90763860954536,0.9967594920283774,4.403350830078125,100.43825298752623,2.555861639189713,75.07094879560655,1.217048615370345,overwrite
0.9397311806678772,1.1715078114536375,1.8798655673371778,0.9966782943806706,6.26702880859375,97.48491378312534,2.6623837022140795,114.83928599729876,1.1792159989251578,overwrite
0.8085708618164062,1.1565499166105755,1.941682330244277,0.9971543806729817,5.174591064453125,105.0424343645451,2.068705953955222,97.31745206658843,1.268326162750185,overwrite
0.8722294569015503,1.112623748461632,2.059555848397143,0.9993841892317288,6.08258056640625,86.70886601167615,2.180253595689654,96.42596952689378,1.2425544908977988,overwrite
0.9085195064544678,1.1256217520611125,1.713152709629,0.8843977785491148,4.390167236328125,112.46084005163762,2.8246734572014973,98.95280280057689,1.2511254105145115,overwrite
0.9159247875213623,1.1957760533635609,2.076134986667972,0.999989128589137,1.20916748046875,109.55556220079434,8.232810780904803,131.40586391011635,1.3631590965288056,overwrite
0.9566671252250671,1.1741270676828766,2.102508661694314,1.0,3.912628173828125,115.30198279677386,2.2532883894950215,105.5404741214962,1.2265338797573406,overwrite
0.9956825971603394,1.137338364511739,2.2712734716694745,0.8956616459667618,10.81585693359375,110.21047834472837,3.0487636069577255,133.9133005738816,1.4901798303004856,overwrite
0.9841791391372681,1.1307399721440319,1.7969952813479135,0.9999952618026341,2.881072998046875,152.5079427301682,3.04782212182689,90.19600521192326,1.1781221438085088,overwrite
0.9164329767227173,1.130255486813997,2.7226939790955496,1.0,9.827728271484375,106.55989978993966,3.3371086137932044,130.5016337561854,1.350973258667197,overwrite
0.977256178855896,1.020089246144497,2.049334097705349,0.9322637617132337,5.1531219482421875,235.60465193467107,5.0283303096870675,121.311171446862,1.2588375241985723,overwrite
0.9562588930130005,1.1764505567470718,2.1951068923298003,0.996647617318073,4.115386962890625,84.09210614395782,3.0431984835636254,78.01865117590131,1.135501837214861,overwrite
0.9985111951828003,1.1584029354940895,2.3166372484885565,0.9069742704345517,3.7923431396484375,100.2470103263644,12.108490650004896,132.68769049791428,1.1443516702963032,overwrite
0.9949914216995239,1.2416976018832169,3.1704012560875405,0.9983779277026064,3.163482666015625,283.88554660394396,194.14642287817352,161.46248902331843,1.1353835292903742,overwrite
0.9955135583877563,1.161227168952875,1.8028491677302216,0.9007943456352343,2.4478607177734375,87.2894331798473,3.427730409103662,91.11413692718176,1.2549058051468962,overwrite
0.9897459149360657,1.2600400239129366,1.842125860415527,0.9181251328784947,3.7935333251953125,101.14838748197712,2.718568167990507,122.95994911234486,1.150162107399687,overwrite
0.9925470948219299,1.205958570546982,2.64896026858967,0.9939308768912657,5.69476318359375,129.13297007244782,18.545892359310166,73.7194767468762,1.3873942126498486,overwrite
0.9853345155715942,1.1477110425329922,1.8304826425454097,0.8742739596403528,4.449798583984375,157.73078971619222,2.79441703648876,99.87336637209775,1.1373400125814679,overwrite
0.9104598760604858,1.1336039971132794,1.9240982266081708,1.0,4.2769012451171875,104.65708624039102,2.7570353920077144,112.84942786116383,1.120641907812798,overwrite
0.9927337169647217,1.161928335668703,1.9654522681007833,1.0,4.1442108154296875,287.2664578931539,129.592173752538,140.33117868914817,1.0864185662150438,overwrite
0.9706528186798096,1.2473467910941194,2.316672768954757,0.9879232848764866,4.51287841796875,92.37914619504564,3.0673171322425925,111.41099676144458,1.331516566223982,overwrite
0.9057515859603882,1.1862476978501133,1.92703494198322,1.0,3.408599853515625,136.60621746973203,3.055881584206227,115.92855092058169,1.0978169268743245,overwrite
0.9997372031211853,1.128704144194159,1.7597738976337256,1.0,0.340911865234375,167.99050381937207,3.297523640022487,109.49127669707543,1.1655817403448934,overwrite
0.9990489482879639,1.2080148263004076,2.5859968353805716,0.8586194500723646,4.3707427978515625,134.1200916863002,4.775973014519251,117.32006634716973,1.3054647324167412,overwrite
0.9787824153900146,1.175841134817706,2.0349452962121943,1.0,5.493011474609375,171.94371906858015,3.6831324984597957,114.16855225045116,1.340983607026271,overwrite
0.895489513874054,1.196014364449995,2.7948866632566474,0.947069895125194,7.2040557861328125,108.09976842211496,2.1458774996615353,151.8235341604841,1.3297786714693491,overwrite
0.8970768451690674,1.1183970557300575,1.74556763190547,0.992741248413126,7.038360595703125,108.27333438065855,5.668948622436995,94.43994184039582,1.1938603609599139,overwrite
0.9893910884857178,1.2562291532074918,2.1822586263607042,0.9810544472715405,3.7216796875,116.1732918598273,4.766465323892431,68.87010509858865,1.168802090568501,overwrite
0.9905685186386108,1.1324363100730301,1.945207359061601,0.9060340206188557,5.176116943359375,115.99895858476916,6.811689620508948,98.33160299590183,1.1662891658324226,overwrite
0.8933461308479309,1.196442543825731,2.464693266355757,0.9993797990656491,3.2459869384765625,100.84613388733607,4.281415463630231,103.37399027841772,1.199174065865397,overwrite
0.9821525812149048,1.1075673729721793,1.982235808739729,0.9070527389647582,12.06396484375,233.49414914867998,5.520838844227191,152.72285344089022,1.2897215061929863,overwrite
0.982606053352356,1.0625213021929167,1.976414062860064,0.9100402311917183,9.48516845703125,165.59678966929062,2.877777664229101,140.63690123513416,1.306488304040728,overwrite
0.8579846620559692,1.1855192841069022,2.030230758981474,0.9937920935662263,4.3558197021484375,70.3721601482555,2.8310834361354247,85.34378857812948,1.1026794598259764,overwrite
0.9370424747467041,1.1952380067351005,2.119450397028088,0.9429759687709874,9.440216064453125,131.48129298407295,2.409898282901339,121.93283188815006,1.3316135268040248,overwrite
0.968736469745636,1.1219055365549,1.6958464158469018,0.8856085866928854,3.95806884765625,182.40136512302507,3.80764489120888,106.88216884210621,1.1225066898199314,overwrite
0.9984129071235657,1.180839418010486,2.2734243918868846,0.9101623388285622,4.2475738525390625,89.0569414239679,2.6840445219495703,120.63947146026064,1.1158731274653197,overwrite
0.9938478469848633,1.1051720941814651,1.8395336279510384,0.8974997514571305,4.98382568359375,121.58907881744885,2.9672216651860883,98.54327890622386,1.1385942770071358,overwrite
0.8822106122970581,1.320723816805536,2.3406767509995565,1.0,4.2496185302734375,131.3129359398447,2.69052144808684,117.08186605755374,1.2537309393806368,overwrite
0.9813697338104248,1.1421394413607109,1.7517133976825043,0.8824789336633551,3.7443389892578125,238.54351384662917,6.936927218675131,104.28637700847113,1.1017845137261388,overwrite
0.893993079662323,1.1461372919815442,2.483396944580218,0.9948295554996706,7.8292694091796875,105.12178325333103,2.3614256460725453,136.96879165421086,1.2255792531217098,overwrite
0.9986069202423096,1.1526553275795564,1.7102470400808312,0.9727094989072683,7.0482635498046875,211.55154405359494,286.6636225964848,76.56890678782328,1.1836449181041269,overwrite
0.9723780155181885,1.2310238792807453,3.2452694902572135,0.8939557523083181,8.562667846679688,211.14209680853122,4.20241491572521,170.14614314609142,1.3135324922628924,overwrite
0.9797503352165222,1.150726315190166,1.9031971192484263,0.9984820456452872,2.84234619140625,235.93369912603393,36.50360591856328,102.80584455200828,1.0737162189244875,overwrite
0.9965893030166626,1.289194318412948,2.3387293199288797,0.9999763266155384,4.686614990234375,173.75436942572884,7.2672185962436595,114.01219987310932,1.2176211886868527,overwrite
0.9667503833770752,1.1223704811926336,2.046739924146312,0.9352757714446849,6.898956298828125,126.1557919663382,4.443702542804529,115.16173513257085,1.2359427498874473,overwrite
0.9294127225875854,1.119150028842712,2.37316042686196,0.9981266988163746,3.13702392578125,101.41422064935202,10.822878092408216,140.4642092719059,1.1371009576446163,overwrite
0.8966591358184814,1.0891629104097242,1.7622988766981165,0.9965752573628804,4.3059844970703125,81.65088455822735,9.822218666902053,71.64330142056679,1.0756300125062024,overwrite
0.9369418621063232,1.1804109667011928,1.6682282300823488,0.9986394479026807,4.697296142578125,149.42534946728105,2.79604003236512,108.42714231669807,1.2150624644855608,overwrite
0.9834102988243103,0.9800852010558521,2.350276898682732,0.9995440940555403,8.584747314453125,174.1458999894824,5.456810572656916,135.40849280543915,1.5187093563949148,overwrite
0.9835478067398071,1.145618382819864,1.760392382430057,0.8966299474955144,5.150482177734375,187.09385346334508,3.8343585273776957,120.7203516541513,1.1900846097639421,overwrite
0.9674423933029175,1.1810694734217204,1.7417906613594347,0.9086384933161438,3.6072235107421875,232.1900523825989,5.52399029065033,113.43047163560162,1.0684805458957995,overwrite
0.9665514826774597,1.2873732936792588,2.094653773177213,0.9999998760492593,4.463897705078125,91.36077246970076,2.793102508039462,112.69308006798698,1.1383825769874372,overwrite
0.9958869218826294,1.1792275270690005,2.124969749454594,0.9161224182738228,1.8654327392578125,325.25228064568125,7.073322666637063,165.4577687972215,1.171100833032797,overwrite
0.9882439374923706,1.1213525867888967,1.7316551140154133,0.915754924022718,10.468582153320312,93.48906533162189,2.6169343500339086,112.39709795894183,1.1542132946386328,overwrite
0.9865209460258484,1.1395098710504268,1.8920076646812876,1.0,3.966827392578125,154.7212165880377,2.4980114373523574,111.09340222183135,1.0922303815523366,overwrite
0.8578029274940491,1.2363458825380345,1.9534026179608133,0.9979282725217918,4.4202117919921875,114.71949368846504,1.929538017768795,116.43328001263897,1.09607830360208,overwrite
0.991913914680481,1.1679968740723858,2.5250884407703547,1.0,4.608062744140625,151.74392226478557,5.32316483000238,97.60611017105826,1.22159479687614,overwrite
0.9968489408493042,1.1440255757639965,1.9347501960260707,0.9953739740780851,1.997711181640625,191.250949182122,208.99266989868494,99.62606037457354,1.244777529671573,overwrite
0.9251043200492859,1.1658500077646454,2.119880541922972,1.0,5.2346649169921875,113.81074140757013,3.024997023277966,120.63860497615559,1.3173890083429607,overwrite
0.9973478317260742,1.1186144133420148,2.1626274229748312,0.9999770566969949,3.157501220703125,197.7100242772816,9.865332328876509,99.37126404203538,1.102840357485813,overwrite
0.873266875743866,1.169827001364639,2.105359333280091,0.9994533176788741,5.62353515625,100.27563335544583,2.3663792372665835,101.98909441901267,1.1410612731973806,overwrite
0.999771237373352,1.1455133980707508,1.9778646773166437,1.0,1.904571533203125,217.62116834511158,18.981174983780278,113.59627504774105,1.1372547168135403,overwrite
0.9986318349838257,1.0385407899267365,2.105486190545286,0.9986775809815932,2.8389434814453125,218.19073887319936,21.373495248523856,101.10496699823115,1.2187629592000473,overwrite
0.992972731590271,1.0985754293910917,2.0437423513088246,0.9329471719435833,9.482696533203125,133.85985258594903,2.8530415595011034,116.65073673681881,1.274616503579692,overwrite
0.9515326023101807,1.1468667358309823,1.8918266273402629,0.9104801777574486,8.003768920898438,111.41990197628458,2.395449158285344,127.9537412891121,1.2464475323733064,overwrite
0.9390215873718262,1.143486740962259,1.8223571698630157,1.0,7.361114501953125,102.90227702715289,2.4471201081401865,117.74992355835863,1.1206714399050262,overwrite
0.8969920873641968,1.1770943407061256,2.1524861145858254,0.9996396566249705,7.011199951171875,103.90872146823445,5.324059403312673,81.56471882852767,1.2219738717991937,overwrite
0.9255387187004089,1.096323516745253,1.8412973803181005,0.8998152120802902,1.4624481201171875,135.72394053266984,3.186747457540112,126.47093413452227,1.1408558984954793,overwrite
0.9090211391448975,1.0951603443200009,1.797472609019677,0.897332877280463,0.16082763671875,199.88972811822057,5.327559491690717,110.89666934441018,1.1852388874852418,overwrite
0.88720703125,1.1943042493830949,2.7564133510690203,1.0,1.2360382080078125,127.74585940126194,3.175297896497473,126.32170726175175,1.125845634873041,overwrite
0.9979203343391418,1.1569981089534795,2.2330689498701606,0.9999912319594558,11.794784545898438,212.13721075213613,72.27966173887216,126.06343715533076,1.3077979763563343,overwrite
0.9200384616851807,1.2575923553292923,2.422813406631259,0.999160458556684,17.193511962890625,113.55114839881928,6.982034343277716,148.50935310610706,1.504047914523795,overwrite
0.9936507940292358,1.2568283418494668,2.3573033882864776,0.9927161786238873,4.5220947265625,243.37224075200294,62.45336241773403,121.01449560959603,1.052575418819073,overwrite
0.9990307092666626,1.1640013997504641,2.0330628489934557,1.0,3.3318328857421875,246.92770919305286,12.300735544727708,120.28067356809,1.2328802483555745,overwrite
0.9720115661621094,1.1527616188430327,1.875876205439457,0.9999154675900326,3.7251739501953125,96.34232091444092,3.1741582247091995,99.98397826862382,1.1546846638411459,overwrite
0.997313380241394,1.0654283508963835,3.369441185311351,0.8780924159008668,8.667587280273438,166.17933797028988,4.486682336845203,149.80248719824434,1.4570454829272423,overwrite
0.9334914088249207,1.202619551317899,2.571342525221858,0.9934428907795831,1.9207763671875,90.18789837490507,2.6499995258567552,77.91869431983453,1.278668380112857,overwrite
0.9934203028678894,1.1418763762531854,2.2706080938874678,0.9976937657671751,10.80712890625,185.31311443072565,36.00489207416334,156.0098890409417,1.3794526100320617,overwrite
0.9881399273872375,1.1586399767641997,2.044574390593569,0.9969886752535013,3.194610595703125,122.31487745819639,3.3089799643852924,92.21245774330505,1.1584019705532478,overwrite
0.9114745855331421,1.1640717062849202,2.157053056655211,0.9967884714283761,5.0635223388671875,103.05259518152559,2.390503969265332,90.86561524917646,1.181785704573137,overwrite
0.9974644780158997,1.1483504786586483,2.0787099584480067,0.9963612615756278,3.19171142578125,163.71631429922203,4.571253152186135,121.9340345023574,1.1342325196900895,overwrite
0.9783618450164795,1.1144006698085454,1.7192132702658875,0.9736522610124565,0.5647125244140625,176.94699851212366,3.7362196138298454,117.29301594524942,1.2074196004797701,overwrite
0.9637988209724426,1.2378416028252628,2.1986885515622334,0.8915714354268296,2.0738372802734375,96.53140342822117,3.7876864036386464,100.48131510188965,1.0677184693506279,overwrite
0.9783276915550232,1.0715516014351618,2.357328267812188,0.9187422141140312,12.3228759765625,106.29504550760109,2.6787598065821285,133.37437234571448,1.451549685406866,overwrite
0.983643651008606,1.1120873312345063,1.6037933246643643,0.8842124487625671,5.4262237548828125,104.42645069234541,2.155230169250994,92.28371142432361,1.096477268290454,overwrite
0.8963819146156311,1.134005460736673,1.7756242340903883,1.0,3.2740020751953125,102.20223517337239,2.586344943747132,102.80830363731269,1.0991499640903866,overwrite
0.9156086444854736,1.1020364811453895,1.7301166545647932,0.9974852313852434,3.782867431640625,100.71932428026585,4.267900630484655,95.86984461251689,1.114763519780392,overwrite
0.8855388760566711,1.277299375490641,2.9420067702333994,0.9978837835246743,3.7976531982421875,82.96111671301394,6.858813554636021,111.23434115507405,1.1400314305886572,overwrite
0.8555651307106018,1.142356013902811,1.9177082450938867,0.9946937005445476,4.598175048828125,101.82671217558332,3.2684902884676887,102.17421005029972,1.0882330050825921,overwrite
0.9894968867301941,1.2368404238058384,2.3585281009693104,1.0,1.555633544921875,173.28375786307157,2.9826624834042588,134.40897094788002,1.1435543286047205,overwrite
0.9957720041275024,1.1919031092511905,2.5567873401337193,0.9170334019521648,6.3289337158203125,94.02671840296311,3.585793408189825,117.29206356389197,1.325696637423139,overwrite
0.9967061281204224,1.193562219193125,3.0779929946948745,0.9999861441413888,8.860870361328125,191.56151468333871,11.222537487089058,174.865966393969,1.565495599610819,overwrite
0.9748761653900146,1.0904245540859623,1.727091047434215,0.9142022527835947,5.6060943603515625,114.65914791162633,2.056290135803769,93.16098316091905,1.1392239133684212,overwrite
0.9870468378067017,1.0814758320680982,2.070072175856459,0.8489453856617551,4.4144439697265625,248.1819026771431,8.233935758667835,99.42710830172896,1.153614774564331,overwrite
0.8820934891700745,1.086792242969004,2.2818611845813233,0.9599231602919527,11.91217041015625,140.59856474999577,3.282005332226444,141.43190069041884,1.3259045004369547,overwrite
0.9925469160079956,1.24976431501588,1.9712869361990955,0.9255224878488191,3.8076324462890625,294.51445125903524,4.446180278204595,130.22574387953102,1.0833813452586976,overwrite
0.9329352378845215,1.312740299452277,3.2038546549911118,1.0,11.196701049804688,112.04617575842067,2.552101693921586,159.99086059735947,1.4955418448745053,overwrite
0.9957494735717773,1.0813793908569755,1.8763138582722043,1.0,5.8126068115234375,181.3253006782702,3.2086258579922533,120.61465118556562,1.1926725913679856,overwrite
0.8797340989112854,1.1240330492381028,1.610779072387289,0.9850970065350573,0.5982818603515625,77.08804314601615,2.472272885058331,119.27874524023028,1.0770782512644377,overwrite
0.8879595398902893,1.1284735499505794,2.431614949040047,0.9977153277932626,2.43548583984375,98.79965957066214,2.101310548479137,138.84220987190605,1.062464273716614,overwrite
0.9984865784645081,1.1474216300679334,2.0546890270937723,0.9044274042713334,3.3601531982421875,150.47693916194942,6.4246474799101945,90.70995148070725,1.1359819645011038,overwrite
0.9526807069778442,1.2098614184201184,2.1452637234641125,0.9931162598348139,4.642425537109375,133.45326789881207,8.565258743572155,65.16505600281234,1.3671944894834542,overwrite
0.9951930046081543,1.1350233168153498,1.9894151287923487,0.9267907839082771,3.5268096923828125,294.3723113011383,5.404135722149242,171.75498248270202,1.1517738764971266,overwrite
0.9325464963912964,1.1527574327224848,1.8484916709210804,1.0,6.5128936767578125,97.8614301561971,2.8100188157680783,130.02774627987435,1.1617057679278169,overwrite
0.9723606109619141,1.1032913755915397,1.9961163641350956,0.9937634432378868,1.6965179443359375,96.15559103254714,3.0752292403861974,79.13643381759444,1.07376877302214,overwrite
0.9338152408599854,1.0966905011700872,1.8843959112998807,0.9955705024258973,4.83355712890625,141.26215759287672,2.8366678736589455,95.8758577910049,1.1998616647692717,overwrite
0.8140379190444946,1.1737245707456194,2.1767931694003084,0.9997272650458202,9.134002685546875,109.44742535489337,5.004567611104525,129.0685744943788,1.307961689776055,overwrite
0.9600721597671509,1.1664928040776184,1.9106384979726958,0.9083325055223321,8.104202270507812,150.72439817993995,3.413813053318942,115.09399364892758,1.186057389932486,overwrite
0.8795475363731384,1.1616201672908204,2.18797683734204,0.9989697017800743,3.55059814453125,139.43766449455686,3.0273482921511627,112.53618186757913,1.157215186155685,overwrite
0.9487061500549316,1.2238483871364154,2.9542667302478085,0.9802084961220436,3.675079345703125,96.60093951566076,2.6569079970526057,125.17051849483619,1.1186027015630475,overwrite
0.9896629452705383,1.2575690609014714,1.8089957774331613,0.99789967680932,2.932281494140625,220.58229453838996,92.02535459971978,116.09713507101691,1.1343358986629897,overwrite
0.8859509825706482,1.0935391089243172,2.2815246921123853,0.9913273786353214,3.8597869873046875,109.00584316603015,3.5406398968038046,132.81840934893893,1.26942736450253,overwrite
0.9953977465629578,1.245755138401514,2.124649797762833,0.9962806153925187,6.5749969482421875,137.82031062667582,3.2228961182252833,102.6386264697176,1.10641319191496,overwrite
0.9626522064208984,1.108270658437354,2.9492136078036704,0.9999819020251611,1.825439453125,122.82700924284461,2.6642093489711884,149.62201016283666,1.4755769898320328,overwrite
0.9997447729110718,1.101567864346408,1.949498601621478,1.0,3.07635498046875,114.43215201212689,3.7243353157250305,138.0593645998152,1.1022754626530153,overwrite
0.9688169956207275,1.1747704544702635,1.8438994592499254,0.9708381943790492,0.2273101806640625,152.62697016072337,2.766554882332215,110.10387354925815,1.0640429849722999,overwrite
0.9294997453689575,1.1706004088914579,2.1053526019541007,0.864600275932321,3.5074005126953125,217.91930232153905,6.079921784876807,111.38647515035954,1.1571289978936607,overwrite
0.9903253316879272,1.2537011794647055,2.165693057986126,0.9991067201563005,3.6208648681640625,237.6254971862916,21.547383300864816,157.76312095997102,1.306944539377118,overwrite
0.991815984249115,1.1137495944185376,1.8884631551452178,0.9981821040403374,6.0956573486328125,161.7911999074368,3.085551959814947,122.2698239113268,1.3002939068889863,overwrite
0.9998747706413269,1.1628888632359744,2.0686700091549772,1.0,6.3593902587890625,118.02043088531563,1.8725111718144232,105.93069723771639,1.2057460794373478,overwrite
0.9480583071708679,1.1441508208038498,2.093271548940294,0.996750950900576,6.2485504150390625,215.66812297965868,5.822728449526039,125.07639592748421,1.2827149279829375,overwrite
0.9934921264648438,1.1844703925810764,1.8253310769380058,0.8962078191124938,4.9393310546875,140.74190183449718,3.048125906493384,103.74852622390651,1.0929260668034668,overwrite
0.9975525736808777,1.207406803077826,2.007668346203216,0.8869154075324701,3.3781280517578125,237.23007582401107,13.334336056305666,97.18905796531803,1.1094716844440506,overwrite
0.9094001650810242,1.1852619319649698,1.94918619084158,0.9839163154796857,0.8197479248046875,139.2832771837374,2.2506779673273987,150.01854256865442,1.152131938632189,overwrite
0.9223936796188354,1.116019152027482,2.2889049575998563,0.9846119147428893,8.860641479492188,95.95716407375832,2.5318962946421633,78.47457325323288,1.225746132399738,overwrite
0.8668762445449829,1.317985040605333,2.5614552310240124,0.9807539537599602,0.58349609375,97.68570952839778,4.980616847152959,94.52089371321381,1.1617137107641446,overwrite
0.8926646113395691,1.1695526957403517,3.0345234198648585,0.9948448526307957,4.6158599853515625,103.16512580826381,10.131106558376626,160.40802240793803,1.382012480284392,overwrite
0.9860737323760986,1.1297739678239287,2.55039784252909,0.9935257463975895,5.8714599609375,171.7344341918533,390.7341673182174,96.79712245616251,1.3057206425729357,overwrite
0.878930926322937,1.1533531686224563,2.2255262052054823,0.9278780875773333,8.2412109375,93.94192536858321,13.857101643398073,123.96190910901548,1.1765085991476827,overwrite
0.837340772151947,1.185396755806374,2.0944075466632777,0.9936448355836981,0.2894439697265625,111.37348545929149,2.029596404512808,137.20530996438168,1.052188144776091,overwrite
0.9815405607223511,1.0656096161667419,2.4871484395891166,1.0,6.18255615234375,158.03880773369085,4.294190654160707,117.42355167756405,1.2993100730960476,overwrite
0.9197699427604675,1.1273191685893635,1.8767964087475086,0.896658356144333,4.817840576171875,207.42613256042213,4.453903706052339,113.13369668099125,1.1503833200547433,overwrite
0.986288845539093,1.1004251904626674,1.8070236885495359,0.9945757586923641,9.790817260742188,108.14966708821385,5.243810415910569,115.82430048323813,1.1537873313890845,overwrite
0.9245216846466064,1.1289972839177305,1.8038860772162466,0.9999530331490732,4.2864837646484375,123.59272018029895,2.8063893130536184,102.36520700483348,1.1348183830158105,overwrite
0.8778660893440247,1.1236938551867,1.7711941535464928,0.9952116151423552,9.906982421875,86.80615347709261,5.595641603590657,101.57350209808415,1.1852030227132881,overwrite
0.8830153942108154,1.2431189317440137,2.298615720467137,0.914252083847467,3.2555084228515625,124.69408581498783,5.8532149202247945,103.30762614455371,1.0579165433039293,overwrite
0.9181606769561768,1.3002671948563067,2.4261007195662403,1.0,7.7562713623046875,124.41417378903621,2.155802343426648,144.46539248187395,1.2425375487450085,overwrite
0.9548547863960266,1.098129578089927,1.7808874221332378,0.8852440437089688,3.7862091064453125,119.85589415934776,3.0657272723512845,84.46564294448007,1.0953724063169559,overwrite
0.96861732006073,1.1308327757274144,1.9891107501881187,0.9057769452447091,7.1387939453125,227.77448692434328,5.968798066024747,117.86365612701698,1.1481388857527814,overwrite
0.9454332590103149,1.2243412091686205,3.4582223973002573,0.9991385202445043,3.8477630615234375,100.03407330212006,3.023839992983547,132.36034877184935,1.3827492071079714,overwrite
0.8957595825195312,1.1542236481497785,2.070163828044202,0.996295360869658,6.9210357666015625,97.83052682080032,2.6255121725254216,81.69932463152381,1.4148659367567287,overwrite
0.999422550201416,1.2445582354293814,2.5472491184349444,0.9988314321268293,2.911346435546875,238.90752746700522,123.97509193243401,103.38998981533929,1.1758252762505519,overwrite
0.883720874786377,1.1352116071569158,1.8998785199778203,0.9995096158014044,3.6016845703125,132.41543819819574,3.8298095946068194,80.60616037899564,1.086653888855069,overwrite
0.8712616562843323,1.0814936281645606,2.5891058351351566,0.9973174252794651,0.368438720703125,112.03176554560599,2.3930798487296383,143.9120879210524,1.3448411936868436,overwrite
0.984742283821106,1.1770969137371667,2.2769997592265026,0.9208549284699719,6.9896240234375,107.99036715446725,2.090287823614506,125.853994170505,1.3412938953486733,overwrite
0.996593713760376,1.212496273971586,1.9074604736915972,1.0,3.6851806640625,291.9991979397112,4097.259778430929,178.81550989673488,1.2036892134498287,overwrite
0.9621732234954834,1.1599611873147075,1.9356071410381475,0.8961807259296801,4.605682373046875,94.3198225542242,11.851913782497897,107.26162314679418,1.200345151165088,overwrite
0.9850130081176758,1.0402519875537597,1.9876206960984315,1.0,8.939208984375,155.25779488837762,3.859099913775976,105.45874371876556,1.1625846516316705,overwrite
0.974276065826416,1.192344316834177,1.9925112413508328,0.9999984128876648,6.3993682861328125,164.04479657959783,3.061024177105689,94.82739837602003,1.1937647289642443,overwrite
0.9999022483825684,1.1456348955144908,2.74266164376484,0.9921739164313585,7.145263671875,243.37509105791395,395.57546634830624,125.20143909470427,1.2085771215358039,overwrite
0.9395230412483215,1.1771912767355146,2.0289495318624735,0.9981510203726618,1.47747802734375,144.91472987722491,2.7189794969616856,103.72526924738935,1.0917000989253693,overwrite
0.8734499216079712,1.1467309438715974,1.906011750956596,1.0,3.349609375,99.93307814028411,4.175024007560476,107.45607943592374,1.0732288827813359,overwrite
0.9125555157661438,1.1589886713480986,1.8568835302532787,0.9650860255406212,3.1756134033203125,95.34822094526028,2.130459357480026,107.71408597025675,1.1656642737347378,overwrite
0.9459608793258667,1.1527079346043376,1.9396468287983135,0.9858088141827877,3.909515380859375,96.6985905099413,2.438035455469189,109.01772298938135,1.1978111378668228,overwrite
0.9610999822616577,1.1941259697735405,2.311989613579695,1.0,12.434158325195312,217.22302319598808,7.0158563435473775,176.1206113116429,1.4297481735458915,overwrite
0.9807332158088684,1.2087757145484428,1.9901173600664668,0.8822396422375457,4.609649658203125,91.97137476627596,2.6586857298045503,106.8332646119089,1.1205251098935287,overwrite
0.9502279758453369,1.1380365943889452,2.134491656997245,0.9240426396406886,5.017333984375,107.10126460223448,3.02172337348716,96.59149245031094,1.115214128437957,overwrite
0.9010877013206482,1.118677347512868,1.9284102198563895,1.0,2.472015380859375,92.34768667641376,3.0157842121744998,117.82841995318648,1.1357153283989414,overwrite
0.9988640546798706,1.136946512451667,2.1962633164695182,1.0,4.5888824462890625,266.12342644164016,5632.043524416136,105.95334206098444,1.1345552050074428,overwrite
0.9224773645401001,1.1978258359663723,2.246408496568308,0.993475590683082,4.453399658203125,62.75359367793741,3.801491878930462,74.6484377095381,1.1236502179249537,overwrite
0.9645358324050903,1.1701285292716805,1.8175192499041108,0.9220427719489837,7.6418914794921875,131.92631296156603,4.244153996550655,127.15081713271589,1.156155891898529,overwrite
0.9969115853309631,1.0788110991650732,1.9908452281535485,0.8743184816630728,5.386077880859375,100.84081260698608,2.6533398229268066,104.49779519966984,1.2782401495302065,overwrite
0.9477246999740601,1.1575445687740271,2.1959298990561957,0.9999997675725673,3.988677978515625,114.71852889505898,2.6316092724961515,107.36749213553584,1.2121125187087332,overwrite
0.9639281034469604,1.0020690543355635,2.035438687238622,0.9047029949695996,3.5360107421875,250.6791812857261,5.049869725152891,105.00805455188973,1.150001197642191,overwrite
0.8719464540481567,0.998262228987425,2.0571990399652633,0.9920220236830778,5.862030029296875,83.32459644581128,3.694610365820745,71.9427940027368,1.2799242348076922,overwrite
0.8642531633377075,1.138473685597056,1.9527319613653398,0.8358278880611036,5.2010498046875,104.74358082148265,2.675418393422621,96.74354021159297,1.1621988271075792,overwrite
0.9210453629493713,1.2047341578334194,2.0457926032397755,0.943336889527272,3.2438812255859375,103.7227813307695,2.9261462580244073,99.80801996309887,1.2725803339004096,overwrite
0.9270927309989929,1.179120188579785,1.9135998868913975,0.9190713788707688,6.4505462646484375,110.52147767581391,5.1253165745200135,99.27425001120912,1.2098831126210203,overwrite
0.8688452839851379,1.1765460336461384,1.7558737045613646,0.920349530189641,7.4472808837890625,99.82676251639967,1.7680684224638434,106.45878033432666,1.2100694110787815,overwrite
0.8820957541465759,1.152112879529856,1.9036914294179903,0.973329459628691,3.396209716796875,100.2672509877202,2.4759480912183442,103.79283158061936,1.2036055611655383,overwrite
0.9930724501609802,1.1473754187228733,2.20499884080305,1.0,4.6954345703125,109.89566608182257,2.4945765289515163,114.52138368021696,1.121832858995738,overwrite
0.8837307691574097,1.0501317247399184,2.7301304642736346,0.9997412217658995,5.5960693359375,102.94023461129994,2.8667622485671553,133.78668507813688,1.55363311805664,overwrite
0.9927704334259033,1.2638237033814594,2.054150071637339,0.9306913732687643,2.4767913818359375,280.3104981111544,4.544258496765336,161.4558905698797,1.09783507123289,overwrite
0.9280219078063965,1.199280683189688,1.7030393446324872,0.886639191205965,7.51495361328125,101.98707339937401,3.055974177142968,107.98440361307266,1.1036308675800468,overwrite
0.9965547919273376,1.1644320783005309,1.8660638574916126,1.0,6.280303955078125,218.98166679905074,7.463310116726821,152.7441023405724,1.1540407949920397,overwrite
0.847963273525238,1.2085734802575359,1.941178060354827,0.9990282014373338,5.0965423583984375,99.11942978878162,2.6118347628297465,108.94348236259343,1.0992135862930978,overwrite
0.9998836517333984,1.2692603343622288,2.452717389099064,1.0,5.046478271484375,268.0533449461559,6468.513227513227,158.8088790254545,1.0868273705101865,overwrite
0.9979561567306519,1.136577507544185,2.1166148212434432,0.9985439662824092,3.217559814453125,133.70236101345492,2.497320959673944,122.19892771862375,1.1706981777681633,overwrite
0.9147288203239441,1.1647569364354435,1.9720384543914393,0.998460761963353,3.0718841552734375,77.9899614281123,3.54323196821843,97.74732809272545,1.1154493359356759,overwrite
0.8976362943649292,1.247189245970611,2.349531266347284,1.0,3.6295013427734375,108.06894382504686,3.225262518906207,106.57378228755195,1.1598719954452665,overwrite
0.9904702305793762,1.1459160078037283,1.7604975475553934,0.8531159534965845,6.3491668701171875,244.72411982330374,6.853769932256765,113.23992116316265,1.1360510679897864,overwrite
0.9436407685279846,1.2361523747960808,2.5319086775208226,0.9970159923973572,1.8565216064453125,95.17149736828013,2.904845731072964,126.50926909775413,1.1899591282062427,overwrite
0.8544090390205383,1.139888661280765,1.828695701549762,0.9824700068089567,4.6782989501953125,103.38859752097221,2.221826590268586,109.33555939456585,1.2279996550211916,overwrite
0.9942614436149597,1.1608797552923775,2.3813624862054685,0.9943923122457498,5.651885986328125,304.328583020353,4762.8990470518165,142.34366423607236,1.112765579755035,overwrite
0.9505201578140259,1.2025763958826168,1.7587625185631264,0.9974290638515421,3.7569732666015625,108.73700095904559,2.172572488157201,90.6284173500522,1.0818798436093338,overwrite
0.9279211163520813,1.1921605423626833,1.7954819316963873,0.9120861207839522,3.870330810546875,133.1657526675643,2.7072955273342583,125.5389458784004,1.0773319204491825,overwrite
0.9645625352859497,1.1788001604887033,2.1622855699959493,0.9813191196651577,5.0762939453125,251.44552050566224,92.96517327247805,131.95594298138485,1.1179069690596408,overwrite
0.9898301362991333,1.1851792680133504,1.95115958132429,0.9158821675638233,4.2169189453125,118.80334126825483,2.244302155056687,107.38479078978325,1.210529634439768,overwrite
0.9736546277999878,1.2211721139292562,2.1183820830042452,0.9366879389114426,7.2064971923828125,251.32797684598046,9.960218696853742,125.1562798380118,1.1559985004703106,overwrite
0.8495423793792725,1.0872330398955694,1.870479728486398,0.8803834652795335,3.0152435302734375,99.90766400521875,3.102905895759611,93.87279343033653,1.0744776129431868,overwrite
0.9424267411231995,1.1095175187030504,1.8854364808708504,0.9999943314067111,4.6871795654296875,113.73470358769546,1.9687004576742972,116.06541164144248,1.1045407953281694,overwrite
0.9978141188621521,1.2301980434802506,2.2990005419227293,0.8879612898714483,4.6621246337890625,141.7804649355514,2.7076605172544035,125.58394924032571,1.0619297693570509,overwrite
0.9939188957214355,1.2304189547924045,3.061950832926597,0.9917401233089513,3.285614013671875,275.5076195983184,18723.970695970696,131.66733957238102,1.402110364679176,overwrite
0.9978348016738892,1.178429213822186,2.7374413681001974,0.9923231672164339,3.9604339599609375,218.1164495820765,6.8680551631779965,183.9180621181319,1.2878454350729938,overwrite
0.9345372319221497,1.199372782399332,1.9863780707262457,0.9954337944014799,5.6125946044921875,149.61563245985235,2.329389392385381,152.85638629966297,1.137081175118705,overwrite
0.9734188318252563,1.1471557305881517,1.8368573398307646,0.8991245762031581,3.9862823486328125,95.56417702460762,3.994636854720077,90.13090548536681,1.0954928005691549,overwrite
0.9984989166259766,1.1794125076107382,2.0228872692852864,0.9983252153623198,4.473297119140625,247.5142936869478,254.8220650427524,112.10904213055744,1.1195737808754218,overwrite
0.9959138035774231,1.072855775457236,2.6306212100777975,0.97747217333617,1.94464111328125,154.7117082745686,12.405587165688312,134.6228122242217,1.202180497330236,overwrite
0.9559720158576965,1.2222882561808126,2.09919632460136,0.9973321107582976,3.1363525390625,79.76968926041175,3.419937030708417,110.31281330660511,1.2043739223503462,overwrite
0.9909552335739136,1.2151155275202956,1.8333025420405984,0.9087848140605856,5.109375,105.84043590422272,10.971238132936648,98.2167891294343,1.090186803356709,overwrite
0.9997882843017578,1.1797840540828137,1.9618425190512614,1.0,4.4073028564453125,255.86312825564409,912.6024726024726,83.12402484411527,1.0629758487949064,overwrite
0.9222289323806763,1.2889777238929803,3.074275760273471,0.9984002142326688,2.1077117919921875,123.83043477453778,2.22485832679516,119.13005976089087,1.2806965224206062,overwrite
0.9010143876075745,1.3103236542718295,2.968341958887219,0.9948039205795763,6.3823089599609375,83.50134730823893,7.111801522563003,108.69727991383554,1.1599810197366425,overwrite
0.969210147857666,1.1636157025760576,2.109383672845113,1.0,3.9885406494140625,163.0235460514269,6.628321648056782,106.11368392616538,1.2007300717990403,overwrite
0.8513228297233582,1.1536906115830763,1.8327666199283548,0.8921641160072291,2.840911865234375,105.63245098346404,2.269124114370661,92.2323074379859,1.1425368495531467,overwrite
0.9126813411712646,1.083610000084365,2.1996414906312407,0.9975223331402132,5.5229949951171875,135.03996128621637,6.289079145831803,125.3279577891686,1.1690824300545926,overwrite
0.8965216279029846,1.0722088948955244,1.9592991786313394,0.9968133167866801,5.8309478759765625,94.30592386847168,9.662287521440371,99.03931032644034,1.2271183973254847,spacing
0.8855250477790833,1.1954251435534025,2.262491915397236,0.9999288197335595,3.8427276611328125,98.42015379735118,2.615911720934397,97.21304720523675,1.1962865391181403,spacing
0.9448279142379761,1.1561433647977148,1.7254860635180314,0.8835923625081983,5.1021728515625,128.3837233274462,5.530991020394587,94.76925907360395,1.1733214278988382,spacing
0.9114573001861572,1.1803875919817768,1.7447766045992132,0.999989509570044,4.40643310546875,136.89419476950937,4.506604345609836,100.42161298046265,1.1359638799154557,spacing
0.9928163290023804,1.1901994393018651,1.9985024846921797,1.0,5.0174407958984375,154.00561225109834,3.696703914943218,105.16127001908012,1.2209722502425717,spacing
0.9326714873313904,1.1857051763407214,2.201887969053775,0.9939394861056039,2.80712890625,121.620839667254,2.1236761503351373,106.10475411441924,1.2213446467934599,spacing
0.8979960680007935,1.1212741108562152,1.9910239585671896,0.8968753337993479,5.332672119140625,140.96974473341004,3.3543914885265207,100.5310183067515,1.1233324027362808,spacing
0.8950720429420471,1.164650668783177,1.928593539945508,0.9974989376769361,6.420379638671875,98.21506637811544,1.7215530184001955,91.040007233317,1.0907114942482883,spacing
0.9992013573646545,1.2317785034372832,1.8836413547524118,1.0,4.4952850341796875,154.2159215316006,3.4872578232865146,99.52693974025186,1.0810112409904589,spacing
0.9947356581687927,1.0845250377422206,2.513686023274558,0.9999939484156956,3.5578460693359375,144.0393298233047,7.238083467131784,92.57800960867483,1.2532601968244996,spacing
0.9974210858345032,1.1095641179430873,1.880963734093084,0.9991826265795392,5.4076690673828125,277.0322267700246,336.0545633295101,116.42401619084396,1.1301821448965033,spacing
0.9993212223052979,1.2476483366480353,2.155336226676488,0.9136668224278915,4.8663482666015625,96.59890949084448,2.513646573119029,87.95191409695751,1.121037918580524,spacing
0.8849150538444519,1.0449016585158788,2.240326049754816,1.0,4.3837890625,97.29542740142,2.866308421979517,103.21236290625497,1.3088264828225802,spacing
0.9318340420722961,1.2109233679087428,2.0770699709208564,0.9611706883536831,3.7940216064453125,140.10203083103409,2.4287145506479826,94.79650166588901,1.2112419835598047,spacing
0.911125898361206,1.116017521339483,1.7574707073310745,0.9997212940803789,4.794769287109375,82.08715810344685,2.313470330341673,76.21252332530051,1.1121349471617394,spacing
0.9905730485916138,1.1750863432330572,1.6241587308508165,0.9033968188879721,5.8634185791015625,102.24576396104366,2.233726972237462,100.64404972148849,1.0831622511208598,spacing
0.8717770576477051,1.138312767087165,2.1499490723030843,0.9916297581835215,5.219329833984375,130.0717637587054,2.5136094748402558,90.12894355735473,1.1486580939424322,spacing
0.96608567237854,1.146405286842035,1.7898987935868484,0.9026805291113933,4.4415130615234375,210.28566801455517,6.12279041537091,99.17456515928437,1.1253205652841087,spacing
0.990828812122345,1.1918923174154503,1.8281323025906366,0.9761366337187888,5.6011810302734375,243.64730789413676,34.920236779351946,114.0495672211157,1.166691345546323,spacing
0.9862324595451355,1.1292442964869864,1.8261538973343168,0.9398325936460455,3.57879638671875,165.47978229680356,2.5621369879934086,119.1049198572921,1.0797643311229408,spacing
0.952183187007904,1.1822431158489874,1.9144228921279802,0.9989666609320851,4.5724945068359375,97.01686943292033,2.107771857128064,108.69255519300872,1.1072214905181912,spacing
0.9495407342910767,1.2745422460697364,1.7794432189510956,0.9998663545277378,4.625732421875,133.12564683266598,5.7996116705202585,89.27943162705643,1.1609007537591483,spacing
0.9253772497177124,1.1941029295910055,1.9250933971235957,0.998458514004142,3.771087646484375,102.6196537359583,2.5023145175591472,95.31747529587795,1.1072202224652945,spacing
0.9814680814743042,1.0968893202651342,1.7215801162044673,0.9188235037235101,6.273193359375,95.90964955745775,6.256445108697588,91.45467531846674,1.0826850034688573,spacing
0.9853821396827698,1.0750646691180663,2.133199723461472,1.0,3.449462890625,93.82105674034263,7.665079294590309,89.14132863937085,1.1225168064304267,spacing
0.8853979110717773,1.1590576453161237,1.800934214100464,0.9583040689301282,3.865142822265625,135.35235288474513,2.8097873114887015,93.21908240782246,1.094975586217329,spacing
0.8802289962768555,1.1912082937716655,1.9608365013297508,0.8848997539989263,4.3480987548828125,119.9848415859326,5.284346133292618,99.09325584264968,1.1820683137618215,spacing
0.9999406337738037,1.1099831553511548,1.8089268254111261,0.8808815500479662,5.19427490234375,234.761398077387,69.72169537647935,64.85749104798393,1.1226287283447842,spacing
0.9973894953727722,1.2320377387377044,2.5011398143421952,0.9971164209898472,4.09478759765625,182.50267846699677,28.484115953199975,111.94133673334004,1.268150614363273,spacing
0.9984266757965088,1.0833239403150379,2.2119229280786517,0.9999851944212582,5.8397674560546875,167.13670341582448,8.232149331691149,125.4854226540967,1.2616870688110755,spacing
0.879696249961853,1.0568831712391245,1.881446794826198,0.8416058415975928,3.3730621337890625,115.7536896649461,2.565733528194074,88.63703196953449,1.1663374113177367,spacing
0.9969072937965393,1.1280900370219011,1.9249827366991688,0.9882460096537106,4.4445037841796875,177.75019980607024,38.496599427053184,88.31504200992885,1.1691628287554272,spacing
0.9988213777542114,1.164224437596781,2.218846220109644,0.9979339402278301,5.8090057373046875,238.27093930384336,236.14355643125424,109.8396264093464,1.1997441237582018,spacing
0.8468544483184814,1.243474269730473,1.9574355840980613,0.9104824343530054,5.4674224853515625,115.97398107422072,2.383427414406676,95.62559617662562,1.1994218401942016,spacing
0.9438617825508118,1.1975242981952972,1.9188362129418608,1.0,6.2160491943359375,107.85663089152119,1.8739839644318488,102.74900115920948,1.2981284360972534,spacing
0.9764990210533142,1.1066365621827283,1.9688855051375878,0.8838278530361893,3.1703033447265625,124.76287730566163,2.9935536593282284,93.4344613618804,1.1848830654059848,spacing
0.8718874454498291,1.1659216610592553,2.2250016632160343,0.8615446197408659,4.2095947265625,155.10912642442372,3.840191819757133,96.83585013912361,1.1710308523078146,spacing
0.8522464036941528,1.229128899526555,1.7600324934118967,0.8840043668887191,4.767120361328125,128.39945743721623,2.495594760687282,85.83038822290088,1.1117532671511015,spacing
0.9567743539810181,1.0774276489590027,1.9922435346583647,0.9988140648728944,5.9517974853515625,143.29102800862225,2.1893053399229516,101.27462060737282,1.2325026320682746,spacing
0.9985947012901306,1.1004058114903625,2.2256444057953075,0.9674988468821384,3.9084320068359375,201.63497019704445,14.839235739117127,115.95866336975213,1.1374522967193528,spacing
0.9267557859420776,1.0986185944537832,1.6234044880544238,0.857812820130317,2.5508270263671875,178.3413502248537,3.5932401108150867,108.07776350022112,1.1922907197181003,spacing
0.9195727705955505,1.1824733574935313,1.9646837285869283,1.0,4.8958282470703125,98.66668426312566,2.56842425953722,99.43767042197433,1.1890664382797274,spacing
0.9525023698806763,1.2389347881940556,2.0541749513306846,0.9916262763649663,4.294281005859375,112.73657585696444,2.3853122707065477,110.27230131215391,1.0985202512285333,spacing
0.955795168876648,1.1740692199952474,1.7345519773691942,0.903074480355399,4.2292938232421875,163.54478702937737,3.91716060668793,96.79808311336139,1.0817290693961956,spacing
0.9988380670547485,1.2212035304810585,2.0639232537726295,0.9977630185789285,4.9228363037109375,245.94427637243894,67.62413873921852,126.34258678249842,1.139848347302891,spacing
0.8869814872741699,1.21101777237655,2.5598045661003876,1.0,6.201080322265625,99.19658006952733,3.0210393725768654,99.81584136574443,1.3947657668700024,spacing
0.9997828006744385,1.142381190866146,1.7258926188535113,1.0,5.3306121826171875,241.42265767932892,8.103815958255826,120.517361786101,1.0787778292727328,spacing
0.9314424991607666,1.014526115313386,2.280105353090195,0.8748448412874501,5.27301025390625,118.5891634257141,2.895748114851773,106.26745503703549,1.3291105078626866,spacing
0.9510085582733154,1.208387073577094,1.9438579184009153,0.9999992573433901,4.07781982421875,101.7543897853121,3.924845133876005,102.71185045851148,1.2203595070599156,spacing
0.8597133159637451,1.157932133535406,2.1455225556416435,0.9946089744515697,5.1031341552734375,72.00961090681199,2.74687790675691,78.60894474939964,1.2367309439008105,spacing
0.988589346408844,1.2683715980751384,2.379781484311404,0.9999174910397595,5.051239013671875,221.92395040306548,1430.6147798742138,92.73783495319265,1.2227044652968397,spacing
0.9986008405685425,1.1068082691715895,1.902117239733488,0.9999996193845729,4.8906097412109375,176.12608861793984,7.061547820407545,100.19141871847731,1.2899321247010866,spacing
0.9053808450698853,1.2505196096224949,2.483064638091452,0.998008112385531,4.30096435546875,119.39911066733953,3.094549037658464,106.27159374748989,1.1232664103596928,spacing
0.8827912211418152,1.1710479399803535,2.2663679133764716,0.9992175403498931,4.5359954833984375,117.3632238629302,1.7797243346983178,107.03965381931941,1.2487212303215867,spacing
0.8909856081008911,1.1652761450464562,1.9112854717843295,0.9851855894751544,5.789276123046875,98.09225372936908,10.464633735035886,105.71269987831273,1.3088002586910408,spacing
0.8157165050506592,1.1765943068672458,2.225369990430269,1.0,5.4591064453125,111.0270033715419,2.1913009478417975,100.4887064654471,1.3501252810755224,spacing
0.8971952199935913,1.1109270907028703,1.772147126986831,0.8988521146637376,2.68170166015625,108.14767679822992,3.7150245835123394,93.09929541481588,1.1330603483600228,spacing
0.9783660173416138,1.080351904498314,2.2099284976584306,1.0,3.7047882080078125,158.2149513323188,4.467549389252292,92.91695476057876,1.125765491062874,spacing
0.8664994835853577,1.1166823622268367,1.975860577172444,0.9970224932186837,2.16943359375,98.30127671641395,3.986354200001641,99.98669779293034,1.2624708692538213,spacing
0.994335412979126,1.194110305729889,2.040624186521722,0.9996015409580996,5.7156829833984375,218.20688388226236,179.93524502261388,93.43974586767905,1.2796938805434641,spacing
0.9993939399719238,1.1202518460477329,1.7257144339530686,0.9988641693257793,4.1827850341796875,238.48176030441883,215.85689876873755,77.73166429512862,1.1219394334301,spacing
0.9906965494155884,1.241616737233464,2.2592808598466436,0.9980833730689712,2.5115509033203125,265.72680252432184,93.71565289702055,125.50329406677442,1.0776252692034356,spacing
0.9948151111602783,1.1878476676177578,1.9228476503487417,0.9841920145195737,3.949127197265625,176.2340438741208,5.018507741082886,118.1421838847526,1.1185211887914146,spacing
0.9932790994644165,1.1307925600841457,1.9055533728410734,0.9026180079416759,5.3762359619140625,108.69148561656404,5.379369080478747,86.04903571486865,1.1016120836046526,spacing
0.8634491562843323,1.0013195572546043,1.9010101954908691,1.0,3.32928466796875,102.14736322173121,2.924687425067653,98.58414065129433,1.0802299361627747,spacing
0.9373080730438232,1.1458138046210318,1.6494813332327527,0.9784171883059901,5.950042724609375,97.49071071976755,3.129305502248228,106.05054049043015,1.1099563820254632,spacing
0.9975407123565674,1.1172834368119193,1.9617309807071002,0.9998509256824253,3.451690673828125,201.93701977503449,40.869578532225894,97.63855990852936,1.143099855388548,spacing
0.9152602553367615,1.227927003180772,2.049498363338955,0.9421992506326331,4.847808837890625,112.25303214556425,2.8732302614435854,110.48856808399962,1.096055413068019,spacing
0.8465938568115234,1.1704841957426906,1.968458531640366,1.0,3.5250701904296875,104.32558562870369,2.6950635934420024,107.01052697533612,1.1826971292969095,spacing
0.9825098514556885,1.213016535829104,1.8960931078151828,0.9937941826796078,5.40045166015625,152.81490999691658,2.8905762110083044,100.31902872170889,1.1110780741350779,spacing
0.991610586643219,1.1612483332943064,1.68612180029436,0.9990343085790595,3.000457763671875,218.19461002793616,14.386345052083334,115.82776919552954,1.0796883087493496,spacing
0.9428353309631348,1.1154119942210547,2.014149365207353,0.8860878064104556,6.0153656005859375,102.53631406835883,2.218688972832179,96.05460777984649,1.2719335160733938,spacing
0.9669896960258484,1.100075481931795,1.662372240392835,0.9869481021745302,4.5990753173828125,86.62523543602195,6.738088670146262,74.70397126243294,1.0817239697899097,spacing
0.8349717855453491,1.099205477201074,2.0461159771545434,0.9502484411666217,3.3092041015625,109.13763132745046,1.7137661192549323,100.42727014690652,1.1934424765452116,spacing
0.990189790725708,1.2695891304854459,2.789635587756731,0.9954419771509879,4.123809814453125,108.81277287497181,3.305901211978918,86.67669405221692,1.4679556332109327,spacing
0.9998120665550232,1.076461678089039,2.117303913637382,1.0,4.51708984375,99.72791379686221,18.23430776343398,107.7219127365519,1.1341448482533456,spacing
0.900683581829071,1.1365692156209077,1.998182443098319,0.9887017712663764,4.071624755859375,119.27304464089994,6.809368854500597,99.92287056783032,1.1682268554567037,spacing
0.896203339099884,1.1216177050303016,2.1644049497600326,0.999578217072992,6.1745452880859375,119.45894565646493,2.432088901027487,104.4956529015218,1.1630351128749226,spacing
0.9939861297607422,1.2330447370983193,2.1779566326919535,0.9090139087279947,5.0724029541015625,119.90183400153964,3.1851251520231405,89.80590640884648,1.2647865351304632,spacing
0.8757469058036804,1.13819298481859,1.9009855888580178,1.0,2.468780517578125,118.18880731541917,3.715335140698223,103.35052308159388,1.1135757413512408,spacing
0.9964765906333923,1.1533960653717528,2.1597967272995597,0.9823029553728965,2.5141754150390625,134.19341303606436,4.324560258753603,85.07714060817443,1.2248650541137907,spacing
0.9659892916679382,1.2296412172423232,2.1164645265184774,1.0,4.7799530029296875,119.71933704541064,8.434672596112842,100.52066958551234,1.0970099766679628,spacing
0.9225818514823914,1.1687908290556832,1.740665110229841,0.9884544474604849,4.181060791015625,131.36326213067613,4.303238774599427,96.89427464264067,1.088964756300371,spacing
0.9930241107940674,1.0921281798795717,1.573203845274772,0.9074701579690385,4.791778564453125,90.96316465764708,3.66019113523317,97.44524044441705,1.114643635057958,spacing
0.9702525734901428,1.1554134972820864,2.627650042463594,1.0,4.320404052734375,235.60537731206284,33.72967481539238,116.1524692680586,1.2996890147480005,spacing
0.916696310043335,1.2646178138786763,1.9242450775166786,0.9137536257949899,4.156463623046875,170.1633225691126,3.3348247484371734,111.28572339309346,1.2307272753955034,spacing
0.9505663514137268,1.1767652529902641,2.2053326467592993,1.0,5.4462738037109375,181.10652565476667,3.906110527335658,138.0348514314193,1.3537882979578248,spacing
0.9856166243553162,1.205810769302369,2.3025255112150367,0.877427546977158,3.96795654296875,107.45914831268506,3.3646668360915366,100.63698068935346,1.0599821239627274,spacing
0.9974592924118042,1.2418196439364761,2.396778620263427,1.0,5.0621795654296875,231.75825792734005,26.043331545093846,111.88182495396552,1.18517275871247,spacing
1.0000019073486328,1.2566558544044533,2.3131366728624974,1.0,4.6985626220703125,264.5673747985369,1719.9911518925119,119.05033390534338,1.1074278111916482,spacing
0.982186496257782,1.0774029882724396,2.139564322456977,0.9999631236535481,4.313232421875,84.28951583894079,3.0456008227722116,94.5994840845723,1.2336498190229792,spacing
0.9009447693824768,1.1476365383568106,1.9888396710066305,0.9954797383067843,2.3526763916015625,75.19444789251081,7.919907957376856,77.0101949355856,1.0889751830863044,spacing
0.9563639163970947,1.142578178812267,2.085783921035426,0.8569604773081078,3.6631622314453125,166.58647516766757,3.4127190691916476,102.77455440126,1.271509370500066,spacing
1.0000020265579224,1.1719461996666738,1.9257901333296055,1.0,4.7347259521484375,128.8241363132789,5.221585122849227,96.76498342830996,1.2182649262939744,spacing
0.9960085153579712,1.0982049771904243,1.9036575557112336,0.9718126141284846,4.6547393798828125,131.0053741150702,6.970998374432777,75.42912169676327,1.083653857528082,spacing
0.9452884197235107,1.0656985952645222,1.9493646637305195,0.9996409153886283,4.9799652099609375,89.92061545595018,2.880047453008576,95.03467293804957,1.1202369524796516,spacing
1.0000019073486328,1.2474422399543397,2.2512744406578364,0.9999997586657455,6.208343505859375,93.9683168655467,13.522287037665093,93.43970734398185,1.3437892981520876,spacing
0.8755922317504883,1.0025295804178522,2.118960913225737,0.9996747687234332,3.529327392578125,150.07603143782634,4.408705982229632,95.40520585113785,1.2610988426471605,spacing
0.905140221118927,1.0931010416316203,2.044097939885472,0.9997686892489281,3.96734619140625,105.37627275886702,3.245792707008426,106.54410782671938,1.28793224822282,spacing
0.9850103855133057,1.0777352740718795,2.1452694491486284,0.991572151832046,4.4643096923828125,150.4137571352266,158.61676441939028,61.80408618041814,1.2318197677316454,spacing
0.9213970899581909,1.1222239525687303,2.0855862227077657,1.0,4.5410614013671875,102.78507281335189,8.465141396566754,101.7531365308162,1.1027945250295994,spacing
0.9931843280792236,1.1741824851340639,2.5703432223822453,0.997097063975807,3.655303955078125,178.25725765101134,12.512440070568019,104.666654457541,1.37272114552139,spacing
0.9775022268295288,1.2528456162747843,2.058950327984014,0.9968628990845105,4.332550048828125,124.22547045156394,3.4510158023705806,83.8283041252935,1.1755171234465562,spacing
0.992755651473999,1.111488934303521,1.8443937562058639,0.9038273395768105,5.2674102783203125,104.60065207560285,1.9730280710350703,94.19887422650288,1.1268596456675493,spacing
0.8699820041656494,1.1717397179118454,1.7274591310036989,0.8815374757989676,4.278228759765625,99.75881461823171,2.567934595317828,88.12508341502482,1.0712126794411518,spacing
0.8467879891395569,1.1951596696814266,1.7797800505141357,0.995706033075918,4.8668060302734375,87.30125408218353,2.6852650029889458,102.43569401489349,1.171200606959209,spacing
0.913095235824585,1.1431256828796723,2.2639144528865005,0.8929181508722404,3.8893585205078125,90.59984825904755,3.242399388159002,83.42373004431926,1.0719750118461502,spacing
0.9894765019416809,1.170898156391856,2.1986483009466062,0.9540597290252328,5.013580322265625,119.87899417349232,4.723845294743646,72.06867526784686,1.2094856805477305,spacing
0.8835592865943909,1.1318899464246335,1.8814279941646044,0.9133824666760456,3.3780517578125,140.3755538888622,2.73398356133536,99.36398745774706,1.1219124061850325,spacing
0.9512836933135986,1.1415066126813196,1.7422610101223985,0.9984899130959715,5.265594482421875,90.25645171432895,3.3445233366434954,103.09295226255637,1.1375052878718188,spacing
0.8831139802932739,1.213137274152286,1.897451074910175,0.913153817228611,6.0346527099609375,154.7410815540842,3.3288532361809615,88.11380199389426,1.132937613872323,spacing
0.9477179646492004,1.2247574121274845,2.4852916215917067,0.9930398444364759,3.664886474609375,127.7781975909619,3.2530322673748744,99.38656275048497,1.2639222403294237,spacing
0.9798652529716492,1.1749128255999037,2.2798344041863943,0.9936819113852413,4.2679443359375,134.66000146664624,13.180106779528346,65.95871892497439,1.1683414353999735,spacing
0.8928143382072449,1.2357843567718085,2.0437681753231174,0.9603976708333402,3.2416839599609375,100.17813546166317,8.2734499371753,100.0281711833566,1.0826150024383656,spacing
0.9991047978401184,1.1230205011825765,1.8567687810694198,0.9229247915815961,2.69744873046875,282.93093765824756,25.141887749134945,98.96253956032135,1.252203627284686,spacing
0.9166291356086731,1.1842377310780017,1.6193112578724689,0.9179266658245782,4.48468017578125,109.32111168619035,2.5440455350265587,97.07400212109565,1.1276909683990066,spacing
0.8654212355613708,1.0881510682567024,1.8115350104902774,0.995024027954161,3.8358612060546875,65.89824658785902,2.6930819871856033,69.89889225007238,1.264121810005929,spacing
0.8515931367874146,1.107596026621989,2.0760470117287273,0.8474051800443284,2.3326568603515625,98.81441840453097,3.2271991547677916,87.05843899946794,1.0531219250641164,spacing
0.9980441331863403,1.0159255532362554,1.932344763092075,1.0,4.3174285888671875,217.94446568215054,8.699182377792326,121.25539592158586,1.116505364491361,spacing
0.9548332691192627,1.1193330471259015,1.9934613187755248,0.9051430835360905,5.0611724853515625,153.2681083387382,3.335968187346719,96.71390076139976,1.1253598927384,spacing
0.9940129518508911,1.132454563369486,1.8915174864076076,0.9891121361568244,4.419403076171875,277.5285820571599,226.05095545730433,133.73258214704404,1.0578519783777263,spacing
0.9697327613830566,1.0953092861898945,1.868653427443934,0.8935278051502467,3.611083984375,93.5885676068352,3.074401386832316,95.78087303992008,1.16071172374192,spacing
0.9513683319091797,1.2108465319053234,1.784279340698755,0.9120485293008204,2.7201385498046875,208.6859569404455,4.24398656240106,111.45907833044177,1.071914234141191,spacing
0.9998394250869751,1.1455379175611038,1.8611078452016483,0.995195643925807,2.9292449951171875,102.78192023708954,2.5065750749143834,107.30581374114843,1.119328434542945,spacing
0.821778416633606,1.1672121434887213,1.8028215010581825,0.9999518835597185,4.92315673828125,100.14110790284771,2.2042960479297884,83.1980574968374,1.1811032295398498,spacing
0.9733280539512634,1.1183775226771469,1.9792008738801812,0.9984176414972319,5.6064605712890625,146.64078886819638,2.2623240848913917,96.80881567054573,1.1944601261109065,spacing
0.9929577112197876,1.1672935956178916,1.906707658289954,0.9972918714848104,5.193115234375,217.18399443621232,209.60293442773414,114.9864235976978,1.183861212849865,spacing
0.9787945747375488,1.1560193173515247,1.7653215482092675,0.8770939163934999,3.3197479248046875,147.24310204972556,3.8371827206589737,97.69985293930965,1.184837640448867,spacing
0.9029716849327087,1.2311852940557497,1.959327336172825,0.9971599671988227,6.2721405029296875,127.84611057317738,2.4597899544223285,96.8924447006496,1.2292023712245568,spacing
0.901618480682373,1.277867774329984,2.22386057406494,0.9998395319506166,4.0565032958984375,186.31000901987272,6.980947355700711,108.8969602276962,1.134303256670336,spacing
0.8649216890335083,1.2269764180474503,1.8601092057515485,0.9941465768061837,4.6380767822265625,122.53593851016062,3.998187330424182,95.65785690719706,1.1102919258683255,spacing
0.8450259566307068,1.1507267004123616,2.2741796980172344,0.9922915903966797,2.8502960205078125,67.92991926372858,3.1614782701470516,59.94797940028216,1.292465589971495,spacing
0.9802349805831909,1.2138278791533008,2.003360611811487,0.9836215592308876,4.5604705810546875,179.19213540732693,71.23590986120642,90.97508777578632,1.0804745462605905,spacing
0.923285961151123,1.1578775433945014,1.798846471190318,1.0,3.89422607421875,114.56079235851752,6.8786150105294555,113.63446912970468,1.1259870573327007,spacing
0.869659423828125,1.1744394765139259,1.8216613772511019,0.9954050612158215,3.9349365234375,106.98709524842005,2.651612664963119,103.89965672362342,1.1424783631586044,spacing
0.9764869809150696,1.2064552991430286,1.9672842958606214,0.9869058613473684,3.812469482421875,94.45389409345114,4.471653901927013,57.471400407223676,1.1623871322450676,spacing
0.9984878301620483,1.0466669805956867,1.973315044314108,0.9987663013460464,4.71942138671875,219.81034923747987,18.25998771617541,106.48764130545126,1.0770322322733747,spacing
0.9898051023483276,1.155215646274766,1.9468540489826234,0.8790736345058399,3.4610137939453125,159.55657914196766,3.4561636610016464,100.13291220103083,1.1738002461352077,spacing
0.9041166305541992,1.1805441926558953,1.9990776208763708,0.9953524310111036,4.3845977783203125,101.63796759314926,4.9626464254838885,83.03825463205206,1.1556928797063382,spacing
0.9332907795906067,1.1854672457834015,1.946603923701851,0.9016166472441532,4.9688262939453125,168.32975385394946,3.90064656048591,103.47332351512617,1.1659549547443802,spacing
0.9539197683334351,1.3068187826981115,2.831552052572117,0.9979288769976344,4.439544677734375,146.37569029737227,6.72656795162687,107.17811824523369,1.1326390158383621,spacing
0.861503541469574,1.1989545914659383,2.143367665732625,0.9990516815253699,5.1668853759765625,104.95746928756205,4.172072498670935,108.93170011549076,1.2748094817672784,spacing
0.8845304250717163,1.2056057943282246,2.134427565484191,0.9936812656797085,4.840850830078125,82.81874621952896,2.0042764188212945,64.13526564145249,1.2665526638462599,spacing
1.0000003576278687,1.200717174548993,2.239173284509618,1.0,4.2914581298828125,110.86448986400396,8.740639667053147,103.57567562965107,1.2864118348382902,spacing
0.937646746635437,1.114809823975462,1.8797909068173129,0.9992034034476652,3.257049560546875,91.57475454575095,4.035347588169161,100.39271472195189,1.2625875983395152,spacing
0.9984865784645081,1.0721108577517862,1.8733139118472089,0.9982266063566242,3.84405517578125,214.14973423248665,14.030963025140268,107.96189290513757,1.2977621133787405,spacing
0.9295613169670105,1.1394780225498098,1.93539820605092,0.9989629351387826,3.2612762451171875,125.57165705126968,2.3675435057769354,109.01111977116905,1.2632689933504544,spacing
0.8095314502716064,1.1041133784517574,2.000171035285292,1.0,3.9818572998046875,126.73157628473932,4.835310719048481,111.17655609835856,1.1853069921045836,spacing
0.9396137595176697,1.0929432716675365,1.886459083929094,0.99991107683265,5.61517333984375,149.32405671118605,2.879683658090731,101.89665964062064,1.3416357439089674,spacing
0.995490312576294,1.1921322185365657,1.9234516810230315,0.9978031470413209,5.9673919677734375,162.0296531363715,2.5470255523900476,100.31625771452296,1.2394230537001198,spacing
0.9939459562301636,1.1075298663637725,2.26084664343451,0.999312044181529,3.975311279296875,111.19577193621188,3.347325223997046,107.64989063572538,1.2102705211543334,spacing
0.9917029738426208,1.1318115243666382,2.0404741890339473,0.9939806335342277,6.3748321533203125,177.3360747536915,4.132696117563127,109.56277715032508,1.1693285081873772,spacing
0.9117546081542969,1.145325576855464,1.9092639193213565,0.9981194458889006,5.009735107421875,118.64213603650609,4.8364849462916935,107.38991683336208,1.097568215827883,spacing
0.9677862524986267,1.2431463390522384,2.5121173904109266,0.8651964491103561,3.1251678466796875,112.06623937615781,2.921995307085755,93.51072833621625,1.1215258242190111,spacing
0.9745955467224121,1.1297345317212117,1.9999829144071255,0.9994456251361828,5.2183685302734375,153.03619329079575,2.9248721653316507,107.59731970228782,1.1013546756535975,spacing
0.9789788722991943,1.197619541553297,2.054119874074869,0.9978814772679706,2.958953857421875,234.4836874981888,74.35954952566482,113.54563725656665,1.3979528536595478,spacing
0.9664262533187866,1.137991725253174,1.6445622958039432,0.8909362789775114,3.9344482421875,99.18976346571998,7.461731917717319,87.86764667392276,1.1220249473371253,spacing
0.9959911704063416,1.0830294195838388,2.3720357931715554,0.9900654513535518,2.742645263671875,245.18698963754238,471.1103887895697,117.19164091930539,1.1485338218332315,spacing
0.9963003993034363,1.2004972306268271,2.1020126048844,0.9888545383022455,4.2201690673828125,305.8460696687902,5150.520988389401,161.48643097362708,1.1611318580079297,spacing
0.8952246904373169,1.0634458087331453,1.78393869046629,0.8663178016652158,2.93548583984375,163.96804148355184,3.6209889787657077,93.08863218867482,1.0866486642687434,spacing
0.9965072870254517,1.0413250780557712,1.784998837415646,0.9281086210256156,4.933013916015625,209.29033466169665,4.109923473355927,109.93912160979878,1.1636646710645968,spacing
0.9993255734443665,1.1069310433857047,2.1520225912385245,1.0,3.2790985107421875,237.0845531313582,17.770586686015434,108.15177407625691,1.279093967960028,spacing
0.9527909755706787,1.1873996715298178,1.8731646197679273,0.9999672378876022,5.00531005859375,227.05531801375815,8.02097838402728,129.7951276344019,1.0971667840199906,spacing
0.9672686457633972,1.1318978298796598,2.0453094197401325,0.898571000627268,5.290863037109375,217.81800739713952,5.193882445597939,109.99784201718687,1.244722700881642,spacing
0.994910478591919,1.025632407429637,1.8058920299583194,0.9982070839153944,4.668182373046875,163.59348846729702,4.687540769732551,111.90897441215526,1.0889638729972966,spacing
0.9483987092971802,1.244544958553319,2.070238998820479,0.999827649601882,3.7869415283203125,100.70732742062889,3.221663018018708,110.97579869781632,1.0787124956177048,spacing
0.8667888641357422,1.0854595580360016,1.8639073266967925,0.9999986212416447,4.1180572509765625,110.98076724523213,2.0705943181244484,95.63003352604544,1.1643126315064833,spacing
0.8506293296813965,1.1598880271085819,1.977481961418476,0.8760988326943955,3.478851318359375,135.61447695830225,3.804508372551524,98.35172778725612,1.250532517569827,spacing
0.9974532127380371,1.054642560489988,1.973617305374618,0.8282932136547296,2.8087005615234375,123.47652761868835,8.25513236937215,82.0127403882713,1.0575514360991367,spacing
0.9728299379348755,1.069101889785888,2.1854884627233964,0.880795676544518,2.88873291015625,242.69955596438422,7.7737251468282835,101.68014095474321,1.157969020382426,spacing
0.9916537404060364,1.22769641122494,2.2997629547589944,0.9999953638116936,5.3751373291015625,196.87559718928665,8.567617508326638,102.17335741075149,1.1286522556463525,spacing
0.9994218349456787,1.1744481205085642,1.9907606638721673,0.9999779102639713,5.2440643310546875,206.28117436155176,7.58521669715946,115.18249603766527,1.2569391656920195,spacing
1.000002384185791,1.1500889209156138,1.8473093033834371,1.0,3.34759521484375,228.82454508661587,252.9678411395689,69.06913212132054,1.0736857619526952,spacing
0.9983903169631958,1.0502827342979528,1.925756394723737,1.0,3.9553985595703125,226.36003002873187,13.4897303853105,128.35644396291607,1.2205963870748082,spacing
0.9985069632530212,1.2124653531806677,2.1103127460128817,1.0,4.072784423828125,139.05443331436464,3.6223553641640143,92.36353315035038,1.24215760326082,spacing
0.9979665279388428,1.1281869727587945,1.6933211855916614,0.9081180934445248,6.2689666748046875,109.02733177738301,1.6225359931705938,107.00029118453783,1.1308333886032307,spacing
0.8947550058364868,1.1246347851813763,2.018560397886914,0.9924015535450187,3.6947021484375,87.49753712759905,2.2336032193368003,73.8121480688662,1.062163635520976,spacing
0.9225186705589294,1.1981176118004213,1.999754920334926,0.9947915239939394,4.372222900390625,78.96396912606528,2.2963283833070114,87.19067571270874,1.2170212041726758,spacing
1.000001072883606,1.1236853984076112,2.0593598279174268,0.848083018668118,3.2131195068359375,234.18315055882834,535.0091842039394,60.95578541353941,1.1327660710353076,spacing
0.9480139017105103,1.1434432186442642,1.876254083274896,0.9938932909678936,5.46636962890625,204.7460379115523,6.151296000251383,137.46539556189353,1.1490628923574244,spacing
0.8901970386505127,1.0885789584844159,2.2621950319494633,0.9998785872017942,4.6349029541015625,141.5895071013206,3.966036814563679,103.03579512078356,1.1882590273101408,spacing
0.9649953246116638,1.0727024841746768,1.7428781921526835,0.919004897513837,6.476593017578125,162.58030644796895,2.5665608384351275,102.77637803234373,1.2400070615797734,spacing
0.8895655274391174,1.1262465493384248,1.882131585268416,0.9969308461800448,2.99462890625,99.6699294186329,4.108968304570064,84.7522447860448,1.138571737958538,spacing
0.9779831171035767,1.182931820935802,1.96476649063017,0.8711335396337168,3.424957275390625,122.31938202024526,2.4401682951827244,91.39541088243384,1.0687235327069258,spacing
0.9836461544036865,1.0972458145747175,1.7652956828625592,0.9999973013902768,4.77655029296875,212.58895842081958,423.8896984182054,88.7354555119534,1.1999190420307984,spacing
0.9694882035255432,1.1941508794811109,2.0194020252685556,0.9980550666537673,1.4384765625,114.5246471143226,2.6441058687211596,102.00659087908261,1.0663887498357854,spacing
0.9071714282035828,1.0512005431707594,1.971328350355036,0.9995100878048111,4.2036590576171875,146.41787586475763,2.1653557922089974,103.42598938061806,1.0828786339665668,spacing
0.8527333736419678,1.0963495250063175,1.9305237274078941,0.8856490991517229,3.5647125244140625,106.27644597534454,9.871129135350774,91.56495551643276,1.1661006030017176,spacing
0.9432148337364197,1.1097014338020614,1.9672993154294922,0.9240040605979867,4.7740020751953125,93.57625468170413,3.7560176439217954,102.29864683809876,1.104508737456159,spacing
0.9455074667930603,1.1564420193751421,1.8591030137788236,1.0,4.1793365478515625,138.0135126205359,3.595410560664876,119.02353186284378,1.237224323154681,spacing
0.95944744348526,1.1583127662663726,1.9673801787664027,0.899424410420147,4.1465911865234375,91.62511813399189,4.939904264807553,101.53044355647876,1.1375129075018096,spacing
0.8891776204109192,1.1431756383425038,2.0720431501289815,0.9606299307212603,3.2279052734375,126.66558575665384,3.414217745196217,110.45159585084804,1.2169302679980838,spacing
0.8774240016937256,1.185116421279335,2.050193984368446,1.0,4.968841552734375,100.64948819190626,4.202000743355351,103.04967007079217,1.1080559936112084,spacing
0.9155863523483276,1.0511223371774734,2.2218072520837073,1.0,5.9367218017578125,103.40929519011219,10.176892822363916,98.08500860725077,1.277094761597333,spacing
0.9171173572540283,1.1452457276585937,1.9331517741059803,0.999360915191072,4.3213653564453125,128.56161380537452,3.9636910986245977,98.73041310996854,1.1165372013756427,spacing
0.9091586470603943,1.1561903947447814,1.9925008577043246,0.9999993278058892,4.3958587646484375,102.35554051027742,2.679463506656899,104.47560986014774,1.0861205487490413,spacing
0.8387129902839661,1.2505358001408566,2.302522418499737,0.9733677784698103,3.626800537109375,117.49138027412636,3.4970260736447627,88.22526943405879,1.076435804203307,spacing
0.9048323631286621,1.2101625814840764,2.17142429416089,0.9689704810317169,4.9751129150390625,106.06848556141072,2.2114512099327186,94.80283537049846,1.1432541892239239,spacing
0.9892430305480957,1.2073335628241568,2.005437250501051,0.8521329352396539,5.871063232421875,236.27344736303695,2.7429934492221104,106.27889069298035,1.15165493678491,spacing
0.9999731183052063,1.2111764627798742,1.6805793302639822,1.0,3.6705780029296875,238.3983986088177,225.7941805298202,74.83493997932084,1.2135051332615896,spacing
0.9702985882759094,1.1731403341966289,2.2119496421795612,0.9935599558411997,4.9914093017578125,84.92083159565576,2.5974563658503587,74.4416451133642,1.3760353448587734,spacing
0.996886134147644,1.140029356285724,2.193811372803436,0.999711797756841,4.27264404296875,310.2844295150073,328.24487249224075,150.15503929454715,1.2159109614906671,spacing
0.9291415810585022,1.114479477503512,2.152492220292711,0.9978823341440431,5.0963287353515625,138.03591061718217,2.6013290458664002,96.23139064396231,1.0945391003053486,spacing
0.9160076379776001,1.1341286289570822,1.8524178420259303,0.8708560540661204,4.4104461669921875,117.34476392496472,5.6072174828664165,94.75292999513375,1.194785487120149,spacing
0.9334745407104492,1.2153375696867166,2.188473658246044,0.9985044979223988,4.0576171875,99.77753893985648,3.4226595890009954,86.53716842439738,1.1313102543181688,spacing
1.0000030994415283,1.1828302435240106,1.941363778431708,0.9999969990058357,4.5326080322265625,218.74273271586645,10.243657446355629,131.5283938705151,1.1962765298720905,spacing
0.8899127244949341,1.136571228696895,1.7165820894612474,0.9965792176582712,1.9694976806640625,87.84078401580051,1.9955011641096054,82.3154065951578,1.1498858397085685,spacing
0.9228871464729309,1.1958187932867381,2.0053960516239893,0.9938458844623747,2.8864593505859375,150.49145915615637,3.3039822457468713,108.21123771082762,1.2449281858762444,spacing
0.9315105676651001,1.0153805682942794,2.2414714124378943,0.9327206847543822,3.6417694091796875,126.80596977827531,4.523546556220279,96.49896329890905,1.3364052428283455,spacing
0.9964354038238525,1.2043594500961106,1.9942137924276426,0.9844060300706344,6.1901397705078125,291.86114814416896,21.358976840452826,132.98261855243268,1.2027977465096442,spacing
0.9975553154945374,1.0085982787624932,1.9172551708164691,0.999603381155,2.946807861328125,184.537019081186,4.133886248773322,107.90011572946725,1.241520120099794,erasure
0.9993765354156494,1.1704445351318422,2.048574849005847,0.9126087244606977,3.20025634765625,132.54271465937785,2.5497195704596156,103.32264546154427,1.2495971473624485,erasure
0.959185004234314,1.0978758773639732,1.8163518707176776,0.9059507236886228,5.00146484375,128.89481106727925,4.506042287400468,106.05583497119531,1.0738279499999153,erasure
0.906073272228241,1.1181120228923684,2.598721237319524,0.9999920026383828,3.922698974609375,89.91469823265292,13.594376773229719,87.64690810511317,1.181549368872819,erasure
0.9160654544830322,1.0965238837413707,1.7003500681775083,0.9964993600032938,2.5163116455078125,182.28613259294582,3.9465718731530735,106.93403318747168,1.0892004918284657,erasure
0.9711546897888184,1.2034000353455532,1.7806850931208174,1.0,5.0961761474609375,162.26546862405112,3.745785207300073,109.01427367819615,1.132652489839172,erasure
0.8085143566131592,1.2531167254847437,2.133371408717835,0.9985122460265262,4.473846435546875,119.2875958191543,2.30237881845174,99.81089541164022,1.1295737064086424,erasure
0.9400461912155151,1.2154077623811073,2.296457234856108,0.99998141573868,4.144134521484375,104.29467533970002,14.845093471046152,98.06902531534226,1.2897102479819325,erasure
0.9655823111534119,1.0446539294196775,1.9190888087268987,0.9996293244107783,3.6754608154296875,244.31601470763488,39.191390443392166,115.59449889736763,1.117623665947193,erasure
0.9779289364814758,1.1745810127982386,1.8441040592873823,0.9972404346562866,5.2796783447265625,103.90837441020639,2.292934396592153,85.03958149987119,1.1109624875373298,erasure
0.9928603768348694,1.1782453699804127,1.992129254180285,0.9960707349292437,5.0739593505859375,154.37654715469117,6.396846041667464,97.48750786653758,1.1503035714772043,erasure
0.9417608976364136,1.0675979232494572,1.9402959288994923,0.9946703953303455,4.849090576171875,113.66582516427242,2.083822940914847,103.39182986019838,1.1515255535200792,erasure
0.9004533290863037,1.1351412083921475,1.7792763410271493,0.9024152930575133,3.3162384033203125,130.1689934331771,4.568850593399447,91.62984768974786,1.1424283133227928,erasure
0.9747998714447021,1.092339026120241,1.9641347563261555,0.9915296358287196,4.5484161376953125,95.52518053345635,2.922078923689961,101.84234442726039,1.102608096127638,erasure
0.9427561163902283,1.2971881589653804,2.2763278505164357,0.9995994108077966,7.472747802734375,138.5635159977678,2.3705848319830847,117.62042933937936,1.3137691346182605,erasure
0.9805725812911987,1.1445601341582339,2.0905250697067195,0.8897273049829204,3.0792999267578125,122.1256013800126,3.629534820882575,95.28976822920161,1.1445623535094054,erasure
0.9985579252243042,1.251323356004345,2.437036823635369,0.9666342072482956,1.67034912109375,286.577784987308,229.51506718735587,128.66379142877076,1.2969817418022385,erasure
0.8948577046394348,1.174422186643293,2.217124175224711,1.0,5.83197021484375,130.05864490997348,2.755109950776319,110.14858164449771,1.1810758929925316,erasure
0.94954514503479,1.1561823487408713,2.138742795921177,0.9982757753188201,4.1626739501953125,120.12184566018195,3.720315900081806,90.57831437152956,1.0962568473239762,erasure
0.8899278044700623,1.1681817809652233,1.984658227831253,0.9849022646496961,3.6402130126953125,145.53145642921695,3.594489896607624,106.96938100964873,1.1348811889128065,erasure
0.9789854288101196,1.15953902940935,1.7956255904070924,0.9999993817754163,5.711517333984375,153.3855861733397,2.180930636342499,114.3233695481869,1.0768516258997614,erasure
0.9933300614356995,1.1016458114981311,2.3766795617217245,0.9976127082824425,5.2246246337890625,258.32580007338134,165.26415740098815,136.622378029813,1.1466668304380085,erasure
0.9966310262680054,1.1224260568249798,2.1665519834752804,0.9961308537628756,4.5358428955078125,172.5835201044223,546.0902096177558,54.06730703794791,1.3153692979175267,erasure
0.9475898146629333,1.0634857222403895,2.067895464772984,0.9999903915183279,4.1832275390625,78.82142335897406,2.347780800554746,86.20632495618617,1.1262738094975362,erasure
0.953033983707428,1.1202166089009,1.666338946294717,0.9282738688361355,4.3908233642578125,95.48118824855067,3.4680739772875273,96.55363019220117,1.240495323484579,erasure
0.9403777122497559,1.0509661988030665,2.2879011827166678,0.9923184557202556,3.6679534912109375,108.4225835181756,2.9143753468801736,102.62750840930141,1.2112561350230056,erasure
0.9894415736198425,1.1835616928015333,2.173362546532382,1.0,3.48297119140625,217.84881827347624,19.57613858137165,120.05373423170677,1.283646146382548,erasure
0.9392736554145813,1.1719869845523598,2.176182159587852,1.0,5.1507568359375,109.7793923231336,8.840778413926618,97.16306659942452,1.1584368425080662,erasure
0.8902530670166016,1.184707531485325,1.8405107973641308,0.9956754705472826,4.6598358154296875,135.7836789221372,2.736381853643926,97.9278423142662,1.0783015366041862,erasure
0.8558819890022278,1.1494243435559997,2.1350590661327744,0.9977103449648588,3.6415863037109375,112.49046173989875,3.27475612982513,101.43316512253587,1.2829831350114935,erasure
0.9389057159423828,1.1795489163655923,2.0677459302325136,0.9983654982859642,4.72930908203125,140.824758292582,2.946421542639494,101.91575278459415,1.1076834873564843,erasure
0.9473181962966919,1.1952015076283575,2.003496230435604,0.993955266552149,3.2582244873046875,95.91100642848399,2.666332809785042,97.43253076609118,1.1052755771053244,erasure
0.9965008497238159,1.2170268984697867,1.8550169611409795,0.9304810822461735,4.9535369873046875,202.4511370205799,4.464298611093817,116.38094062000332,1.1680887533973483,erasure
0.9546831846237183,1.1202292162483694,1.6208990828300405,0.9404736962694178,3.50994873046875,94.76750137842036,2.6163735137558213,93.31933785024566,1.1435758273961651,erasure
0.9965638518333435,1.2130541082330117,1.9826892046301914,0.999985282683183,4.63897705078125,190.0588972407462,7.388612631489749,104.12748821442244,1.1566870029008778,erasure
0.9951708912849426,1.1681316749423611,2.161391310925515,0.9976362051964913,4.2614288330078125,230.52710714537392,409.28209377526275,101.18539099570805,1.213332296209658,erasure
0.9557245969772339,1.1911372941935319,1.7850939604875269,0.8792183340165933,1.8649139404296875,127.84337076131925,2.4104537669022146,106.317186773623,1.120320650075194,erasure
0.9976425766944885,1.2164708217849753,1.9424738459429363,1.0,3.5436859130859375,194.2708987679486,5.772926340174409,111.56464972490616,1.1509861686456537,erasure
0.8672085404396057,1.204225796626643,2.0908213041314085,0.9999993394232687,4.089508056640625,111.8040791840025,2.349209125547183,110.43906437207534,1.1311150455860022,erasure
0.994808554649353,1.218640055703989,2.0688702730615134,0.8973784721036626,3.353668212890625,292.6133766494365,6.120947565710052,118.75269561341211,1.1111789695199241,erasure
0.8941975235939026,1.1441462731900756,1.806812191959579,0.996612025425452,3.677215576171875,114.47277299848717,1.9918682391826923,112.0249673028301,1.069339039473344,erasure
0.8806953430175781,1.2378479731176535,2.3495771070338045,0.9995735858764768,4.022796630859375,109.92390993521316,2.8491486132895663,93.97520795971876,1.169071207658502,erasure
0.9477200508117676,1.1135399051567982,1.8848455204344414,0.9089972200317264,4.795806884765625,104.28518279694629,6.230633842303765,92.29706293524315,1.0753946567989199,erasure
0.980553150177002,1.151244083233465,2.184184834566766,1.0,3.754180908203125,101.7651336128601,5.556044168718484,101.08351076722441,1.270589721126879,erasure
0.9306414127349854,1.1529850268471333,2.00524667131142,0.9595367238038689,1.891357421875,113.64811767207561,2.780544736520689,95.64454394495922,1.034709264811584,erasure
0.9982398748397827,1.1188764846090564,1.671023567914242,0.8453822971936015,3.2379150390625,105.81028038947186,2.6609313084041504,97.8099714036496,1.0504542945115452,erasure
0.8974342942237854,1.1235236420244337,2.341004945748586,1.0,3.40460205078125,114.43730363210302,3.1767524680618244,99.9299171070047,1.2000997271570444,erasure
0.9421809911727905,1.1553894699960898,2.1670021951331155,1.0,5.2200927734375,102.60925007423451,2.9171358085939696,105.46658483169303,1.310044182168098,erasure
0.9813762903213501,1.2135222824832474,1.827591630273574,0.9734861512452103,4.537750244140625,57.2349972493805,3.346577422423817,64.71721765716708,1.1174477639261953,erasure
0.9984114170074463,1.1770065122127973,2.064685011112615,0.9970597966800787,0.9545745849609375,168.4054165583907,3.5514911390728527,106.67770541640151,1.0704777572523956,erasure
0.8596316576004028,1.1381984873504398,2.1951542653505576,1.0,4.723541259765625,114.41167621704506,2.4807461202228605,106.50763072545593,1.0954804061564594,erasure
0.9095109701156616,1.135790625800416,1.7855663943211606,0.9060356003945758,5.6338348388671875,156.71287070069855,2.734789317828044,100.58901634958198,1.1316375297018224,erasure
0.9843041896820068,1.1357892401345384,1.620707934879732,0.8929120049343852,3.60174560546875,172.12576574447166,3.434063138084828,97.21897942650794,1.1459348826260896,erasure
0.8850913047790527,1.265097920945488,2.2494953120582846,0.997267782597785,6.055389404296875,109.2691235027214,3.0054668386715786,79.2169990011202,1.1250439578650495,erasure
0.9012583494186401,1.1784629912225715,1.8697597075987398,0.8965196493342924,4.7606201171875,107.17788286060748,2.3423305554438785,95.7464232019164,1.0865609860875056,erasure
0.9512720108032227,1.1263015122899123,1.7193669120199382,0.9997563675174833,4.4477386474609375,118.01709464084658,4.744049605830474,93.64655035421413,1.2174730539489762,erasure
0.9173405766487122,1.2209478273764094,2.023610836037173,0.9971176231652784,2.180816650390625,82.27511165598058,3.0223888478191996,104.14071192009357,1.075660842420097,erasure
0.9316470623016357,1.1139307547088446,1.8948221898114168,0.9572532235621766,2.4901275634765625,214.83311792684287,6.144429163949165,127.98567976984701,1.1265904545387628,erasure
0.9725749492645264,1.2345274069448047,2.099321595753803,0.9982416996813023,4.17999267578125,217.28858782826188,84.71500351146013,105.82864488920521,1.1669204040776795,erasure
0.9685986042022705,1.1460658987668897,2.148716451789374,0.9995721695007629,5.7901458740234375,89.6856305877268,3.1903310678859755,97.55903257042398,1.151587560795713,erasure
0.9057348370552063,1.1388902690848328,1.6642664296782002,0.8882158351447818,5.46661376953125,103.61611365134686,1.8661791793699187,97.98939614677002,1.0647844194193472,erasure
0.9868776798248291,1.2589595387594925,1.9572018227786667,0.9947422475489869,4.280853271484375,157.03626130102245,9.3455064653777,88.52381479361539,1.1633837536248028,erasure
0.8956281542778015,1.0469173152495808,1.8678114121470328,0.9993882237075197,4.5595855712890625,128.96002455468025,2.173350351716648,118.24671370720851,1.084463930134666,erasure
0.9954546093940735,1.1961369479074735,2.041110616730366,1.0,4.731292724609375,108.94137922205802,11.39214180237807,104.90002493982377,1.2088540825880287,erasure
0.903797447681427,1.1836929603309423,1.7019451352843964,0.9005219477636341,4.7428741455078125,172.90723194888847,3.566919424740186,96.73351178570469,1.1003873165435323,erasure
0.9949161410331726,1.020752598012911,2.20974184246265,0.9916190780675296,2.9727935791015625,182.99797278469015,3.9037458122532445,103.24537441671899,1.4430601862029877,erasure
0.9660199880599976,1.227247965373114,1.7068085237834891,0.9936102717108226,6.0921478271484375,149.2346795088158,2.199343078997757,105.4566936897067,1.1224481319766628,erasure
0.9618179798126221,1.216813803020962,1.8077873884874187,0.9800597784142928,4.7711639404296875,169.03932966828594,1.8551994503936664,115.60270006669211,1.0945451567535192,erasure
0.9975486993789673,1.1889090947659922,2.515896501940741,0.9982339722595746,3.6973114013671875,196.80331418712547,7.572137056770906,116.34450774893065,1.0668622944325554,erasure
0.9035117626190186,1.1812531263735604,1.8474599694860896,0.8996524712200977,4.2067718505859375,151.75084011871016,3.0285229698064526,101.39466609593511,1.0783821549627939,erasure
0.9811975359916687,1.103922104831796,1.7822829685242474,0.9999639650203074,4.49127197265625,180.40503280398875,3.2247406653117867,117.64932455149038,1.2094260966701535,erasure
0.9992613196372986,1.1322811353910707,2.030014033875173,0.9997808138592903,6.25543212890625,253.47695659307487,211.33660412475538,110.96219655862143,1.2145323741197998,erasure
0.9130572080612183,1.1328827075813988,2.0007908043828535,1.0,5.2696990966796875,159.28760396669324,3.2089658383098953,113.8621154778738,1.0942851502812898,erasure
0.9571118950843811,1.1858597462004075,1.6643533975559879,1.0,6.7157135009765625,151.07618617951326,2.1152083046733345,111.99729924039096,1.1240778558871662,erasure
0.926481306552887,1.112242042609478,1.8578007911309804,0.9998844238569754,4.381072998046875,106.0282983971908,6.85087789206286,101.23546801209787,1.0815262818504967,erasure
0.9830957055091858,1.142635611523465,1.7705851261729504,1.0,2.65289306640625,154.37313262176318,3.23235432907853,103.27173469601036,1.0962740517771354,erasure
0.9579818248748779,1.18186308837712,1.9655802234811597,0.9996756160882164,6.428558349609375,105.93804851956507,1.8391655299490164,102.75558930140508,1.2603134696090992,erasure
0.9102399945259094,1.1123068577516042,1.8497348985577908,0.9579150460064871,3.3858795166015625,103.25954004048201,2.237528313782877,97.1923910999555,1.0655253996290093,erasure
0.9113805294036865,1.2425014284039855,1.8747531741698396,0.9192815845251544,5.6082763671875,114.27150290003304,1.9888449127882954,99.11554362040067,1.1034969678028945,erasure
0.9955229759216309,1.1894007658333399,1.8794168266281777,0.999184855866221,4.545989990234375,92.5153511524073,2.4787574388558715,102.21001840488492,1.064742045226083,erasure
0.8910266757011414,1.1136408990232258,1.974074756030197,0.9982540092912654,3.5278167724609375,108.27753870734128,2.969719648098012,98.78656761320524,1.2308058753940665,erasure
0.9672113060951233,1.190884154563954,2.0884719495523525,1.0,4.3673858642578125,128.7987926575603,5.212629719374507,109.77529789080481,1.183774496018731,erasure
0.9936474561691284,1.2126393661311712,2.6158103508456203,0.9819019997287362,4.066925048828125,209.04115518111885,33.60385009017844,110.7782313033021,1.1959025415977005,erasure
0.9983041286468506,1.1135243428842296,2.322005531717772,0.9982892063888976,4.4145660400390625,232.5408165851305,117.02284135728023,102.6767814958329,1.31551123172964,erasure
0.829416036605835,1.1777662530014947,2.085282440366213,0.9990929978911459,5.8409576416015625,99.32132336046128,2.9881498119181717,106.29407126438535,1.124392418938225,erasure
0.9084979295730591,1.1607224625506478,2.003955311134107,0.954049950715206,4.043212890625,101.57611541192607,2.160493695705413,73.56126490458826,1.1986259763891387,erasure
0.9069643020629883,1.216638998872678,2.081576653638568,0.99024886466246,6.1998748779296875,114.0930836748987,2.4087523449098263,104.09276645339015,1.2600497289320056,erasure
0.9996048212051392,1.1691636256359532,2.2388343797105077,1.0,4.3419036865234375,162.14234652305808,4.865831282166033,133.81819769118349,1.0646366321044338,erasure
0.860373854637146,1.1615951958667419,1.7371764699407481,0.9955898891742818,2.98773193359375,76.67732011424191,2.067086554770954,73.30281968183986,1.1326002953662997,erasure
0.9986681342124939,1.1890711524784061,1.9080024225670587,1.0,3.45172119140625,174.2494149302537,2.9227974434831934,109.00649191749373,1.084226849432552,erasure
0.9381933212280273,1.0851812428353693,1.8216950579703413,0.996484089391042,5.4658660888671875,73.82109018005701,1.81345799339403,69.79491613242624,1.164189059689298,erasure
0.9583266973495483,1.265172283724909,2.1945873575729644,0.8987765237874816,4.6479949951171875,142.6978638289021,2.951608835114677,95.95837496489494,1.1099633154235082,erasure
0.8487491607666016,1.1295992169653604,1.980520805488668,0.8921916442449939,5.3450164794921875,139.86581649577695,4.66321554088961,109.20897158382998,1.2001742326547618,erasure
0.8892574906349182,1.1548406818188781,2.0481469342984453,1.0,5.94158935546875,103.44613119599846,2.0912476236051853,98.15543912867594,1.1221555061567066,erasure
0.9482187032699585,1.0875393249797123,2.0032581524592867,0.9999601898874789,3.725341796875,89.97157238230125,2.750305736628931,100.17402592789882,1.1520967119352943,erasure
0.8452022671699524,1.2870667568434562,2.144982762575201,0.9937263644974726,2.2039794921875,77.30534239896913,2.464460135262116,69.15200705344236,1.226632446044041,erasure
0.9986967444419861,1.1720702626487292,2.0470506054691278,0.896019028506358,3.7571868896484375,226.2822940598155,6.903927687575538,106.52751443579525,1.0399564721308345,erasure
0.8990064263343811,1.1566848818639823,1.9094520435245217,0.9487604663035318,3.649566650390625,103.52365233183711,5.34928617101447,95.65954063596149,1.1533337172104823,erasure
0.9983211755752563,1.0806586037561097,2.20439372370366,1.0,4.2198638916015625,235.29206754558496,19.7482451696939,115.34748186114864,1.2277168227211157,erasure
1.0000030994415283,1.2621399528721013,1.950012165071039,0.9936943966938748,3.259918212890625,224.0010409514401,154.8431158685065,63.36034066323441,1.169521877351373,erasure
0.9275586009025574,1.0577213539522825,2.163667626836713,0.86067179316103,3.4582366943359375,214.52370145867505,4.877854242036895,101.61011518707868,1.1642761000845163,erasure
0.887732744216919,1.2140061158857547,2.144985184936583,0.9987503442428378,1.3595123291015625,145.2695361553726,2.5302110413558374,113.94912565046184,1.0808474288954981,erasure
0.999189555644989,1.151259807405069,2.1685379932188757,0.981182887484794,2.733062744140625,282.30511761638314,216.21829409178739,100.37417954429839,1.1372674737338635,erasure
0.9111846685409546,1.2252169491581937,1.8103699218565528,0.9976346562135112,5.7458648681640625,119.45540678834087,2.2936526624782,99.52267911114836,1.2194736935165102,erasure
0.8936048746109009,1.1340658016103704,1.8464134042998377,0.9894783024452282,3.3996429443359375,92.91285116453686,2.5969735458135705,105.27641106324506,1.1768520922389072,erasure
0.9505793452262878,1.1948350100247846,2.2912820656073145,0.9965709729010944,3.95404052734375,124.14170381410432,2.2457881034399008,107.0224459577615,1.2713653466837203,erasure
0.9733206629753113,1.1503177315251905,1.7716429275593486,0.9833491373627381,2.76312255859375,94.62086795500682,2.2720542579332577,110.0378350135861,1.122693541928529,erasure
0.9823760986328125,1.0394984445942919,2.331194300718898,1.0,5.2207489013671875,108.39737189369467,2.4066506839655903,120.8736556133753,1.2380784390054012,erasure
0.887200117111206,1.074370366567874,1.9520465562180698,0.9949983605055605,3.041290283203125,115.95970739853863,3.5514383383144716,93.31780324823806,1.1688772634982676,erasure
0.9953913688659668,1.2023262854088157,2.065558503726784,1.0,5.3654937744140625,209.81668889953764,6.1737689000142675,104.52685331324054,1.1986166073376041,erasure
0.8777239322662354,1.233486285284004,1.8827120794904844,0.9967594149308017,4.2475433349609375,95.78304113854489,2.6304429879000355,100.43200265712741,1.0940843884080307,erasure
0.9970293045043945,1.1948126208687706,2.2219273111291593,0.9982591201031137,7.664031982421875,207.3133583271731,40.591738493546195,98.38355408042476,1.17622873384508,erasure
0.9652674198150635,1.2805866372675145,2.104422537341676,1.0,5.6364898681640625,133.75586028211254,2.8703765294273227,120.11033657761993,1.1714420475574652,erasure
0.9029009938240051,1.1027296915690015,2.3268081856451928,0.9848860850146183,4.8616180419921875,86.80558850877959,8.175276109499066,86.17335471567618,1.3243459029422808,erasure
0.9175491333007812,1.177358491101631,1.9056430403060547,0.9969980637823905,2.9296722412109375,114.80225570787762,5.549547706511781,79.06922831664373,1.1060687340524327,erasure
0.88065505027771,1.1223380020518028,2.140375581035406,0.9969091015341672,6.112457275390625,143.56964108447372,2.4395843250885525,104.61235968329154,1.1851979313280359,erasure
0.9345603585243225,1.1743553769176962,2.3826517876489057,0.9996277997813132,4.8304595947265625,93.52793505321432,3.253419102396622,95.34742461450855,1.1780181245375763,erasure
0.9863007068634033,1.1391528875560142,1.9251359097422833,0.9978579159187955,4.4899139404296875,217.78539222181942,198.14905665828783,109.29438010404931,1.1998268199733069,erasure
0.9961612224578857,1.1696287146067852,2.2884278619625786,1.0,5.432525634765625,107.3998408719916,6.952894642969553,83.45419273408133,1.272951089009686,erasure
0.8769506216049194,1.1856295557113004,1.9865905068243352,0.9927126305856123,3.9409637451171875,90.66834545906005,4.669034774626438,93.60947808339252,1.1126823428859218,erasure
0.9079427719116211,1.2216804616757992,1.9008997493888986,0.9112587097935786,6.769012451171875,164.61417735059362,2.6522096240015585,100.12404263769105,1.0960297577543552,erasure
0.9735135436058044,1.1771853025802443,2.01626146865544,1.0,4.7713165283203125,109.42749074218126,4.031162538704036,84.52967584486933,1.129792349643737,erasure
0.9604195952415466,1.072708316082126,1.7792661039259208,1.0,4.6181182861328125,119.86759624275282,2.414958059223,90.38164501204504,1.1027186146428645,erasure
0.8995654582977295,1.1932010988911852,2.0034068943795065,0.9971664131064372,3.827362060546875,95.12182244706027,2.2134480014217606,92.86343967800032,1.1597366709877035,erasure
0.9856442809104919,1.226707188563897,1.9148688668165559,0.995539104673077,3.9390411376953125,126.11350639853032,3.6643238898549053,75.21470790000824,1.087017908359966,erasure
0.839339554309845,1.1921561205779743,2.1800103832973052,0.9946572502446936,3.52685546875,103.85003683391454,4.041137944247955,76.73782575670657,1.1815916136101465,erasure
0.9164920449256897,1.1669838854172772,2.0203547403965967,0.9967044752878104,4.2539215087890625,124.77537293028514,1.8746807849554308,109.61915098602142,1.2593854424091935,erasure
0.9076324701309204,1.1332704024047262,1.7097005565367451,0.9107741205269136,3.863525390625,101.87509605969097,2.7020904489043196,90.40182747466199,1.1539242626878243,erasure
0.9899852871894836,1.188924515277872,2.0928907151176133,0.9871834700925048,4.1457672119140625,301.6994279767983,170.6899136012567,151.35555987478443,1.1863966059384108,erasure
0.9773333072662354,1.0990496739142697,2.244416957752762,0.9989777341103075,3.84161376953125,143.63278257212338,3.7966331296489364,95.4920478647716,1.2929882303433706,erasure
0.9043772220611572,1.1412010649390112,2.315429891554557,0.999380472151027,4.1684112548828125,112.87021297283822,2.6028437089478156,107.44121552615411,1.21250248659294,erasure
0.9978273510932922,1.1270083958601054,2.0450877621059877,0.9984290117645996,4.7437591552734375,235.78960097505322,49.3745078945538,108.24078244722125,1.1307313390778924,erasure
0.9012094140052795,1.1557015189652164,2.1315790641946597,0.9989647606861883,5.7131500244140625,100.20817067384475,4.235453485543654,107.7942751176691,1.2892769072421089,erasure
0.9885525703430176,1.1266681059659693,2.303123353125673,1.0,4.371856689453125,152.62150064161918,2.7742827769757885,100.04098357903909,1.2097321323475385,erasure
0.8563029170036316,1.2149194389456817,1.8189688238716544,0.995716842734308,4.27313232421875,103.85997999268777,1.9427727072760397,70.53540691271223,1.184931586296855,erasure
0.9765374660491943,1.1214248972098615,2.082292067352434,0.9999760484470482,4.5139312744140625,141.7874995043555,2.511476805183099,95.17842347480833,1.3164938603694076,erasure
0.9119347929954529,1.1762816247059809,1.8865595454863353,0.9230583446318946,1.5104217529296875,161.0623316476409,2.9403031406162095,104.54227353536498,1.046661378565199,erasure
0.9337928891181946,1.1709740315512307,1.807392310991779,0.9749661395641557,3.8810272216796875,96.06464299417213,2.1843474014945654,106.25372354764488,1.2167570965786043,erasure
0.9380283951759338,1.1097283863177385,2.0978052835928467,0.9995900823563219,3.167236328125,130.40726917952017,2.886702813110443,106.9435385686003,1.1743990957563692,erasure
0.9795939326286316,1.1822665122671345,1.9362870746954635,0.8837655724192095,2.9445037841796875,255.8600455965281,8.390662136162069,111.00034780306184,1.132748587967665,erasure
0.8376978039741516,1.1615799283530024,1.7634624434108441,0.8870789183228182,5.0289154052734375,142.71231706935842,3.470811777677374,95.86672721593251,1.106136526351068,merged
0.8943939208984375,1.138269426730366,1.9450187760852728,0.9656810211325444,4.518096923828125,91.11374058317722,4.064725298949062,104.87092661327762,1.25689922800447,merged
0.9126070737838745,1.2421259036131849,2.2568012747379753,1.0,4.3314666748046875,112.9276097320939,7.368427683681248,104.5365511173913,1.1268828212097057,merged
0.9954147338867188,1.1362884970053602,2.322968043280156,0.9867074685369054,2.8511199951171875,253.912394534326,33.334385023484714,140.06201401603636,1.231949028620494,merged
0.9651049971580505,1.1121141798472243,1.8832148613329323,0.9016832578767688,5.2434234619140625,99.88368299505052,2.1625424608070998,94.21844693133355,1.1688771393734751,merged
0.9000875353813171,1.2289963981018275,1.712047895003168,0.9693475561486468,3.7472076416015625,88.38038756577146,2.170228571123189,68.8655626159229,1.1347358360404647,merged
0.8726730346679688,1.125764760424435,1.8422456617403944,0.9807518713646474,34.24383544921875,133.70222367475495,2.120451710222192,136.2426788484461,1.057405618262151,merged
0.9937911629676819,1.126201860509088,2.185269754114231,1.0,33.83042907714844,143.7435982122998,3.29794732569655,118.22294204655792,1.2533759327979117,merged
0.9085738658905029,1.172042491167834,2.090709078687104,0.98631592897579,5.7882537841796875,148.72401119848854,2.7471058118540133,100.88837529728629,1.0865901125085797,merged
0.8853398561477661,1.1373726444331018,2.299164218712825,0.9704977353308297,14.86578369140625,101.57495781581787,3.9335865871852675,101.43925962570238,1.2150659761117075,merged
0.9643936157226562,1.2577156893160168,2.431855407556089,0.9998832147202992,28.976486206054688,118.68205141005024,4.350495261781227,92.0082426377451,1.0767744830898167,merged
0.9221662878990173,1.1557303123625164,2.0621542277290876,0.999957413562127,43.33317565917969,99.32173300177526,3.8153680871745026,126.39952140038544,1.0398197527395856,merged
0.990746259689331,1.1286251267852823,2.383021350443505,0.9999907795281102,3.3363037109375,187.7342116755937,5.882139769171499,138.1096267631973,1.2878942673877936,merged
0.9016392230987549,1.0996944170709522,1.8555476020923158,1.0,31.790267944335938,113.51336178858791,8.072989579476936,114.17871234437082,0.9568541697760233,merged
0.8670220375061035,1.0989026443281624,1.98951312455876,0.9702267784068958,27.479400634765625,104.95543917898301,2.723972810593098,102.9660108023103,1.2135192272053295,merged
0.8556711077690125,1.1033506779521776,1.6860412360608397,0.9600558504815148,4.0608367919921875,100.64014554062999,2.9518295325604744,111.85335419745024,1.0645042795870676,merged
0.9649546146392822,1.0648122545202778,2.2095445418369812,0.8975081137000294,28.354080200195312,229.5585129656959,6.65404862645334,119.56524092388929,1.1116279832113358,merged
0.9543582201004028,1.0715737391177176,2.0372685004956725,1.0,15.476333618164062,125.8507644349522,2.677935755263892,95.13288857233692,1.1622657768292248,merged
1.0000033378601074,1.194528096588162,2.185974742604685,0.891814206285576,3.8281097412109375,277.14701251770475,189.47921426621258,75.04637905226473,1.2380436667720462,merged
0.8665128350257874,1.1241236072147467,1.851887300786023,0.999933149442424,31.593505859375,129.42816107682205,2.9098183290004203,109.24516005688727,1.013012993354994,merged
0.8729095458984375,1.1236033894112811,1.5983950346411062,0.9762896442705833,4.5415191650390625,120.65153273387013,2.3255167873996214,104.694013890484,1.00006373115706,merged
0.886569082736969,1.2732421389321502,2.3428987530416387,1.0,6.5040740966796875,95.10669563177493,2.3256178754453956,108.09699772493477,1.3228502762184606,merged
0.9957481622695923,1.1368903852581866,2.108508918595529,0.9972686758928234,3.2851104736328125,222.31660907278726,376.88856165735655,98.35786672238687,1.1428520487808744,merged
0.9608628153800964,1.0255517179913292,1.8406927704175364,0.9997183907637227,40.0311279296875,182.12384153514435,7.215529675830199,117.21478714254076,1.0109911457257323,merged
0.9281080365180969,1.1792131932629064,1.8080285013277742,1.0,5.72454833984375,115.57930287220162,2.444039159333242,118.46040793161934,1.1920501352779935,merged
0.9315606355667114,1.1061848743846154,1.7678261678059195,0.9140415985123711,14.513824462890625,106.17263125691424,11.202097219187063,97.40565559011077,1.0968044904354415,merged
0.8662539720535278,1.1471809727035318,1.7953736568349663,0.8746479130557079,3.670806884765625,127.17067666287899,2.2127043510839886,98.86122269489903,1.0901795622897523,merged
1.0000033378601074,1.1422571441827751,1.7647419061458103,0.9948897151187386,5.492279052734375,111.01128962248768,7.59489629687727,106.89459769360825,1.2226069125427532,merged
0.945846676826477,1.070366531607072,2.114641501975009,1.0,26.8768310546875,107.95679404375704,2.631661773773479,100.39505442647229,1.2131395607809166,merged
0.958362877368927,1.0776588692110995,2.0895890607376364,0.9808807975882969,2.2711181640625,106.12076970612422,3.1084442628717985,107.76737135065468,1.0871412985689208,merged
0.9988359808921814,1.1963463957999632,2.017989137800413,0.9996839207083834,16.602569580078125,187.46914729234834,170.93127300253192,69.4108197047441,1.1978595163888817,merged
0.8141767978668213,1.1460214356827332,1.5336189715650763,0.8968505453249526,18.193466186523438,99.63992647886268,2.5187973931568552,92.47512885544958,1.0321496317211745,merged
0.9399536848068237,1.163568806616432,1.9242398300424524,1.0,24.40289306640625,148.44688879856494,6.159473947998121,89.11336980623308,1.101160849957103,merged
0.8923310041427612,1.0773696696514103,1.9229040838052776,0.9998327792297322,3.0139923095703125,104.99278930753171,2.477337177220779,109.62439374928884,1.303649694473831,merged
0.8822340369224548,1.1502903462375653,2.4140032976677186,0.999999289449345,4.6045074462890625,106.29216395680295,3.184470160075062,114.18803545887786,1.4825339494216352,merged
0.9870296716690063,1.2367297030691924,2.1993988662822463,0.9999285051198583,24.43798828125,121.91742642320492,4.529588225888308,100.27326675244979,1.1864002354110947,merged
0.9975793361663818,1.1873852280833408,2.018840560017282,0.9316906557438875,26.287857055664062,288.72024933021794,9.29811654710832,124.72302489634951,1.1018286221996432,merged
0.8684250712394714,1.1476932508313054,2.002030957477705,0.9999451603527612,30.781524658203125,87.63089137235879,3.1383376682041635,97.21944994281161,1.0190962843675841,merged
0.9940187931060791,1.2426379759587955,2.201098097185514,0.9737331637589395,3.0366058349609375,218.3983581221384,38.925503077002936,110.60371402740489,1.1655376372059167,merged
0.9991983771324158,1.1037061886422892,1.7264674478677324,0.9776016866657924,3.516571044921875,198.4078007260343,98.23687937382991,82.86264080307313,1.1941564263055082,merged
0.8944239020347595,1.1282304560171472,1.9450416689694172,1.0,15.391067504882812,114.90313940270798,2.9376449494790244,117.8383488468535,1.1866847260635827,merged
0.9257769584655762,1.1611893449612776,1.9406330406096337,0.9314406172143139,21.024276733398438,97.09331683071571,2.2930440087025494,111.15270733201652,1.1242941972946892,merged
0.9947468638420105,1.01400199046556,1.9423163501531673,0.8744483764299836,4.0364990234375,99.82436201363302,2.865577730678948,99.13731567861709,1.2579928509871987,merged
0.9024034738540649,1.0681924871881963,1.9072544079286464,1.0,4.189422607421875,137.17640704003068,2.3621968548790093,110.23024799809961,1.1122772270319816,merged
0.8846145868301392,1.0655584554899435,2.089151005453602,0.9534036812512877,34.54734802246094,101.90417429832058,2.3659653902843902,111.76613249209605,1.1099953022566544,merged
0.9985743761062622,1.2475597548181128,2.151735842560402,0.9701742068894228,2.3326568603515625,224.90878708046492,41.478766219607294,117.24174022595258,1.0599752571449703,merged
0.9995091557502747,1.0710084415943968,1.8305116670684682,0.9999283341484485,45.41815185546875,252.9178063225361,63.725905078385495,130.77412134593982,1.0888757459321117,merged
0.9186668395996094,1.036418367259844,2.217462175926294,0.9727615602972376,41.63993835449219,95.39119795380982,3.915880056500414,112.40197789997241,1.0495455721658762,merged
0.9635882377624512,1.1777387774092396,1.9733550239777564,0.9909066000677398,3.9746856689453125,141.07650844680285,9.404784524862329,85.21629319641097,1.1598801840924915,merged
0.9859707951545715,1.0471883498879622,1.8363429964940015,0.9931975966498311,3.6216888427734375,118.36572953094334,3.773047417215517,78.58822970599374,1.1715666814023786,merged
0.9948325157165527,1.0613997374885087,1.8575078945535304,0.9998947109686882,3.402862548828125,120.33931642702733,3.04573574183766,117.93602209658702,1.1178900669437124,merged
0.9671549797058105,1.1732148935650302,2.464913215627477,0.9966684541013276,4.8403472900390625,125.59850754173999,5.014301523180595,85.35841033465834,1.2510635084557928,merged
0.9530055522918701,1.1325166892797807,2.4103997673140936,1.0,4.771697998046875,196.99966326075383,15.015629173880335,123.94578449566296,1.2128565495513026,merged
0.9653472900390625,1.1185586191331465,1.7316985462516363,0.9194064457849311,4.6667022705078125,111.7177250886694,2.6931568117052147,104.72775017113378,1.08709557545593,merged
0.853239119052887,1.160012954546974,1.9963996363445513,0.9998174508599521,34.75152587890625,107.2058250035997,5.113799382505459,106.5215823723854,1.0383959059157657,merged
0.9736953377723694,1.1553661771073838,2.310031772160543,1.0,4.1762237548828125,256.8570327326655,17.88446461598893,124.25073151724386,1.351740190704846,merged
0.9939944744110107,1.1005897703572962,1.9982065601009886,0.8968280003820107,4.1630401611328125,96.70571739797798,9.065080676867282,86.55060902309361,1.2816107066408833,merged
0.8741796612739563,1.0625689328326107,1.5356574615522514,0.8716700021166048,2.985321044921875,103.27990070939349,3.2881557494580336,95.92958019877024,1.0535023673496944,merged
0.983506441116333,1.13440524055801,1.9982015153222947,1.0,8.476394653320312,102.6460140294437,2.3226134995833463,97.88100176753879,1.315316635813192,merged
0.9914796352386475,1.07107755751805,1.9967880368446782,0.9376648921454438,13.0208740234375,202.86945824404154,3.6754886508063302,143.59849995263122,1.0859900841334815,merged
0.9215373992919922,1.1979847413883664,1.849767204594168,0.8865894914756991,26.554611206054688,208.15746143611864,5.684568923144254,109.27037492207523,1.0503485253517766,merged
0.9794291257858276,1.148872074012072,2.1943395412272673,0.976225997066894,27.385238647460938,175.54221588776576,4.622190889193111,142.58583674771734,1.1632309318645593,merged
0.816457211971283,1.1472070400155339,1.650442849488954,0.9149413549349896,6.545562744140625,107.66814236599788,12.020202201683217,119.02214230298246,1.0218874359400396,merged
0.9058127403259277,1.0523680303598437,1.8707003427302922,0.9225075425406174,5.1955718994140625,152.1320549561079,2.3129749357305047,117.34452019224862,1.152556573681558,merged
0.9019505977630615,1.3080335085356143,2.221478503661131,0.9999980185816104,4.1402587890625,131.86278257372982,3.695185394350467,103.67540119475002,1.1757196919804185,merged
0.8883258700370789,1.1200215627982968,1.6981551691981802,0.9321135613492051,30.390121459960938,93.42163071208677,8.200496098430605,115.12846992617915,1.0805107172250712,merged
0.999266505241394,1.2289221424442929,1.9338880941801329,1.0,4.8618621826171875,293.9375378673189,43.13595218990369,128.18263227782606,1.1349764770092021,merged
0.8904216289520264,1.1734235886116844,2.036396947081776,0.9999860545836771,5.7032012939453125,107.69653108323216,2.44948572197081,100.71485558029812,1.2229135840087288,merged
0.904705286026001,1.113349884637605,1.6997282797870141,0.9872447136206017,4.359954833984375,155.7082708963899,3.1407624010964796,128.62276991537715,1.0863820563037843,merged
0.9845419526100159,1.184676778881719,2.276213580541446,1.0,4.49456787109375,114.41364774315193,2.418884226829057,93.07046929671178,1.0815197757101962,merged
0.9995743036270142,1.1505926641072146,2.0516217977565687,0.9754183507060141,5.188690185546875,246.74364720347043,12.415099453459886,136.3039466723297,1.1369132940473639,merged
0.9534333944320679,1.1518167579899405,1.9892133265888075,1.0,20.635208129882812,99.33792398916847,9.147766072858536,119.77105307889093,1.2251027479988865,merged
0.90409255027771,1.1009167041533936,2.4060254153217326,0.9003943196441259,4.0128173828125,147.97186034362883,3.2785348175578033,97.9876989828405,1.17634972317405,merged
0.9900090098381042,1.1549351470469977,1.9248115886116521,1.0,5.7212066650390625,92.9357098814193,2.2459573822950536,102.31630022063328,1.1250200180732448,merged
0.9150422811508179,1.1080024958295325,2.196780254249536,0.9998097239084575,26.0904541015625,121.22680869674068,2.4673783396946565,111.60225227608292,1.1285564201596496,merged
0.9198981523513794,1.1768460869743804,1.7134294045121419,1.0,2.8515625,99.62830841754379,2.1885957974109522,82.69080332815119,1.0637693485050044,merged
0.9375370740890503,1.2446848720533719,1.9081168622447717,0.961272007945515,5.541259765625,94.68760501722086,3.516322026689962,100.29065930864161,1.1233375861062898,merged
0.9025571346282959,1.1545431122820402,2.0563239377698697,0.914818259207878,24.713302612304688,116.59583543814308,3.780911275687871,97.30687787801993,1.0193164856806296,merged
0.9888913631439209,1.1225697718022554,1.8161769502396383,0.9232163229651373,4.1325225830078125,101.15554488203718,2.4668399815408164,92.79656222397726,1.1961851114121091,merged
0.9972057342529297,1.1960532392817445,1.9729909220874455,0.9440652180084925,24.664566040039062,239.51205869738425,7.790046785157019,126.77055819296808,1.001731157662657,merged
0.9991211891174316,1.2692364768468753,2.0313491226664997,1.0,15.630279541015625,217.55795260196166,12.564338887295975,125.02555442220526,1.0748383584903902,merged
0.8563379049301147,1.1890594837026478,1.8276841200045433,1.0,45.2791748046875,127.78653012524366,5.848378293072173,113.19272256423031,0.8867323648967627,merged
0.992955207824707,1.1330892351889266,1.845153551052882,0.8954932090258152,3.022308349609375,101.6817627811492,3.380421787930285,106.00039095375746,1.1248123878118965,merged
0.8855692148208618,1.1044726234631228,2.2652340525568757,0.9997926988471533,30.697036743164062,82.23106953806335,10.472083146636535,85.78348836422396,0.9998221826286923,merged
0.986386775970459,1.1388759875347856,1.9766167365617295,0.9837278388301904,33.533843994140625,112.166072619008,5.3941284366499875,76.2033345919308,1.0491740989204046,merged
0.9909522533416748,1.151046234827821,1.974036601360383,0.9264888264666866,4.31976318359375,140.50723972634879,3.3948467805397398,99.41115407184442,1.117522144886189,merged
0.952573299407959,1.1047606458544288,1.935720218748812,1.0,3.168853759765625,116.29934773791987,4.18305123196952,111.92599096472894,1.168050824923109,merged
0.8788759708404541,1.114143728576258,2.0643284319466084,0.9970727796908344,26.777328491210938,66.08103799604727,2.860512682951364,69.36210718424363,1.0069857130531839,merged
0.9940935969352722,1.1874067465020572,2.1353221521069288,0.9996706561992448,4.6089019775390625,301.6320350809031,112.2108411310922,139.28130205747271,1.188807262444075,merged
0.8900625705718994,1.2234626270538749,1.8096136520252266,1.0,20.500106811523438,100.94676110237934,2.1932403503527236,112.49783943637524,1.1621773186982398,merged
0.8887690305709839,1.2634883804000365,2.2263006822269595,1.0,5.7115631103515625,115.6342885641002,6.475435622238565,102.30202069867074,1.3367039600919353,merged
0.9488373398780823,1.0793878587864343,1.7948587193297156,0.9999998379485869,4.5975494384765625,90.45796381522297,4.032305624019718,104.53408036169411,1.0493298315240873,merged
0.9952415823936462,1.2328384279983065,1.9204191009710825,0.9998939855666963,22.206710815429688,201.8774389283573,232.94667052357536,87.26007685286469,1.080524162533298,merged
0.957075834274292,1.095567864233507,2.2494225350858787,0.9932381010956254,2.6325531005859375,116.12566019578176,7.812132006491388,105.79066225488668,1.2104478086144754,merged
0.9398725032806396,1.222692909743865,1.9287994170176375,1.0,44.64918518066406,116.18175549562322,2.486852362551237,143.758556809677,0.9502722549220327,merged
0.9268031120300293,1.0527698767017344,2.0063059651766673,0.9948115319237021,31.638824462890625,87.55987965488234,2.672170046957738,96.38011607024193,1.06950198308792,merged
0.9249971508979797,1.1828815144935756,1.9382987045025593,0.9796831751847513,15.810348510742188,73.20691509926904,9.055022537719484,77.78341781316911,1.2401762521014619,merged
0.9096254110336304,1.132942144525817,2.377835990653917,0.9810877042158098,4.1217498779296875,107.58015490676976,3.2292415684749347,102.61902104578179,1.15293660514858,merged
0.9716258645057678,1.194352950891186,1.8029783898752154,0.9042840028544696,7.8069000244140625,111.02047573253941,8.260183384716877,104.65472057739194,1.1063500212055746,merged
0.8614068031311035,1.1029286253269934,2.0253385376916198,1.0,21.129013061523438,132.83746907642478,2.785101567230308,130.99845991256484,1.0475535476031943,merged
0.9691823720932007,1.1999315390361052,2.073809427891327,1.0,37.62251281738281,149.2002410432877,2.901739762245948,105.03171775528236,1.0341468259876259,merged
0.8429250717163086,1.1356917808758802,1.6495276917949595,0.8919629819821914,6.4807281494140625,147.1204025034298,2.8644502238785963,94.19046329548415,1.1792898889598453,merged
0.9692797660827637,1.068012853215569,1.8281230392823045,0.9372395940880864,9.266937255859375,105.39155717351312,2.4708621149324994,86.84931467875354,1.1659779646702493,merged
0.9228755235671997,1.1997456473206571,1.7272700235312821,0.9407499292074379,13.81781005859375,96.6545651279872,3.275307229885851,87.9155102949266,1.0433849939640025,merged
0.887366771697998,1.1561451340304711,1.7476507965284638,0.9337404256561981,38.20201110839844,136.98426881217253,2.6514353968872393,128.04209535114586,0.9782889094034569,merged
0.9234695434570312,1.025395066061517,2.242036646306063,0.9208492750111854,11.864364624023438,133.20817601362083,3.272179623120676,88.5425928073151,1.177695110265385,merged
0.9200832843780518,1.1159952543144092,2.045503299493709,0.9829692181679802,45.080230712890625,91.51147682095012,3.232545248547214,122.62068902769121,1.189724508348504,merged
0.8847843408584595,1.2174855779989875,1.9098466139697483,0.9939298253260223,6.0924835205078125,70.95421401533726,2.334311199336355,69.41980893910367,1.1721375523739914,merged
0.9677759408950806,1.1386259359325945,2.0041142800549028,0.9895748706150693,3.353271484375,222.1475669453713,29.719554510428715,114.57764179844102,1.1661910522076357,merged
0.8910791277885437,1.1940010047985,2.1220733526525417,1.0,3.13671875,128.39896792679673,2.8984437444167566,112.80485249330341,1.0993347498512336,merged
0.9652405977249146,1.131424616743448,1.9032151201121779,0.8863860743381174,4.7270050048828125,111.72205303737057,5.022215739112855,96.77262129803471,1.1752066802056973,merged
0.9172442555427551,1.1953211363097063,1.75937589267596,1.0,2.04412841796875,133.82485035754775,3.0613024037186274,118.85568106534362,1.0992552595585798,merged
0.9376760721206665,1.0985815917746784,1.852347837802247,0.9803952436877663,27.51507568359375,109.57498036987961,2.7188137362026685,109.42592740826296,1.0825278184062062,merged
0.9878829717636108,1.1838898901714245,1.9969320097185346,0.979790455842865,4.6288604736328125,282.54343877296895,12.710549228266128,169.5745758178463,1.0672822490177176,merged
0.9959153532981873,1.2491587822222217,2.137001132522499,1.0,4.0397796630859375,180.74221851709922,4.280201142024361,103.56303833142464,1.2000804488153056,merged
0.946172833442688,1.1894603429883137,2.103955482644548,0.9989723174212902,2.8876953125,106.77921209600333,4.075012302517059,117.64217594098818,1.2290397922489913,merged
0.947281002998352,1.186863839331547,2.023188996248935,0.9995779500940142,5.6986083984375,85.45175643829543,2.1142500370105752,74.39283911953764,1.2965866816892044,merged
0.919341504573822,1.0875960501854292,1.9771033736576602,0.9788935251463118,34.65386962890625,104.41357617385482,2.7398208659773657,104.82322179055815,1.0094203562034156,merged
0.8965850472450256,1.1932682164057398,2.083412412091483,0.8463334518556407,25.894668579101562,154.17783205706894,3.3138646117408057,86.7187954730738,1.0695332658998136,merged
0.9751781225204468,1.1332444886158295,1.539730141310358,0.919542846853861,26.285202026367188,95.3869948145602,1.8780324133367485,92.81885545298985,0.99809785036255,merged
0.9861240983009338,1.141689601995004,2.2318528111332046,0.975558816475709,4.824371337890625,136.87944130947145,2.100713568259814,137.7585968865364,1.3573344327104513,merged
0.9601466655731201,1.1818307705497477,2.3405497780829956,1.0,3.6049346923828125,105.70739752356809,4.22437446555378,111.99505381709986,1.2002177895415354,merged
0.8588297367095947,1.1764443223793728,2.51538803345111,1.0,17.42108154296875,71.9497640863929,3.235468772816121,73.8824833113689,1.2155443611047059,merged
0.8930600881576538,1.0782323348279867,1.941845415399526,1.0,6.4965667724609375,114.26091002990836,5.446891628544013,112.36624536335955,1.3270734795699926,merged
0.9702131152153015,1.1262262343103326,1.8929302773638743,0.8727457041458926,3.992950439453125,134.94557367120234,2.48788145361888,116.4989607493659,1.148983403353901,merged
0.9978646039962769,1.2275572885390855,2.024488488582036,0.9790626798107229,3.772552490234375,228.37315630210722,5.60180742157981,113.50693454631087,1.2128461806368676,merged
0.9737133979797363,1.1748618967627438,1.93027924061436,1.0,32.93110656738281,103.28245321879754,3.978502427749999,115.18151648643693,1.0512499361154177,merged
0.8386245965957642,1.218928729528633,2.0155746281154694,0.9936357722510702,4.2178497314453125,81.45083264308988,3.393931825735468,87.75990357437708,1.177395973033413,merged
0.9266479015350342,1.1239607078720795,2.0446561308133813,0.9748669985939192,25.039535522460938,106.63842528559093,2.0806810565790617,108.37912867891916,1.06633403016779,merged
0.8875679969787598,1.0835811400245463,1.9942401081154266,1.0,5.0624237060546875,92.84901160454001,4.47550640398602,91.37001264347998,1.2110109758608607,merged
0.9423113465309143,1.1607697040454443,2.052305919567513,0.9893930891099045,3.576446533203125,75.93786671847232,10.497976787098606,75.29521155929905,1.0829326413957578,merged
0.9592280387878418,1.0832893199415676,2.0839492447190566,0.9362711032931346,3.9280242919921875,161.6993778838996,4.6011456935388395,113.25974652183541,1.1662266104551549,merged
0.9747948050498962,1.1353159571347582,2.0348339741566415,0.9185432445858532,5.2813873291015625,237.5277826756768,10.035373508691574,149.38917323372684,1.1342961738682895,merged
0.8150232434272766,1.150203236589531,1.8617745477551435,0.9306258169074033,5.1163482666015625,131.4773446710655,2.9360184768627353,131.17687331995785,1.0759618586439055,merged
0.9568583369255066,1.1657005796794224,1.951705634163858,0.9999954554616678,21.092575073242188,140.0019801693086,3.1325845852842753,93.42182107070073,1.0432261304399444,merged
0.9493457674980164,1.1420859005779813,1.9384312059770554,0.8796501063822615,3.3781890869140625,100.90393735426342,4.858624128240476,106.8049253831645,1.1819166529414769,merged
0.9298231601715088,1.1071018185571373,2.089430816836679,0.9647231437094685,2.9411163330078125,119.9548357446598,3.521870595733603,94.29089624943266,0.9986616448727134,merged
0.9489516019821167,1.1683904407750085,1.9551627017274735,0.9900126303149113,25.004013061523438,156.3273890657437,4.311729658892203,127.8759763730976,1.067732792257669,merged
0.9561867713928223,1.1138329894920054,1.7682809474700432,1.0,6.9324951171875,123.47337811003564,1.9827655189714246,102.6879544095151,1.1128953853759105,merged
0.9680539965629578,1.107450756196346,1.9886312747345234,0.9999893055975776,44.19618225097656,100.14710081679438,2.9283967013251715,105.58328730720139,1.1757785656032642,merged
0.9935659766197205,1.1436324404452523,1.7520187968166865,0.8694046871662722,3.267242431640625,118.19752930916425,6.390458721453171,93.77497168488426,1.0595435266432522,watermark
0.9186912775039673,1.0894753927943979,1.9603456137117896,0.900326553702505,3.4104156494140625,113.99117980620805,2.4748763236436484,100.16953217107911,1.1789337373697046,watermark
0.8989385366439819,1.0772400845509549,1.7681084838679595,0.9827090308338438,2.29864501953125,93.60655169833555,2.5836786869170334,102.9280649176022,1.1113918460275327,watermark
0.9418848156929016,1.2177765227639914,1.9660913746755655,0.9998107246792135,4.3320465087890625,101.58352719722025,4.871483925134015,108.2073664471882,1.1350198136818688,watermark
0.9294393658638,1.16759065646889,2.1578604006914546,0.8603392667293642,2.6316986083984375,177.50585729303495,4.923953714068141,99.43207686464879,1.2988915701464758,watermark
0.8519619703292847,1.126031463269871,1.6721370763456567,0.8961903831379769,4.058746337890625,121.80560713856623,2.107870223882325,96.68396706328807,1.0898747096740038,watermark
0.9596061110496521,1.0408189972509845,1.8423298229861984,0.8705354334369498,3.4705963134765625,170.77734976619766,4.2597758752792645,100.1006514161296,1.097456838808059,watermark
0.9095429182052612,1.1776423254541204,2.328985063675908,0.9937897229246371,4.0538787841796875,78.05753106223113,3.9435724510364456,79.83350518549194,1.2578741156123894,watermark
0.8853914141654968,1.1496680482711,2.2070425520495176,1.0,4.01434326171875,126.97270889478465,4.5776848009747235,94.11630209728389,1.16508948573189,watermark
0.8946585655212402,1.1775089569573514,1.8816525585669097,0.9928846300528613,5.02410888671875,63.76212239256899,2.400757940108518,71.54482062689246,1.0944061587750755,watermark
0.9743380546569824,1.1648490532465214,1.9273249593946644,0.8837269653620683,3.9659423828125,166.32606381740982,3.1941733489437216,105.49221160231676,1.1117436952314261,watermark
0.8537358045578003,1.1500651761674587,1.997331209290323,0.9935302374519551,3.167510986328125,114.99534405697375,3.2801168542093415,103.89055174377418,1.2549839117349326,watermark
0.923832893371582,1.0901119048517691,1.843541220563361,0.8891799316746186,3.793914794921875,162.9657795419752,3.622482281052604,92.95174303420309,1.1063126484207497,watermark
0.9765864610671997,1.1627856019802878,1.7912545088060352,0.9968703420401622,5.6699066162109375,117.63373549827688,2.0680105792744516,82.23791886394393,1.0961528125508324,watermark
0.8201027512550354,1.1548435809479498,2.108929020051762,0.9999980606706295,4.1730499267578125,131.42637469464194,2.8253250592781503,101.61500211251584,1.0986329799408912,watermark
0.9446499943733215,1.0646516858530826,1.8933208503085404,1.0,3.7337799072265625,147.95973868098588,3.5458702544715837,111.39203013973396,1.1489182597558172,watermark
0.9816582798957825,1.2307203176726766,2.1306500053170754,0.9709017879840359,5.32098388671875,99.07149744244757,3.499396368252704,110.59159134288113,1.141228398274953,watermark
0.9984405040740967,1.14371654535349,1.9494100093913782,0.9962855533806831,3.22930908203125,108.46320000462775,4.4219530717990825,118.32218122919103,1.1046199521342663,watermark
0.8553373217582703,1.1711766706467612,1.700671456111034,0.8735438432299766,3.3416595458984375,122.41830629190277,3.9094922583425986,95.90573129260679,1.1132500067681903,watermark
0.9536756277084351,1.0795039419999568,1.8703833707022575,1.0,4.458587646484375,246.3904368182736,10.46632225219083,130.88645215907692,1.2090961402447251,watermark
0.9105576872825623,1.2006646715805915,2.0381443588478794,0.9969366930697704,3.673583984375,104.32217018934733,3.3343536753608696,106.98632652278624,1.1244252142375342,watermark
0.9890232086181641,1.0428628331115066,1.8683949664571338,0.9999114975784441,3.276275634765625,176.88290216918892,3.8846558158089866,102.45135783790784,1.1279823284835726,watermark
1.000002145767212,1.1566245274416733,1.9768668490296633,1.0,4.7135162353515625,170.72592036735816,3.0635575821071948,110.65032552317237,1.098067947235984,watermark
0.9130643010139465,1.2114193849656532,2.047598573553411,1.0,5.8903656005859375,102.54692447711817,2.4471535155437856,115.0849105493109,1.0973752480733856,watermark
0.9913338422775269,1.1277625407788547,1.9607466785240446,0.8910602143375878,5.852203369140625,243.148905948927,9.083640861854638,100.49615190195765,1.1545886531618177,watermark
0.9325637817382812,1.0991355451627998,1.8788087511458722,1.0,5.3837890625,207.12517900355033,6.35809778506043,132.74920138228734,1.2254900881499635,watermark
0.8909894227981567,1.157355866920616,1.857586009661699,0.9986399016502174,4.931121826171875,106.29469886326123,10.231166185649474,100.88923146436774,1.139466649784666,watermark
0.8626888990402222,1.1870067808269877,1.5983403608859235,0.9999646267161223,4.5060272216796875,82.80544716020482,1.9682839543789843,74.87269569372468,1.0782904731452634,watermark
0.8134164810180664,1.2349766597050398,2.0942576065864356,0.9957500698636993,5.1618194580078125,94.00990229348011,1.9243222954374843,90.8043517744029,1.177618972645241,watermark
0.9134268760681152,1.1316575551541361,1.959043112734668,0.9021605260127216,4.625213623046875,193.30483582673276,4.873957189081611,114.24809496255084,1.1091020298672645,watermark
0.8801774978637695,1.0930792031012284,2.0803026683633994,0.9985658755136997,3.8778228759765625,114.36588148547901,7.8324294569861195,114.01829299057,1.1466532252700843,watermark
0.9610128402709961,1.2420802308573722,2.0761780863305046,0.9920996173584131,2.8363800048828125,116.51523564194439,8.991492372266679,106.59788366931079,1.2980079997259564,watermark
0.8945561647415161,1.1694044355938293,1.87598097680163,0.9609361240044806,2.3431243896484375,96.52852180728229,2.982474837942008,99.50476424204467,1.0721314524623817,watermark
0.9775240421295166,1.1469242861649303,1.7674081632432623,0.9235774200412544,2.6540985107421875,101.75563781962556,3.374009079902111,94.53813528911245,1.150936865076379,watermark
0.9998143911361694,1.1760726285839105,2.1865215838940966,1.0,4.39453125,245.59121975578842,47.842402112969744,115.55471022668432,1.2568717010792472,watermark
0.9959478378295898,1.1728052134688933,1.653564604454257,0.9991734135644235,4.9466705322265625,217.90986617070376,658.3253663695423,86.1827725175321,1.071066581989552,watermark
0.8412753343582153,1.235638642416008,2.1376866966426165,0.9595689696880253,2.959075927734375,70.68913870614817,2.7043317704001697,62.464915561335616,1.247007944460131,watermark
0.80059814453125,1.1623336070924433,1.9297925101976308,1.0,4.810791015625,101.7367113904781,2.5246709858118233,90.06198163817258,1.2527151491433444,watermark
0.995083749294281,1.1500425705167447,1.856127681719214,0.998551004698468,5.1603546142578125,167.03107478556922,2.667424683498043,119.25883564808774,1.0774714288448135,watermark
0.8906475305557251,1.0866378352704447,2.0471262189137507,0.9173325460340833,4.94964599609375,158.85946931773844,3.50976361839121,94.13816267061121,1.1967816756065695,watermark
0.8392406702041626,1.1990978750662415,2.035270492844324,0.9943671148942191,4.7260589599609375,132.96340192634776,2.625947326395642,100.07009896912754,1.112919417894527,watermark
0.9233197569847107,1.1262242848622068,1.9392526447482086,0.9967936822444166,2.133880615234375,99.36470521375036,5.518310443400395,112.47938144444973,1.232550087896219,watermark
0.9997198581695557,1.1007369250641788,2.051577189116572,0.9998331473874814,4.053497314453125,219.11858427576396,17.723599433305615,119.41915474926496,1.1921616164640887,watermark
0.9626616835594177,1.1297114800803671,2.01863436284059,0.9957871644705774,4.558441162109375,88.59933369789616,2.779720345699513,91.47127739683764,1.2155123829505652,watermark
0.9573471546173096,1.131985335787561,2.231022668540197,0.9996700550619348,3.8858642578125,246.40581173658563,127.77560988921029,113.26472663242163,1.1172718928628986,watermark
0.995407223701477,1.1086096685221913,1.943022730831281,0.9426937085170566,5.515594482421875,305.60083491600636,4.995282703531973,139.374102413455,1.1287615754093334,watermark
0.9629340767860413,1.0901986738746707,1.7489734367691885,0.9215831770428927,4.469696044921875,235.2126289914347,8.806489232950195,102.44296522406768,1.0998518504864971,watermark
0.907609224319458,1.2013903742744207,2.2594490899465183,1.0,4.0723724365234375,101.28957313584156,20.633181423611113,104.16735611540882,1.2053139428792612,watermark
0.8392907977104187,1.248470093743194,2.2906700800689985,1.0,4.55926513671875,135.78978117931746,3.086529582714162,111.80992780166765,1.1944435115977032,watermark
0.9872134923934937,1.1848381008544215,2.114576992483061,0.9960322322105785,5.9944000244140625,212.72973488751995,128.51498228547408,125.12154758957168,1.1340742122448866,watermark
0.9184920787811279,1.2047545641062625,1.971655184257981,0.990805290347098,3.2495574951171875,104.45263956632624,2.2385749508824464,107.69775837866474,1.2189790839613979,watermark
0.9932881593704224,1.192161527667842,1.7468424651252612,0.8842244875962405,4.7913818359375,210.42718126960685,4.909021061414602,116.63394639971195,1.137653947714962,watermark
1.0000015497207642,1.129954503511933,1.7684041354625433,0.9937727349709876,5.507781982421875,124.41594937641405,4.499764284250979,111.77492991529303,1.1997607499065484,watermark
0.945512592792511,1.2538385704247594,2.1968371439251633,0.999819873633167,4.765045166015625,91.9050261815223,1.641499565941338,106.17914009619895,1.0903784247065884,watermark
0.9046319723129272,1.1558831158697453,2.1309399873632757,0.9999993567053973,5.337738037109375,150.8865204468298,2.5332721549410593,109.20590194359953,1.1842017189064038,watermark
0.9804347157478333,1.1262840950409125,2.1977874492038043,1.0,6.174285888671875,155.14051614724724,3.207749578673616,109.3872107478986,1.152414887209115,watermark
0.9735650420188904,1.1333818687079575,1.6733624689278777,0.8917944499364544,6.0637359619140625,110.10533478071932,2.1325238716882273,112.05936513983875,1.1437978011080117,watermark
0.8842412829399109,1.1827770262888508,2.3965450514692033,0.995952457701359,4.2656707763671875,89.66380506887687,2.9866785499971917,84.71648481804259,1.2752156023620655,watermark
0.9802368879318237,1.1184699262786444,2.4327669041867424,0.9943651725203183,3.477935791015625,174.20602408738628,297.9391640866873,69.6078294226438,1.251399027791538,watermark
0.9980960488319397,1.1570638964675928,1.9827470271875094,0.9991091381401984,4.0374298095703125,97.88914868689513,11.245458412441511,100.79969175168654,1.176381057152321,watermark
0.9217082858085632,1.1911248453968262,1.8901393280932715,1.0,6.3740234375,97.91163784364069,3.185242553483622,110.56994156808895,1.1677422591456783,watermark
0.9742627143859863,1.1616046100277002,2.1031248968337937,0.9999833942582833,4.0114288330078125,241.22561278547016,38.89768183801762,112.8886026696528,1.10935246277504,watermark
0.9320551753044128,1.2169511637892891,2.051897286493754,0.9950713978431215,4.814727783203125,126.57832553037971,2.6785324484013526,88.66652837637626,1.2164236308212837,watermark
0.998423159122467,1.231686200150861,2.0044617832640723,1.0,5.139495849609375,273.0802539992925,10961.27975584944,115.32528292226247,1.275731031426215,watermark
0.9463265538215637,1.197709869415988,1.8481424309938324,0.9594561723395907,3.9095001220703125,154.18101807168293,2.6620657211936445,103.42804400584052,1.1784336228030943,watermark
0.9997421503067017,1.2036328624789503,2.1242972111866725,0.8887624907335258,4.4971771240234375,256.4474767364339,39.040400562486525,75.47936759707095,1.1662182745034155,watermark
0.9529433250427246,1.131024442117517,1.8125214522030522,0.9931126777617273,3.5545806884765625,216.5996045914946,18.728529975531224,116.05431756710628,1.1229779434008162,watermark
0.9039106965065002,1.1274161887121015,1.7986934393293015,0.9984130108607602,3.6963043212890625,132.61773755315224,2.371090712392307,94.22523242267624,1.238444604626466,watermark
0.8466709852218628,1.1316718455063621,2.2647040431793326,0.9970539580498758,5.2472686767578125,107.88236824442487,2.845866023962154,102.29150865068391,1.1399458712608646,watermark
0.8843836188316345,1.1982184892574905,2.3276789654012933,1.0,6.5678863525390625,140.66697096357356,2.166203635263792,109.78800689000275,1.3556047117441103,watermark
0.9616216421127319,1.1148309053517589,1.7214903230227967,0.9085462154512479,5.580657958984375,117.79463263630785,1.7265512367159286,102.354428498141,1.1402406325490002,watermark
0.8526584506034851,1.0638057154276952,2.3528911960728105,0.9997697325091339,4.2286834716796875,121.68606849908599,2.845415830876447,103.07307922188143,1.3185084324685872,watermark
0.9038277864456177,1.1021550904228525,1.9335512428252235,0.9213710728539496,3.9810943603515625,146.26774107679492,5.007433801763353,90.9385247790112,1.1692580533268058,watermark
0.9370607137680054,1.1521330432045178,2.0268315441100078,0.9273686548685153,5.6478729248046875,189.66370957795127,4.922590126909206,106.62787250349433,1.2237516688028454,watermark
0.8657732009887695,1.1554289802969335,1.9798917586224938,0.9938020182639777,3.6451416015625,124.54715686415251,6.247917321931025,107.28230350676762,1.1137475397270016,watermark
0.9931123852729797,1.1709198454501721,1.8247152280749732,0.9941553766512414,4.43218994140625,169.2108819368346,11.536120094230053,80.93037487308902,1.067552858044599,watermark
0.9747915267944336,1.1547939251975503,1.7908399280300265,0.9994550459221567,5.4541473388671875,138.60939709318703,2.209640190088255,102.51323107357315,1.1332323439173315,watermark
0.8528703451156616,1.1070638097730132,2.229871713682463,0.9064940835801456,3.8483734130859375,107.11934223469001,5.745865131230014,90.46590189325572,1.1219164438524905,watermark
0.9752588272094727,1.2709997907173156,2.0944754056161305,0.9999996955746769,3.4120941162109375,152.68000088696311,2.6749584737033754,111.65597112673738,1.2441926661518345,watermark
0.9231787919998169,1.1279284848113516,1.8169119274019965,1.0,4.6564483642578125,185.62117239273118,3.5389095959286387,106.58344113638333,1.1288520395667676,watermark
0.9992403984069824,1.1594763556864616,1.9596613904448712,0.9647158627941994,3.38287353515625,216.48156633831638,12.737816154810956,119.38873194727304,1.161674822121388,watermark
0.9709988832473755,1.1422124573261856,2.091874217382933,0.9993210221329251,2.658782958984375,126.73798495170782,2.9004507271416218,92.66592741228274,1.1227723057986159,watermark
0.9997519850730896,1.2074598138817174,2.0820045570701944,0.9554922558951229,3.2291412353515625,234.1277240973632,8.916785801607961,117.93227693763637,1.0725994559040393,watermark
0.9447282552719116,1.1449803705344272,1.88169792705747,0.8567016472684778,5.727264404296875,207.28489536396202,6.906289205983139,99.30631504703334,1.1820346801028099,watermark
0.9580392837524414,0.8958519602995015,2.721151892074977,0.9995111088612594,4.5299835205078125,98.97288276028964,3.704463648616507,101.85738631287104,1.129939937559404,watermark
0.9974924325942993,1.1178625165688831,2.1999217051851696,1.0,2.002685546875,119.67290179153026,3.226659791631179,95.82012258697847,1.1432572818266398,watermark
0.9129880666732788,1.21963879129412,1.9532953168130471,0.9999422766032207,4.2092742919921875,106.20866883687933,10.346657981938643,109.31858016253445,1.1463311635326807,watermark
0.9354561567306519,1.1053876698456742,1.8714926680848993,0.8636764563221614,3.44097900390625,106.82369021650044,3.744688940064268,116.2406607767555,1.2021119405082739,watermark
0.9011547565460205,1.122631955091757,2.0306699275685527,0.9987900148277999,6.357177734375,131.73596275675285,4.9367582720318355,101.1998491542973,1.2105785550714676,watermark
0.8598059415817261,1.1844542622307233,1.6719899836925385,0.9940896720124588,4.3526611328125,97.56470190630039,2.151199742369833,101.94457928214571,1.073501368678705,watermark
0.9980689287185669,1.1467436280562908,1.8980260199129388,0.9999890770564422,3.248687744140625,165.0126295636779,3.9848697435463007,95.67637841831842,1.223143673801922,watermark
0.934955358505249,1.1895164273257062,1.9025519601050869,0.932865431048194,5.007659912109375,127.12186442387944,3.146104432584547,104.20644888950166,1.1539017142364203,watermark
0.9784437417984009,1.1965844889480097,2.2777844501074545,0.9957814523014321,2.742034912109375,198.23577376833487,261.6185913321218,93.97744930288877,1.1455688939735311,watermark
0.9663181304931641,1.1344256850904217,2.1188789349356516,0.8537252665357222,2.35906982421875,233.01145999161818,4.713306277676427,120.86352024455526,1.1366165488148008,watermark
0.9994458556175232,1.1286385525556195,2.171828172428301,0.9968379679570487,3.6390380859375,248.2762558740499,180.04957565893275,77.30457007478026,1.1456145129048345,watermark
0.951665461063385,1.1085682130031096,1.9250878172340662,0.9997033737133211,3.6965484619140625,104.37188701070706,3.0834481945628323,98.21708389095994,1.116888149618263,watermark
0.9910694360733032,1.211647267859889,2.1208698706834084,0.9943738774817031,4.2598724365234375,167.9959988648363,3.3714664387717552,107.79423107297603,1.098839361639826,watermark
0.8485515117645264,1.2003086971807098,1.8781162567502774,0.9965285592474463,2.9437255859375,131.34989063054397,2.694674621317429,99.46118062923229,1.2782802618656892,watermark
0.9847416281700134,1.067288395525545,2.130386787059669,0.995910547020684,2.7738037109375,72.09717204507629,4.463301655156963,73.90091521363081,1.200254060625064,watermark
0.9962524175643921,1.1576802218393476,1.810488787108734,0.8861894133296021,7.1162567138671875,132.68053078560675,2.0343398389231657,94.7956695235505,1.096995496268887,watermark
0.9680923223495483,1.1896707546052918,1.9425998061492928,0.9867298876710568,4.42529296875,99.18058355913058,3.352141839281356,104.3166278130654,1.1099221013625882,watermark
0.8862326145172119,1.1391984578248318,2.014775783393762,0.99779997038147,5.6872406005859375,116.87189572517336,2.064150619166783,91.63559184792355,1.2607546780193049,watermark
0.9905882477760315,1.2182197785526798,1.9688861015416,0.925077257569936,4.3692474365234375,169.94193657182754,3.1931069773719014,97.05425284377516,1.1285053849702547,watermark
0.8472091555595398,1.1413290624380492,1.863573676764347,0.9959577613358068,5.0253753662109375,78.06869468135787,2.9155673287319446,94.05335818083073,1.1468844018364375,watermark
0.9933915734291077,1.069199915963682,2.3167206649409944,0.9999940620623851,2.905364990234375,134.52859373670506,4.557781595196435,111.1204360417997,1.3582013745252928,watermark
0.9935209155082703,1.218366830217156,2.2251302248272355,0.9998479085021016,3.2037811279296875,182.75753909129492,3.6642960684168555,106.22887066204012,1.1150776666866564,watermark
0.9092618823051453,1.2254343029601467,2.082515080409389,0.9973722071815819,3.9723052978515625,118.0045996096512,2.0012164684421996,107.87135190096163,1.1207204275768858,watermark
0.9122682213783264,1.1362870065907889,1.9981021863404278,0.9999994371598468,5.7606964111328125,105.77831522125375,9.952680242424936,96.95172993252721,1.1775899401858883,watermark
0.9923482537269592,1.1883859456555699,1.825534462170463,0.9966118498215932,5.9750213623046875,135.58922013647864,4.270294483137301,84.48085888259482,1.1335780740054249,watermark
0.9854413866996765,1.0909579396817226,1.9571361556202793,0.9979561404291066,4.3721160888671875,112.84715432108119,11.418081881200159,125.07703911226477,1.251310933727271,watermark
0.9867234230041504,1.2374559143140287,2.248721608621237,1.0,6.669219970703125,247.66470559234193,1107.586736150771,108.52276257287731,1.1263637512645286,watermark
0.9772852063179016,1.226127914810906,2.0064490339224075,0.9956272791287244,4.6763916015625,142.43705339558375,2.401392140358261,99.44953448150055,1.0870540794487462,watermark
0.8521996736526489,1.1475936357528036,1.6519517126132086,0.9301836887704099,5.3467254638671875,130.35576568814957,2.125543093449267,88.65602357627992,1.0672007340836636,watermark
0.9049100279808044,1.064407532256805,2.1828490948837485,0.9986008978749907,4.8381500244140625,105.53796719568842,2.473794520189061,106.76697900812542,1.1836895035608452,watermark
0.9485455751419067,1.150085808734979,1.6155553799013982,0.8973357214628248,4.2652435302734375,176.18855638755548,3.5757642986845433,97.60900490290213,1.181558844737181,watermark
0.9950687885284424,1.093631804178678,2.4792246666485624,0.9907504139142176,2.6667327880859375,145.7377616308863,197.9887642078404,58.71106747146902,1.0991950089803546,watermark
0.9961008429527283,1.2276870545431096,2.0871872519969044,0.9982602677803929,5.267333984375,82.7027872301102,2.550581072356271,84.68397339747023,1.1747336833861153,watermark
0.9906133413314819,1.1812083918201335,1.9267914172808835,0.895079413420551,4.8226165771484375,90.69045326378424,3.3736684098392407,98.34996156736457,1.2006894515627606,watermark
0.86399245262146,1.2661546383018007,2.826485937780816,0.9953086443163672,3.93280029296875,93.5258293452724,4.044461535174859,92.03615005196582,1.5109520136246648,watermark
0.9672204256057739,1.134358853361,1.8049436258205136,0.9026781281671301,3.749542236328125,103.16282460209646,3.004795961756402,97.67171601027697,1.1609004749431826,watermark
0.951968789100647,1.0996049891564104,2.1260526829917095,0.9781213465964173,3.43011474609375,217.22073870509846,6.76353500215576,113.82390426943633,1.1868479322339216,watermark
0.9304784536361694,1.2276772847041797,2.0269523480645963,1.0,5.75872802734375,139.88402545006159,2.5109144805632475,117.0046987528803,1.18373403160803,watermark
0.9490021467208862,1.124225370090518,2.0047358803993496,0.9999963681990577,6.088775634765625,126.85679724136713,2.6773549419534075,97.02319553407986,1.171716434702909,watermark
0.9117023348808289,1.112788679122761,1.7737130530662748,0.8769297366703971,2.5462493896484375,171.05488240426496,3.2254563144127193,93.69075487704515,1.1480532087765474,watermark
0.9683343172073364,1.190686399195516,2.124668969073082,0.997547751298635,3.596435546875,255.72405311830968,42.90837295873088,128.56672164461378,1.0655270393940448,watermark
0.9147569537162781,1.2540171795069457,1.8733650093373924,1.0,4.4875640869140625,131.33826128855927,3.682929817867181,103.82342870616216,1.1364263892764563,watermark
0.9784737825393677,1.1419345402442174,2.324479847520878,0.8788390886799085,2.6834716796875,114.29108701233336,3.1313288287058025,99.26892926165893,1.1677691114918287,watermark
0.9064978361129761,1.1381142178117662,1.9475130338836801,0.9986013957758395,6.797149658203125,137.0589421487425,4.0432741694914185,112.30871767508191,1.1091736496010216,watermark
0.9182944297790527,1.1132560001859493,2.2200187809650678,0.9193739088863061,4.80853271484375,118.92153092122567,3.8768392040464,86.52298912917995,1.2008318798532078,watermark
0.8884179592132568,1.197190902332422,1.727734760775816,0.9967946655938973,2.5796966552734375,114.61124040850922,9.075351982831867,109.37110016628314,1.20602026193249,watermark
0.876166582107544,1.2542558101498258,2.40321637501609,0.9947958587389756,3.802490234375,77.90738004576788,2.6448937934553807,70.49799909701052,1.1267572315443057,watermark
0.9204862117767334,1.1605439604311096,2.095088960481735,0.9999997808503852,3.8863067626953125,110.67404851216571,3.0360934000394746,103.46997229740963,1.289900565776045,watermark
0.9617881774902344,1.1278559488915842,2.0087416185649802,0.9217167409134635,4.2938995361328125,239.40274952468135,8.366198737203458,109.43235371960752,1.138206128732827,watermark
0.9429718852043152,1.3312726719985932,2.3787234308423204,0.999997603866618,4.0948944091796875,123.64252717958573,4.496565962869171,101.1917556958802,1.2560720380742436,watermark
0.8687315583229065,1.2189263131146186,2.149181331815512,0.9915417838294736,3.9077911376953125,57.55958738174157,3.3480637686144807,55.91242113697302,1.1741702623508528,watermark
0.9752761125564575,1.1736162538600174,2.1824125399285372,0.877852819825507,5.4882049560546875,94.89741553505664,3.4082830393892216,88.867693237729,1.1487639790954802,watermark
0.9175646901130676,1.1543445988441483,2.155708246330791,1.0,3.596588134765625,108.17523943162762,3.0791241587941216,105.33077481155787,1.1109856205583895,watermark
0.8763859272003174,1.2079619727558497,2.0736210879402552,0.893661671179084,3.5137176513671875,115.415674868192,3.5216071591694003,98.76849886009185,1.1641848064861062,watermark
0.9975043535232544,1.1419318445198416,1.9558220717598822,1.0,5.2694091796875,146.74691957379127,4.435782291438139,102.14682819665535,1.2038858475709953,watermark
0.9989127516746521,1.0989972328547988,2.097354075655026,0.9986320368695291,3.3401031494140625,249.972812759501,133.972712442533,118.09937108082345,1.1849852558204206,watermark
0.9262807965278625,1.1351235533326929,1.7994111840357496,1.0,4.7754364013671875,143.21640790390563,3.4854870431171405,112.50101495419935,1.1019231038118116,authentic
0.9902098178863525,1.254615442441004,2.1281250010748085,0.9999936112591995,6.475006103515625,163.82225644397332,3.590650017581303,90.17203856967612,1.1825973905372151,authentic
0.9980771541595459,1.1374293833721936,2.008338267554353,0.9999917790512486,6.30084228515625,211.24063458650414,9.416685756075768,106.39399200341089,1.2165334169732676,authentic
1.0000025033950806,1.103947864268238,2.115561719159828,1.0,3.8057403564453125,226.09043353467277,348.5380778467791,67.35817256695086,1.0951523379878993,authentic
0.9542247653007507,1.1971785896810323,1.8135920663499403,0.996386221915961,3.955902099609375,95.34092115936821,2.121587133543915,84.67372768816853,1.1815641692343963,authentic
0.9952625036239624,1.0598687408536624,2.068417804322153,0.9945427909346316,3.647430419921875,175.9401507292306,225.6058178040387,78.04783628782937,1.0623493181027426,authentic
0.9071158766746521,1.2083714546813193,2.0689722990222514,0.9990687797369251,3.9115753173828125,96.0727105250056,3.610217681827559,101.48673151439104,1.2059692228244299,authentic
0.8865659236907959,1.1151835990150363,1.9107374969937312,0.8950600990444892,3.987518310546875,121.88130223482815,5.2685632584098885,94.80184562643659,1.0727503366143356,authentic
0.9042724370956421,1.0774406436524715,2.2629504498899538,0.9960263131876947,3.6128387451171875,105.07661467313144,3.4182304353003583,99.28352779836513,1.1190957853986596,authentic
0.997822105884552,1.185936584407954,2.178681451566528,0.998891165362583,4.5982818603515625,257.1948454537473,121.4649991899403,98.5807169719094,1.196016337270533,authentic
0.9980589151382446,1.1474188264384346,2.1651220448756763,0.9992884651243584,4.10467529296875,190.4063338614992,4.314996661844887,115.215805648335,1.2178862266471604,authentic
0.9144278764724731,1.2074118524202042,1.9665969911530614,0.9999645764377553,6.1019287109375,109.24680253138173,2.058183527065186,89.67208156262835,1.162359188471496,authentic
0.9792796969413757,1.092975021945575,2.1771987503363146,0.9975705792895467,2.915985107421875,121.83774071122117,3.0844627124021127,107.19498511454734,1.0958042526746437,authentic
0.9314057230949402,1.2494781800704204,2.3490884755147037,0.9999985027057615,4.046142578125,107.0552029072154,2.807327956677159,113.97706867483993,1.1885047607327657,authentic
0.8852086067199707,1.194150392314503,2.112194035905409,0.999013547358142,3.3972625732421875,141.37599648881442,3.701222103515686,107.42344287428504,1.3286314179781578,authentic
0.9458732604980469,1.1698252191001801,1.8986406516977046,1.0,3.030120849609375,133.83695106282107,3.9878819194240087,83.60224047353141,1.08254842071745,authentic
0.9509699940681458,1.1027706191253024,1.8922662906347725,1.0,5.71649169921875,98.36264494575435,7.937577689390387,99.0595744795847,1.1641266865569841,authentic
0.9736372828483582,1.1091660673876769,1.8554870030850685,0.9000513694011814,5.1923065185546875,88.09250512610372,3.2602760650295566,94.0745035852915,1.2175573808244415,authentic
0.9777859449386597,1.1217889886817878,2.00807802806201,0.9897314048222648,4.9196929931640625,116.81851257894118,2.9721145466229637,103.74795453342185,1.10588601953441,authentic
0.9784314036369324,1.1669139366893468,1.9421987445732822,0.9042601769936023,3.532440185546875,99.66225362250968,3.7889086232103635,97.2785398182081,1.083381646505201,authentic
0.9642738103866577,1.1446995422696582,1.78945709889923,0.90733039339667,4.34283447265625,159.46002744466153,3.5469251503740575,100.91671146188177,1.159262918655508,authentic
0.8999062180519104,1.2099755164739432,1.9384931314998062,0.8979695067947364,4.05718994140625,94.27867982863204,3.6472835492843636,93.58008158452158,1.2356474711499068,authentic
0.9959322214126587,1.125904019548382,1.9892352849332053,0.9966187840092567,4.54400634765625,221.31231887534886,11.632932807910406,105.29533269632083,1.0829678716826932,authentic
0.9729400277137756,1.085664760912907,2.425231712617867,0.9901199178894988,3.473785400390625,246.53674196200507,23.60075357350657,114.54975954531174,1.2120212519554108,authentic
0.9540383815765381,1.1985544596033393,1.923144114454184,0.9958949892008129,3.1666717529296875,107.12330731201853,2.7687867493318303,77.76668659505624,1.2159334816058704,authentic
0.9999122023582458,1.1687189143145897,1.7700130317921883,0.8760185529543439,3.558837890625,266.369237559473,36.73440075421796,71.50403552194602,1.155387608442889,authentic
0.9911882281303406,1.18749439399515,1.7673300624358974,0.9996576761767033,4.663299560546875,169.06646482771606,3.6064352128256623,93.03982023020555,1.1617002611150937,authentic
0.8176985383033752,1.1894090812792621,1.9188724503973769,1.0,4.74017333984375,119.93644837213884,3.934507913812851,98.98036749331867,1.111690101706219,authentic
0.949357271194458,1.058310046005773,2.0187405211878344,0.9852008888237278,2.9107208251953125,88.81892508384679,3.5224965405936035,97.13230895355639,1.0984451858279416,authentic
0.9758388996124268,1.1859692811955578,2.0014265004028977,0.8772744084431419,4.863006591796875,128.8313512835372,3.8435857635075075,93.68485171642665,1.1989527252960606,authentic
0.9984071850776672,1.1687815398486734,1.8422425846058268,0.999948571193671,4.6840057373046875,148.6259616293314,2.6614583218202275,90.29012270595602,1.2041621062035168,authentic
0.9891953468322754,1.1781024816496708,1.945457756295227,0.9818771656375344,2.33197021484375,159.05299401800963,326.24146076870824,67.4140124017949,1.1748894085044352,authentic
0.9967352747917175,1.1999880821663225,1.8680755537875344,0.9968199773007462,5.4846038818359375,225.1309148025437,6.135748011405853,131.9245714220261,1.0864347683783802,authentic
0.9999260902404785,1.2359781743667946,1.7996976129139146,1.0,4.9775238037109375,254.75148151512752,8.973724765212653,126.43993577157438,1.2255006787521256,authentic
0.9100427627563477,1.1738010749527246,1.9263160373251162,0.997220929176844,4.517791748046875,102.18012341522744,3.9612351885592965,79.80887841127841,1.0710685182322164,authentic
0.9338808059692383,1.221742386665085,2.3851928006973844,0.9995070238740318,4.349334716796875,145.43576718357912,5.100460328385894,103.32141114865134,1.0718130588437194,authentic
0.870040774345398,1.1330152317874298,1.9499311603305525,1.0,4.164031982421875,120.00310571117403,3.045566002147355,100.46985562200564,1.1148756061528797,authentic
0.8825671672821045,1.192322224457211,2.0638189969811944,0.9967449031466478,3.79449462890625,82.97371002047976,2.5988577706473213,89.17717913276506,1.1142109389629968,authentic
0.8802394270896912,1.1355982633754769,2.0061618308087654,0.9897842667885427,3.215240478515625,70.32791252808705,2.9370279564938375,51.18786018767736,1.1048598380430792,authentic
0.9383388757705688,1.1956473826491385,2.1458997641981603,0.9059272401445327,4.56787109375,109.55159091025332,2.762858488121811,91.71375093322223,1.2046782334737611,authentic
0.9860473871231079,1.0877113116804118,1.7065902882090356,0.9938329449126548,5.0915069580078125,148.07230597024687,229.74707615233996,61.09828937489672,1.1352484721582046,authentic
0.9979333281517029,1.1288895245767652,2.1359482046685163,0.9971779721381919,3.6432037353515625,185.46721717533768,611.0549901926848,52.79559773993891,1.094594483612479,authentic
0.9831867814064026,1.204203249189461,1.819127713287667,0.8868287070878502,3.2972259521484375,210.59972670015412,4.7383361747537,102.08441389764482,1.08731475484547,authentic
0.9325582385063171,1.0941994941379143,1.976313162612233,0.8965029411025711,4.0536956787109375,96.08495442949996,4.347505127815314,89.92468746511653,1.1362224801291672,authentic
0.9971428513526917,1.1925373626510798,2.073329309161298,0.9990842800166099,4.8365020751953125,93.84346552732501,5.512465452628781,83.0372287432397,1.1296879269468485,authentic
0.9960923790931702,1.1789077292104333,1.8124710084866935,0.9849874442957723,5.013336181640625,153.137396050761,5.464845124800214,99.84493207035122,1.1549368999580087,authentic
0.8827509880065918,1.1807200311710784,1.9287039523823557,0.971455022534619,4.591949462890625,94.13708353394658,3.3075828115103594,112.03131663890214,1.1147837035230876,authentic
0.8752143383026123,1.188220669182179,1.9682125260256174,0.9998967545405644,3.792449951171875,100.24072344347651,5.6491588026221,77.47198253608363,1.1003891338958192,authentic
0.9847172498703003,1.1199322564983518,2.2641892950147313,0.99331188849878,4.9918975830078125,95.29299634380202,2.9848178987123704,104.89878411339896,1.0893501114575908,authentic
0.8096519112586975,1.1795971643870218,2.1227334354057485,0.9924748150786061,5.6920928955078125,68.08374723221458,2.2331788646232846,58.77090586372679,1.124774251564006,authentic
0.9640641212463379,1.1823249185421354,2.0144597700448825,0.998166419651654,5.3065643310546875,142.88582926277365,2.31081501108252,99.83766572446923,1.088299752316509,authentic
0.8938132524490356,1.1257419800427095,1.8349992174525205,0.8758222135860833,2.7054901123046875,94.84093581734525,2.871831593211987,92.50627909319219,1.1409241793379636,authentic
0.9998112916946411,1.242193836963732,2.376934090448458,0.977149351824903,5.054290771484375,255.51938851799608,15695.948356807512,109.7200537185754,1.132574942278482,authentic
0.873738169670105,1.1076416072927993,1.699117964768167,0.9079786987919243,3.0601043701171875,126.81097919947756,2.5330285453540307,94.32100012961027,1.0781217302998451,authentic
0.9625917077064514,1.2162669306840814,1.8520229016895995,0.8872559983463917,4.361907958984375,101.44449649198792,13.099293799398161,97.87501344931223,1.1495996032433693,authentic
0.9791665077209473,1.1857328078933436,1.8456476220030444,0.9021835462903889,3.1861724853515625,99.47003121808139,11.7894697531988,92.92216187087689,1.0586247718794286,authentic
0.9778808951377869,1.0810445901960044,2.385632691179846,0.9976313173564963,3.803924560546875,240.8465176982184,156.89550561797753,98.12450597160206,1.180240632786859,authentic
0.9339249730110168,1.175087206103458,2.103072831794199,0.9944978686491427,3.5142059326171875,104.55649483525114,2.8321720155009595,104.62023389210978,1.168088028839361,authentic
0.9002848863601685,1.1372613022581743,2.058005420132921,0.9966039806877155,2.185272216796875,83.45807017529397,4.12229291188788,74.54428146682534,1.091379499319148,authentic
0.9989920854568481,1.2162662935183888,2.3299774551555177,0.999078563342776,3.103546142578125,262.80676111217275,256.5006372941934,92.54056889913774,1.0834781557205375,authentic
0.938720703125,1.1886824161935465,1.6126339899018414,0.8906204595232323,5.5658721923828125,149.0058115265334,3.115666102915489,94.63900646841654,1.1179940011047975,authentic
0.9979438781738281,1.1212786888031419,1.9504475091713673,0.9949323330806764,2.8632659912109375,199.11219254232833,13.405144183718278,109.3968190661039,1.2603380320104427,authentic
0.9759725332260132,1.1353903156630045,2.0116541570540893,1.0,4.9904632568359375,165.0154697998808,3.0147280885119088,102.9499888256837,1.353621930357844,authentic
0.9034026861190796,1.1406432636666848,1.8938164701528426,0.9981717477718623,5.2473297119140625,131.62860383584672,3.447284521967182,101.26604624516591,1.1331186957809383,authentic
0.9933429956436157,1.1915387307865946,1.701402482626194,0.9982835965023712,4.2657928466796875,157.11017824966171,5.515912498268376,93.39180642280475,1.07457587219064,authentic
0.9833608865737915,1.2291339955840033,2.0931665791841714,0.9999871206933774,6.1811065673828125,111.66162017459698,2.4996772558211906,94.62919423036934,1.284201370166104,authentic
0.9956785440444946,1.1781670266293565,1.9465855886583392,0.9973618816101244,4.0147247314453125,219.91337008325914,7.433843129586365,106.86546369950726,1.1871801226635486,authentic
0.8887538909912109,1.1244582352566734,2.1234648137150294,0.9277003362853233,4.24957275390625,175.6681038676915,3.4792830415863314,104.86657650011347,1.1884237834194693,authentic
0.952058732509613,1.1412964977780156,1.8842734541247903,0.8936084548838885,4.12420654296875,168.7434162067312,3.757287497169584,97.37722587422901,1.3010278496091685,authentic
0.9371035695075989,1.0940982237280552,2.2503016070417696,0.8887758218269701,3.4927825927734375,133.69007536109254,3.9579801414318645,95.90080626296223,1.2664728362916544,authentic
0.9458051323890686,1.20285990652505,2.179290403795343,0.9864796115891185,3.1253814697265625,139.19789052944577,3.1842968773423266,111.11996396833788,1.1309623726112552,authentic
0.8735277056694031,1.1629981775546265,2.210667119153732,0.9967466599467691,6.6065673828125,83.44179398701208,2.0089101006075625,90.03672032726816,1.2338678373379244,authentic
0.9991001486778259,1.2080248847668715,1.8881361077443548,0.9991067858613645,5.637969970703125,248.90921743702182,13.702285323399416,122.06412801621313,1.1049022573323914,authentic
0.9257378578186035,0.9940552736054197,1.8652134491425403,0.9633909933496403,3.360260009765625,132.7288150490839,2.1221761232357452,108.7785248308011,1.0463254698878524,authentic
0.9953308701515198,1.138755694987338,1.9646560981477168,0.9779227041973837,4.80810546875,192.95185020902696,3.760601189755333,117.49276283505154,1.2106001524651029,authentic
0.9978676438331604,1.239641004341945,1.9122127770959982,0.9989319263508672,5.2897796630859375,240.39849955257282,16.104831273118187,120.44777466197854,1.0977614533199693,authentic
0.9703502058982849,1.1354371122451403,2.0725145177178423,0.8880361930944793,4.6031646728515625,214.7783534204678,4.65825558825371,108.34061545329945,1.1371960064967066,authentic
0.9073885679244995,1.2135581426804953,1.8164863660751573,0.9968704949509045,6.04833984375,82.51578014263568,2.616853802337076,90.65110155289375,1.1818598448233215,authentic
0.8976068496704102,1.2026551136372987,1.6833287749664712,0.9968469331418685,5.0416717529296875,84.54951870538895,2.009158876204967,73.26460961866486,1.140590925703461,authentic
0.9840435981750488,1.1186684226580075,2.1890677441303965,0.9676908019000384,4.566650390625,155.13292925473138,3.3857473176278208,117.2513677220003,1.2460603688633292,authentic
0.9125679731369019,1.170330184621779,1.9452475488524923,1.0,5.6613922119140625,187.87599342580376,4.097170310626499,110.71656905134031,1.1044739543460491,authentic
0.8779927492141724,1.0686678793272804,2.10601892164035,0.8426636128457524,4.2415008544921875,103.57171103254147,3.3490194122321486,83.12857582203077,1.3275770661662603,authentic
0.9869018793106079,1.1683580203756334,1.7776606359693552,0.9248685356957348,6.5401153564453125,103.15329590130561,2.2935609815194167,97.09433563341764,1.211167381586057,authentic
0.9078642725944519,1.084064420004293,1.9576751855503407,0.9984577497151303,4.1803436279296875,113.75480531300786,4.874147501257373,91.4908812562337,1.2245106379776562,authentic
0.9929929375648499,1.0139030224754793,1.8770022747275608,0.9809220104632997,3.4286651611328125,177.7960221856921,3.4469909832636225,102.5698246089423,1.1821978809084848,authentic
0.9075868725776672,1.175991313349241,2.011882207353523,0.9928143780051606,4.17822265625,64.01651519890147,2.6863335638345496,75.41701593988918,1.2050394805223714,authentic
0.9591284394264221,1.2398192067217206,2.1849920835846515,0.9996488677500709,3.492218017578125,107.08748118967517,3.512646201200019,91.27050208541952,1.2911305424403088,authentic
0.9384161829948425,1.2428155455523155,2.0419868868016873,0.998003005752029,4.23297119140625,96.5780447994664,2.93334468711724,93.32402349580315,1.1913804305837135,authentic
0.9802960157394409,1.175511847105753,1.9060506344623585,0.9920593857065928,4.6966705322265625,96.04137060616993,3.735465347606179,60.81852735286772,1.1023047532991876,authentic
0.9988915920257568,1.143558911779042,1.9007749109486183,1.0,3.759002685546875,234.91372766343324,7.19019257893912,117.59616153538585,1.059044386297437,authentic
0.8751672506332397,1.126441538501297,2.041937722574518,0.9997723992531387,3.7248992919921875,85.28706751510055,2.4853243451083538,91.16825622622396,1.2692961639177365,authentic
0.9686436653137207,1.1939779841528952,1.705322722928578,1.0,4.0548553466796875,150.36882745784726,4.691474708688143,104.13174566026927,1.1921116364843982,authentic
0.861826479434967,1.1982478797068148,2.2891702757526087,1.0,4.1473541259765625,132.23781156719687,3.0120306353884754,108.62309904720036,1.2638244601036297,authentic
0.9712216258049011,1.1281118395328806,2.0336698012357477,0.9988356173632262,4.50091552734375,130.87757590687934,4.095290939543751,84.12486201275178,1.1666377599983306,authentic
0.9112926721572876,1.2219613990503773,2.0362948829460956,1.0,5.1873016357421875,110.68862598888124,1.9426523229678287,105.32566795239559,1.084070767266162,authentic
0.8529632687568665,1.012418512277989,1.7518458013071756,0.9132913641736782,2.7309112548828125,131.0321487740177,3.1341899909023736,96.56280489430902,1.054360143816317,authentic
0.9331345558166504,1.1802825907780927,2.023839547404893,0.9983410540194031,4.22332763671875,120.88425541650462,2.208042702879946,96.10928433872813,1.1451967668909777,authentic
0.966064989566803,1.1492321435959143,1.793262595316449,0.8302196337964244,4.2053070068359375,173.8101968620295,3.678019667285483,94.71181751265938,1.0826131297781962,authentic
0.9482191801071167,1.099924907938444,1.8628347255782611,1.0,4.739837646484375,138.262159448196,2.1281191378033966,109.30119049927929,1.1917569977150546,authentic
0.9334996938705444,1.1873886163982876,1.93345898164218,0.8915390119466469,3.6011505126953125,100.64560927619611,8.521837710805489,91.88559645296748,1.1350501575990029,authentic
0.9901934862136841,1.224647577890722,1.683116416814563,0.9948772585466666,4.8018798828125,123.54745741344277,5.4357708759139465,72.59212545369842,1.2196689486241856,authentic
0.935754120349884,1.1681106122655232,1.9175762564272452,1.0,4.35205078125,139.50433728341542,2.1836673863241196,107.89909243867193,1.1271988974442702,authentic
0.8693453073501587,1.200114099457428,2.449791970685961,0.9971114281421632,3.7378387451171875,107.82865774995798,4.071914327524278,101.92992583110544,1.1047151040749537,authentic
0.9450141191482544,1.163925853430932,1.8773745753555109,0.9624573898754598,2.7645721435546875,123.4640279797088,3.846911456154819,74.35747691569732,1.2203669527736225,authentic
0.9352115392684937,1.1586954303359573,1.9272330130787996,0.8997615085234079,3.7023773193359375,214.83584293785756,6.61756762597061,118.19458472541132,1.18129248772161,authentic
0.9741201996803284,1.0440786345904642,2.5857215456224396,1.0,4.4700469970703125,137.37325696832985,5.1285118510674454,95.34930864785072,1.155214755207023,authentic
0.9643629789352417,1.2030498462682553,1.6487857026554387,0.9229041094014542,4.3487548828125,135.47457978974404,2.218715342592043,102.93077125037594,1.1049779378872628,authentic
0.9667656421661377,1.2300603993055244,2.2211729051329088,0.9854928290916508,2.91253662109375,100.94087763321768,3.695992164491759,82.41473733815835,1.1064054523200773,authentic
0.977216899394989,1.137412465865923,1.7163878390079932,0.8296834504932231,1.604156494140625,195.05356650300658,6.223191676590349,130.93937272558998,1.1028183146703272,authentic
0.999654233455658,1.0846671076719052,2.010739344851255,0.9317917552881423,3.410614013671875,233.616812436258,9.293719156746919,130.7055562844773,1.1169686750134058,authentic
0.9776784777641296,1.177770665508797,1.9545640522088457,0.9996558718596426,3.5879669189453125,95.13665771173696,3.3506602777164476,100.06752407378887,1.1301706872437134,authentic
0.9985688924789429,1.1436804862840464,1.9107938147530548,1.0,4.4098663330078125,245.12646713914094,17.323374105748417,122.87655155753642,1.1471945549708302,authentic
0.9799618721008301,1.089304882403585,1.8708175938463418,1.0,4.5624542236328125,170.1779353775612,4.172884575631597,93.95917811190955,1.1414017129430563,authentic
0.8931583166122437,1.2334589322408314,2.8077667672137605,0.9965816432516355,3.62237548828125,106.69212194761727,2.9836460969497227,89.95193807888401,1.3736438622393121,authentic
0.9972350001335144,1.1783113597349875,2.4284806263116163,1.0,5.2306671142578125,297.3724927763415,1418.1483809663036,138.76928666151795,1.153350476711864,authentic
0.9216692447662354,1.1427827377597626,1.8358319528134919,0.9548464781443482,3.617919921875,105.27323347908192,3.7874419144083196,100.82574158178411,1.1556187192245386,authentic
0.9897007942199707,1.2615593818396449,2.547479133795651,0.9778320453741342,3.7921905517578125,152.65678864353228,3.911088467128593,99.43101092702159,1.3282958560377252,authentic
0.991222620010376,1.190183114920384,1.6027576352672508,0.9973436750671493,4.2441864013671875,116.43468210835124,1.9570566882034657,111.6311850019737,1.0944360239742579,authentic
0.9508941769599915,1.1908238455560867,2.197707627227243,0.9978731386666271,4.348480224609375,134.01375916799813,3.935898886636513,106.0231713986982,1.1649192813805496,authentic
0.8339130878448486,1.1693200195302749,1.8787482592959555,1.0,3.8743133544921875,121.9050006969186,2.7140479478735084,107.35364813035599,1.1124953515021032,authentic
0.9529313445091248,1.1699126563808013,1.8515411111627817,0.9120196921212433,3.3116912841796875,207.6976023660961,5.214703715855226,108.93398648194001,1.050369109335999,authentic
0.9932950735092163,1.1769096086628266,2.1966095666694923,0.9949037683563524,4.8821868896484375,119.92201508596548,4.4215338738951475,78.5378730787917,1.16914075666051,authentic
0.9290854334831238,1.2205954833667834,2.3555740301285617,0.9957637259213021,4.4557342529296875,86.25255255833864,3.018106793126809,93.98822895859924,1.3231490411981446,authentic
0.9959760904312134,1.226596314655383,2.4136146101500544,0.9857315183017948,3.6114654541015625,243.37505686258768,137.15339027815355,103.17602397003802,1.1139905069474771,authentic
0.9112837314605713,1.048718595205808,2.046978784300893,1.0,3.1704559326171875,135.54551269067855,4.255736850594965,105.37672132342448,1.1334529005588865,authentic
0.9151157736778259,1.1774834129082905,1.6960463683330287,0.9541340462767415,3.6868896484375,98.36927934902047,2.3741040257363317,102.8068861037396,1.1732272939042618,authentic
0.9355648159980774,1.223929042611518,2.418843876024664,1.0,4.081939697265625,223.3068804190649,9.250957562092106,132.73911615491625,1.3118709519378489,authentic
0.9998478889465332,1.093972415938744,2.0260876479545025,0.999865630824982,4.1850128173828125,240.63382298655947,313.6088350874023,77.22979563452705,1.1801098878081313,authentic
0.9958276748657227,1.1554504553086316,1.7701679405330577,0.8296218284651175,5.9504852294921875,253.91125072874354,3.934061049465955,105.07651143916091,1.2134058503483627,authentic
0.912848949432373,1.190662374340558,1.9439718634048793,0.9824056491143591,3.087615966796875,132.72464929847166,3.1252133088432874,104.67779172309564,1.1210797302233493,authentic
0.9149701595306396,1.1642117998851074,1.6312874615449608,1.0,4.417877197265625,100.96898191015838,1.7141503939590712,94.38408815048832,1.1348021312191081,authentic
0.9522361159324646,1.0892236325374922,1.779750316071195,0.9674677823972682,4.5478668212890625,166.14384245575414,3.7582603070930203,100.11693384477091,1.1142372665864366,authentic
0.8540328741073608,1.1414118770118684,1.931075687653029,0.9996057830535235,4.0235443115234375,131.60872266788812,2.578016166852755,99.63319156516313,1.0882310563275572,authentic
0.9293035268783569,1.0511495262121506,1.84199589880975,1.0,5.5285186767578125,109.26768098855344,1.7002087157048345,99.92690813480424,1.1487354893038713,authentic
0.9923608899116516,1.153538633206875,2.0903330389535104,0.9977547157272774,4.486663818359375,142.21428015223728,3.662966143135578,86.16494307274152,1.239983180342414,authentic
0.95121169090271,1.2051246035155687,1.8913863181989394,0.8887901660243966,4.152557373046875,109.1222854009245,2.3587133320850318,99.36571805860576,1.1773113899110481,authentic
0.9365792274475098,1.166865113000322,1.949422279467986,0.9038523165077182,3.1459808349609375,125.8626302693836,2.5807543164052973,97.24816490366418,1.3140851252670456,authentic
0.9994096755981445,1.1621765791830436,1.8166908353494424,1.0,5.8872222900390625,140.94758871632047,2.485879589644053,101.23356588308293,1.1613318272594817,authentic
0.9271245002746582,1.1039303014856148,1.8065568109303238,0.8904606383175233,4.622314453125,110.41452863748997,7.208934557543751,94.1181949458182,1.0990564536107488,authentic
0.9732857942581177,1.1983810456780932,1.858786737020382,0.8839906654587337,4.7334136962890625,112.7583733504821,2.193121698804213,99.84277736609953,1.1083721113921783,authentic
0.8803831338882446,1.171504871691159,1.9899613751472367,0.9997547348189563,5.455780029296875,133.8613906159626,2.168253868604078,106.68049938953042,1.1646303149544632,authentic
0.9947575330734253,1.2127375918098922,1.9933897895409483,0.918429208460226,5.8396453857421875,267.68380033751276,3.967536663413188,118.73148991466955,1.2007026944707964,authentic
0.993069052696228,1.1489308383328143,1.9062541692191346,0.8850010287422636,4.2854461669921875,104.84142435833884,7.990814531961622,90.71421149273652,1.0711805045896203,authentic
0.9906854629516602,1.1344665265306642,1.924054418358723,0.9911647623612452,3.850128173828125,122.78070622457042,2.2784848558535713,95.07947602802156,1.0922188623423377,authentic
0.9973906874656677,1.2103283137326317,1.8767123376104968,0.9811733527919557,5.94781494140625,174.29233032556292,2.638848487132145,115.82195472518201,1.1232984218271977,authentic
0.850724995136261,1.190073325929394,2.2139053989267996,1.0,3.7095947265625,135.1196875693372,2.1793772565392384,113.40138446434547,1.0645213381753609,authentic
0.917134165763855,1.1682367509143092,2.0990933720329523,0.9940303660229437,5.4312591552734375,61.00807006935622,3.445851616787563,68.61694523887464,1.191089097197301,authentic
0.9912317991256714,1.1731293216259944,2.05878680510175,0.9996801932579429,4.613555908203125,151.63707647725585,3.2011068012685255,98.99456372608203,1.2076598176973576,authentic
0.9992533922195435,1.12402091582705,2.0566357798679666,1.0,5.0321807861328125,234.74823900419972,8.58228300475081,121.25460278508834,1.2337113357944605,authentic
0.8892414569854736,1.18880974706523,1.8907597252226125,0.9978443116759798,2.3726806640625,108.92020146360262,6.752000142318597,91.0206313231426,1.230381414209674,authentic
0.9993495941162109,1.1246117071514574,2.111807399320295,1.0,4.15240478515625,246.4216416766764,425.17087333539797,104.28710839772086,1.2025890456986825,authentic
0.8636059761047363,1.1793614279709264,2.264818465335478,0.9929804483206133,3.816619873046875,71.90329783595726,2.961405929283188,73.67610530219552,1.2534902245592736,authentic
0.917158842086792,1.143198437052966,2.397379398294423,1.0,4.105499267578125,100.87803519819461,3.4721248191175205,96.39699091675543,1.2755686688519332,authentic
0.9823809266090393,1.2953341881820948,2.054191118936176,0.8990336333174781,5.603973388671875,170.11396392689,4.815403841066155,109.08000500886418,1.2135597697773237,authentic
0.9010829925537109,1.1641596516387978,1.8822780417140594,0.9194766569355509,4.046295166015625,124.16740319021892,2.134086694512294,96.59968555127914,1.094059133553362,authentic
0.8957644701004028,1.2272349968556269,1.859191375425645,0.9977083813693813,5.7285308837890625,103.53820991641572,2.6897726393753936,91.4268411325327,1.1982760079684154,authentic
0.8699926733970642,1.18994048208376,2.0948177903060183,0.998920694353013,3.32489013671875,103.9212037944496,2.4127935669495493,97.49307724174852,1.145707364300657,authentic
0.8917943835258484,1.1027482293134065,1.9069265058113578,0.9989840580054258,6.5280609130859375,98.6819935619123,4.7179411224586785,86.82997579079331,1.2575593006226733,authentic
0.995945930480957,1.1953421700349096,1.77010181486492,0.89191773807694,4.6444244384765625,97.59524085371845,2.255653411986075,100.85194702570453,1.2348915204143625,authentic
0.8165638446807861,1.1675140946816827,1.7126145215029336,0.8639558903480841,4.2932281494140625,136.30939359906768,3.9567737046888296,95.99491028891735,1.1268945654310893,authentic
0.9925715327262878,1.1640110137636464,2.0316577653699097,0.9167358863058029,4.949066162109375,272.9481884361802,3.7228033870326054,115.85136450963618,1.217086154726502,authentic
0.9979413747787476,1.2378124131894825,1.976783008115993,0.9997736571845777,3.966094970703125,172.35963386667828,8.144526364073705,112.76508265386047,1.0952873938265222,authentic
0.9945783019065857,1.0882234356413125,2.0989236102667768,0.9822919926531458,2.9872894287109375,155.71100585736852,4.401629467699757,98.43473214486356,1.2423447978372824,authentic
0.9602054357528687,1.1334722237090225,2.245695977437025,0.9999999447481613,4.625885009765625,142.87410461221336,5.214109655803394,104.44420153570336,1.2780715665147115,authentic
0.9716156721115112,1.1866829766027014,1.9511580150768402,0.9005927749222157,4.3114471435546875,101.75640942108392,7.7657251496625985,86.70937656375736,1.209771252232606,authentic
0.9998409748077393,1.187475618671369,2.208041101938304,0.9999124604520035,2.7868194580078125,259.8990326087289,970.2947883926613,80.71293748341553,1.3884353114592873,authentic
0.8827475309371948,1.0501354516463022,2.049576146334041,0.871449241082325,2.90130615234375,102.68393775441132,3.668762736772025,100.54852109317243,1.122493880511834,authentic
0.9975476264953613,1.0784091441069705,2.2650983001567666,0.9901511750272579,3.93353271484375,259.58614864195437,319.94218634405325,126.39373571704577,1.1648778864878646,authentic
0.9144302606582642,1.207703648291222,2.350952537104202,1.0,4.511016845703125,196.34591657761152,10.860489441948358,114.18296924860468,1.110800713547842,authentic
0.9957366585731506,1.2743457876131872,2.493633512555344,0.9994969534653844,4.3292694091796875,236.3647994932033,1363.75518929729,98.13889559242165,1.1702511909015225,authentic
0.8623138666152954,1.1025295226103253,1.909827675270706,0.9908727144658158,3.156982421875,74.07792730189583,2.161258926325689,76.4105697006659,1.0957331962219088,authentic
0.989086925983429,1.1168714633151433,1.9551931125261177,0.9789478807609113,2.226715087890625,96.79594313609263,4.2988640108758345,89.97777394867818,1.0577072697773358,authentic
0.9999169707298279,1.1100033017199198,2.115678393835291,1.0,6.0284881591796875,243.07880966900615,128494995.1171875,109.40012664030627,1.2344597861082942,authentic
0.8325483798980713,1.2030240912798336,2.3949302587421206,0.9917952394010926,4.99151611328125,71.9136090391708,2.5659375390134764,59.77484267569245,1.2123596364639209,authentic
0.9553467035293579,1.1631287920923525,2.169890019315913,0.9991041053469247,4.1543731689453125,117.18666470008897,6.1469473708636935,102.24642456848676,1.33441693859025,authentic
0.9999755024909973,1.2273442733277942,2.2258770094446905,1.0,4.2250823974609375,269.35582105788995,180258758.54492188,88.11080181822759,1.1129174096329661,authentic
0.928566038608551,1.2357787629811607,2.0945140372206956,0.9703134676675563,2.7129058837890625,61.404909618436754,3.5095301939211323,59.81295456723248,1.2433461795122376,authentic
0.9393460750579834,1.1214131921914543,1.946748679064084,0.8702478740990361,3.354156494140625,214.25336779534172,5.421587973136487,108.29693700881604,1.0985143166340277,authentic
0.9305980205535889,1.2974334940102532,2.1306971449738827,0.999585779983042,3.8308258056640625,103.0851618443347,3.9625042638608274,102.80386329837599,1.1161087912453544,authentic
0.9964301586151123,1.1995922011755051,1.9405441810325375,0.9966949245195609,5.8235015869140625,172.319220406084,376.7975041718058,57.93343299643061,1.2593707281754285,authentic
0.918872594833374,1.114200008281364,1.7118290779204532,0.9070901827509281,4.171417236328125,83.81626795661853,2.5591768779968036,85.42091042883945,1.228084966274248,authentic
0.914473295211792,1.2052803569454853,2.168183163693285,0.9939844641086866,5.483734130859375,70.68988065681003,1.9307270762076658,63.371420882146424,1.1933835871305891,authentic
0.9260192513465881,1.1438207367721558,1.7200792815727806,0.9945661530563441,5.5172576904296875,129.891789316106,3.1220297528832455,102.1599646373237,1.1535325907542269,authentic
0.8889771103858948,1.1466125763979584,1.7900948948208684,0.8508238167269542,3.7073974609375,104.34341515371352,2.9782466177144853,90.56215224769535,1.173873430575331,authentic
0.8637324571609497,1.2165340488646088,2.175555068990103,0.9940952424868474,5.190765380859375,72.45985436369224,7.054716418965665,80.52659934888489,1.1276200206617426,authentic
0.9023891687393188,1.2034599012830343,1.7558089950946059,0.9935141399062777,4.352081298828125,87.73909600029887,2.0318586044851585,70.61327175449827,1.195058278683247,authentic
0.9559032917022705,1.1898975772540965,1.630816180040515,0.8762240833512958,2.98675537109375,209.71804016452677,3.6905987023480797,116.88962456268821,1.0407585152600827,authentic
0.9283711910247803,1.199732718162464,2.1023907501661343,0.902480671930174,4.1115570068359375,118.00273446559112,6.472787407406511,92.95734038285975,1.1790671582466445,authentic
0.9009654521942139,1.1762808832007163,1.8856771234327026,0.8761373295400005,3.7505950927734375,117.30419826393258,3.226349577502258,93.11765496990158,1.1975807439139978,authentic
0.9644179940223694,1.0880411803645331,1.8831202720676283,0.9680132349119724,5.19073486328125,128.86939087253748,2.466902115146753,86.81951827063591,1.0945299135792494,authentic
0.9745463132858276,1.1930275874414735,1.9196183610091835,0.9046055525193917,3.7874603271484375,88.60399047855582,3.3254341803885317,90.09842469361291,1.2423970535414965,authentic
0.9229520559310913,1.1090636679161014,2.0366220952436747,0.9988050262116225,4.815643310546875,108.72620132850783,7.979258830858118,112.34898647208671,1.2203946273954465,authentic
0.9916483163833618,1.1626338167379626,2.0722720895545583,0.998184519935233,4.1250762939453125,174.4354176709923,4.02077863756955,95.86942707241545,1.159810591350242,authentic
0.8955111503601074,1.1792788025896725,2.060309800436602,0.9227143478898125,5.1811981201171875,126.95688496502774,2.0199129738914032,92.21508601886606,1.0649630458605066,authentic
0.9722267985343933,1.1876525660602812,1.7841463576917647,0.9128270829550837,2.4288330078125,106.40412186392052,2.2256225260130234,96.72197881374211,1.0350550361735333,authentic
0.9479192495346069,1.1289599779964083,1.866274628433028,0.9264920678384223,5.43804931640625,93.60010766157,2.6358711839775335,91.479894725636,1.2162436377884522,authentic
0.9441606998443604,1.1557469079806977,1.9946525210008166,0.9983653263076482,5.1305999755859375,143.73789416244065,5.4020387861413885,123.00475168736895,1.2858610084003266,authentic
0.9987567663192749,1.2640494308459782,1.9978010821738874,1.0,4.677093505859375,248.83782422038928,19.70808865743566,126.4384522837217,1.0851234183654492,authentic
0.946530282497406,1.1853567316432254,2.083383998190314,0.8767244986582069,3.2743988037109375,95.99063193094312,4.046005899830673,96.54851745573855,1.0774030297401798,authentic
0.9114479422569275,1.150586636514283,1.8975055232095486,0.9564272422583924,2.6401214599609375,132.31659130196593,1.9255155762864486,102.92365248136069,1.2297464088138028,authentic
0.9958766102790833,1.214473014593015,1.946948916809036,0.87674270455954,3.3533477783203125,90.87173621304008,3.0358551595668026,95.2264392178611,1.069239728036837,authentic
0.9065952897071838,1.2487754643799402,1.9563552998875162,0.9995374984580246,6.082427978515625,126.82124021811167,2.498379371632672,99.42825952517873,1.1427345133346736,authentic
0.9882556200027466,1.1646232179554183,1.844364158094886,0.919430139477041,4.626129150390625,99.70018130395431,1.9395402904080186,105.7884520884747,1.0735666203644663,authentic
0.989676296710968,1.2511318620265726,2.3314295451137066,0.9989254128925342,2.836273193359375,98.37531375665422,2.8209571161391813,94.96198364896394,1.170082418453678,authentic
0.996720552444458,1.2086650648045703,2.003323822479003,0.961717073076471,4.199005126953125,132.28271214208587,3.0256908843872994,103.09577767402038,1.1367679813920368,authentic
0.9291069507598877,1.220029408661028,2.175984462201726,0.9032873143102528,2.36566162109375,209.5196475109156,5.18819865595804,124.26517882925533,1.3091758841395769,authentic
0.9419153928756714,1.1721507595921525,2.1107147487665427,0.9992313162837577,7.0678863525390625,93.91937730110678,2.6383972371570974,99.79366538037328,1.2463375020501384,authentic
0.9016220569610596,1.102845152616543,1.8683719648374053,0.9929092879294835,4.274200439453125,87.76787041813981,11.308798505548387,90.10847306725576,1.2044909626554257,authentic
0.8914812803268433,1.183618361274709,1.773709411259867,1.0,5.7218017578125,117.35704297900028,2.0914082783158574,105.70750459038996,1.1394808116993993,authentic
0.9538838863372803,1.1639121189473447,1.67412323194879,0.9252026341193028,6.74267578125,233.8887322005916,6.269155033982537,117.4180454319954,1.1110193786189102,authentic
0.9402340054512024,1.1075275957878736,2.0592349818326507,1.0,5.051025390625,105.08454798076937,10.600491099499143,116.68000030628119,1.0786470360335,authentic
0.9991271495819092,1.1570482473108907,1.9197306915362937,0.9251146109058499,6.0923004150390625,201.86930499785393,4.952856976608867,113.4731025173472,1.2032907666728794,authentic
0.8598548173904419,1.106767139817118,1.892293887189239,0.9991815969491689,3.2205810546875,118.87740410564422,3.924493702188337,102.68777106659982,1.219590260502921,authentic
0.9961077570915222,1.1850007523509316,1.977259000954901,0.9024899778359214,3.005035400390625,316.1356999212334,7.309214878135654,125.09202221651279,1.0409589969688386,authentic
0.9532443881034851,1.1761342840836848,2.2943400552678974,0.9939408929073575,4.9142913818359375,81.13367026770182,3.010032929052859,86.78628559369992,1.1026627802932558,authentic
0.8747841715812683,1.2261655562579667,2.0382523211849906,0.9989313562014975,3.1526947021484375,115.60816121399307,7.521992829250791,110.44610825989143,1.1275002320581122,authentic
0.9759280681610107,1.164168546670236,1.9491289711657729,0.8933234737099693,5.492279052734375,104.41561834756808,1.8575838845912793,90.20278497227267,1.1037051943398726,authentic
0.9914003014564514,1.1335084881492334,1.9360549709161097,0.9277810447937997,4.0647735595703125,146.09641682718984,2.758964220465912,101.60420230409206,1.0664011200498533,authentic
0.9483163356781006,1.176836165231384,1.7228532176465376,0.9955668397871649,4.4641876220703125,121.45681003826867,3.236539609561406,85.85423166479485,1.091869234693307,authentic
0.994295597076416,1.2559220756875111,2.0520586430760477,0.9625788911832152,3.211456298828125,164.87367438686724,5.425759761991863,106.8657165782184,1.080584680755698,authentic
0.9884172677993774,1.1460345664530291,2.252218011537954,0.9024247309207675,3.859710693359375,90.82524324210789,3.6649355383549826,88.15593229048461,1.2092275332830698,authentic
0.9996135234832764,1.1863441780762989,2.3124849974708317,0.9997336890979966,4.2808685302734375,118.08729606301887,3.0128683789116066,96.48774139343949,1.129561364994088,authentic
0.9232674837112427,1.2194806397842202,2.054016097358098,0.9770733155441079,3.70733642578125,101.17180875200188,11.450453801094133,98.80355121106196,1.134590645155221,authentic
0.9272733330726624,1.126502528277021,1.97412642899596,1.0,4.2182464599609375,142.0509489935808,3.1678711009512575,108.76239818881714,1.2507018338229394,authentic
0.9572163820266724,1.127170168973639,1.8343703782537242,1.0,5.2395172119140625,105.25600128360978,3.064238355938265,113.48678155986767,1.1343716456209567,authentic
0.950005054473877,1.1774850344222507,1.6483825933080152,0.9349940451470835,3.697296142578125,110.43424589056616,1.7823755481465666,105.1064448291144,1.0644611730225775,authentic
0.9012277126312256,1.1325163567722465,1.9024752583166087,0.9988473539536558,3.0845184326171875,116.51719215510745,2.4676228989137483,101.42280201607659,1.1433126015679138,authentic
0.9935423135757446,1.0809991705986346,2.0585100824078486,1.0,2.629058837890625,242.31846384444594,6.817401501495023,121.24114415746297,1.341513049396279,authentic
0.9191268682479858,1.1430988471304604,2.1613058851809925,0.9981481465503569,4.244903564453125,139.726882920192,3.781714370756033,100.24183686357549,1.2005277309538132,authentic
0.9662057161331177,1.1228138369491463,2.1292401909558074,0.8674942942797775,4.044647216796875,167.46169281698292,3.685238266113746,103.58930327016297,1.0838253909802622,authentic
0.8879776000976562,1.0477119259387306,2.1679026629396625,0.999757438274611,3.7298736572265625,109.17476056121636,9.530587528429557,101.9308555063489,1.093120088437887,authentic
0.9056118726730347,1.2280436071472776,1.989872298755756,0.8631942001052236,3.5562744140625,140.97674660010864,3.993295697144749,84.64482560204615,1.0750508144805953,authentic
0.958166241645813,1.0989442719140905,2.1910598914485804,0.9997977771850228,4.87835693359375,111.36776853207309,2.478030303030303,95.64585888260243,1.1820450427787204,authentic
0.9476885199546814,1.1733854982673557,1.989765175275941,0.9941978729078823,2.881988525390625,104.03745104063712,3.69405476870912,107.28164737296031,1.0742409152017012,authentic
0.9989120960235596,1.2425418870974507,2.18984055315139,0.884269741440047,3.156280517578125,222.93068974941804,6.125620330362993,110.27254278667041,1.2236333488492268,authentic
0.9989850521087646,1.2486161347520945,2.349600376963225,0.9500532719638192,3.6463623046875,254.24954549418703,222.40624066480189,101.55243517558637,1.2477671655356182,authentic
0.9985339045524597,1.2023902463153775,2.4423071846333597,0.9984482381549563,3.42266845703125,255.51480324740479,206.75065452384393,109.96710869427896,1.1617705980835982,authentic
0.9378817677497864,1.0943038082534187,2.163589257453978,1.0,3.9073028564453125,136.04430382494743,6.527413420268609,99.1280735571861,1.1967510213603443,authentic
0.9275146126747131,1.1452573562150752,1.7206481872067547,0.8740495784804403,2.5613250732421875,112.5139279910987,2.5231175594118267,96.36447704206218,1.0774802466728675,authentic
0.9952254891395569,1.2342159902363845,2.0901274277569226,0.999027561925373,4.21099853515625,147.3818117266081,2.766198740149911,95.30449821862902,1.1106630305151823,authentic
0.9968045949935913,1.15471662454339,2.215117797144691,0.9970682172487512,3.5094451904296875,136.64227936237552,3.555674974303257,93.71637541042723,1.245549111989046,authentic
0.9780155420303345,1.160692107331452,2.187949380811514,0.997372171585705,4.0042877197265625,176.18217172287572,40.91056728535247,77.25515063864951,1.1932728614022217,authentic
0.9966921210289001,1.1562393331429968,1.7641645830693955,0.9624809796964473,4.6974334716796875,182.11447656538186,4.461393458432672,106.43807560448691,1.0742460057667522,authentic
0.9994540214538574,1.1703260679940741,1.9703314864933958,0.9417509333945748,2.786285400390625,222.08575142522972,662.4768184383261,58.46361971267904,1.2138519428726797,authentic
0.9339082837104797,1.0882725533918476,1.9778084736676436,0.9719222699336132,4.482147216796875,137.48414868108082,3.7177232852481743,98.32624113994983,1.1070875909788498,authentic
0.9672549366950989,1.187042590434495,1.817100802559964,0.994981553548035,3.3694305419921875,130.3760780831614,5.493566486497608,92.45363370115128,1.128225949693447,authentic
0.9432020783424377,1.1379409195850727,2.0729430720597444,0.9120114439144698,3.208831787109375,148.08778020585777,3.1100677327366206,98.61113344560698,1.112969163543277,authentic
0.9952539205551147,1.1747068763710222,1.7797389003930815,0.998473212754323,5.326141357421875,233.4933874107316,432.0018748344236,104.88799658279069,1.0820612891730559,authentic
0.9955783486366272,1.163751020017113,2.1241900606025803,0.9995228652962713,5.5645751953125,321.683478457895,89.62269930767215,160.94383248027088,1.285162611198546,authentic
0.9676774740219116,1.1184913745294198,1.9243886590265014,0.998526527945001,3.665802001953125,243.09805559270742,16.886011861483638,119.19118365193428,1.179845142669236,authentic
0.9865129590034485,1.1849623662082354,1.8635775476458634,0.9210128921940219,4.9699249267578125,250.6686118701173,4.29861654115767,103.5986904078821,1.125813689958087,authentic
0.9945400357246399,1.2147405019246071,2.0502895401316263,0.9578077978343311,2.947723388671875,164.21824961578895,3.4147230416711443,108.48208921967564,1.1199790343984595,authentic
0.9873129725456238,1.1035323046482504,1.795199710616234,1.0,3.985748291015625,120.58707180969563,2.4710372965316005,103.65305328285483,1.196449720606723,authentic
0.9942653775215149,1.0801742994424877,2.078956931100329,0.9994695962047029,4.18731689453125,147.7193900232633,4.747573228377603,99.06653461841253,1.079984446997468,authentic
0.9360167384147644,1.1789819411564313,1.83091216609008,0.9835830012962741,5.1118011474609375,105.71940634288738,2.0338511733669793,116.94965120673861,1.111836123815781,authentic
0.941111147403717,1.1870928819577018,1.9060584125188196,1.0,4.18475341796875,98.2366380877068,3.436226322965802,105.04790351300537,1.0727948650601284,authentic
0.9842386245727539,1.094586915512252,1.8455355339799995,0.8674118360017506,3.9211273193359375,158.4641049599836,3.695537002064486,100.33614017437456,1.121997833435806,authentic
0.9995874166488647,1.192762475655715,1.7696911513063303,0.9997883018485398,3.6976318359375,270.72082665054285,387.28980351197856,89.51872221127773,1.122422381633361,authentic
0.998425304889679,1.2417462013573963,2.6756319566765745,1.0,2.8326416015625,246.99412042227578,126298751.83105469,99.00117385801397,1.3111872924093453,authentic
0.9875920414924622,1.1164967711038267,1.6222244936004906,0.8957279238728422,3.0478668212890625,119.67305299361863,2.4274401837976183,102.9151557926896,1.137142519495178,authentic
0.8852456212043762,1.2466635545787823,2.2408777557459514,0.996346563236738,4.9340667724609375,101.8238991399462,2.416903706755617,90.63180356304507,1.1859545677733687,authentic
0.922060489654541,1.1989010497214296,1.6857310973815829,0.9978250579605704,4.1506195068359375,100.39745347653644,2.007854133256303,99.75599624218331,1.1628158111942455,authentic
0.939223051071167,1.2709982798998016,2.2670003892909754,0.9999819279524411,3.603485107421875,82.167362900666,3.3041553933217913,86.92500345382403,1.1915543919184655,authentic
0.9991036653518677,1.1944181755680303,1.8641645874902084,1.0,4.8483123779296875,177.23613386177985,3.0280072186529994,108.0980108359155,1.1464621684467255,authentic
0.9512049555778503,1.079953232389446,1.9466919171341535,0.9024758562635393,3.8361358642578125,109.5948324518678,3.1729231351320855,93.9759573491131,1.1604193840935981,authentic
0.9484407901763916,1.104469513693984,1.981415157639961,0.8836960359199926,4.1681976318359375,93.4961886130403,2.5831781051988703,94.5703031456511,1.1448764054935359,authentic
0.9876285791397095,1.2577412567711321,2.0194536772649347,0.9016401065072015,4.7974853515625,136.9962873479773,2.799679402640674,98.75947821236342,1.2796815640686614,authentic
0.8918095827102661,1.2268396897359661,1.9076441593732176,1.0,4.991485595703125,125.79378093191531,1.902532047495274,113.08306717456396,1.0783732986360022,authentic
0.9880951642990112,1.0515481582674029,2.1941885562198276,1.0,3.785003662109375,106.40938133214247,3.240520055992851,120.33188124538151,1.2049041189212863,authentic
0.9824233055114746,1.176341862525499,2.0929532876539296,0.998489169036374,3.3256988525390625,169.45980557065502,5.431672918846959,110.83454865374894,1.3118884316242259,authentic
0.8826050162315369,1.1294556936698517,1.8234147125493705,0.857102798905028,2.8909912109375,116.44979144429763,3.348010469143577,91.45063067804244,1.2584759740497746,authentic
0.8617813587188721,1.1038180815518863,2.4222523595948244,0.9978367578520637,3.0254058837890625,109.16277848774232,3.1648709846972323,104.9915978466966,1.2282086883892542,authentic
0.9414330720901489,1.105547210525617,2.011208377256992,0.9942070505166961,2.8074493408203125,109.2906602932683,3.305740036413822,93.9494153759807,1.1823762464273286,authentic
0.8989685773849487,1.1646988076682865,1.8570783190497868,0.9708887238637314,3.7633209228515625,110.61639986406344,1.9267263025737602,109.10306998967437,1.0858712509838326,authentic
0.8682610392570496,1.144227334485772,1.7266236972034295,1.0,5.4608306884765625,120.53198935503902,2.4899875627591728,98.48631649359027,1.236828111406537,authentic
0.9979857206344604,1.1632681954871043,1.8703424906447454,0.9438971554436908,4.8641815185546875,321.4723358495158,10.804916531763185,153.3209101976414,1.255258213106537,authentic
0.9989285469055176,1.2902630496694893,2.10306725812323,0.9827375922528568,4.4309234619140625,250.78836664096826,118.55552947213836,82.51748778022689,1.1059098277844333,authentic
0.9079205393791199,1.177069461575053,1.9751708679645241,1.0,4.173370361328125,143.62986797322174,2.45576210954582,107.95421491508424,1.2106601798372114,authentic
0.8510265350341797,1.1187008571980548,2.179531107925585,0.9980695764707187,5.6826019287109375,102.21360004330893,2.755816116490051,101.43807084106204,1.2298912055290183,authentic
0.9968334436416626,1.1392286848498787,1.7768043063422547,0.9654143171031252,3.63519287109375,157.86407831291982,18.307007567325453,68.41050312089567,1.0593633994380276,authentic
0.9692292809486389,1.165607011684974,2.3120077424126992,0.9900629304827218,3.3497467041015625,103.36493225416119,7.372087829666741,100.00242257363978,1.250867687061084,authentic
0.8805920481681824,1.0915903243748988,1.8094384558244365,0.8986522939102916,7.2319793701171875,103.50950322411421,2.1611946788296796,94.56548883417562,1.2763197963869957,authentic
0.8999248147010803,1.1728432584846231,2.124532591325898,1.0,4.9002685546875,99.67174383985041,3.5749982572885557,105.5835528723974,1.2340157486772578,authentic
0.9019689559936523,1.1671043743114444,1.8774861487120882,0.8871292853671305,4.980865478515625,100.330790522804,10.466799955570366,102.56875127324908,1.244135085388358,authentic
0.9993467330932617,1.1671526219972044,1.957434954752025,0.9986784338736798,5.6087646484375,228.37159668144173,270.34454264821534,73.51559604891023,1.1186325842934526,authentic
0.979828953742981,1.1208838095106217,1.7524978038149954,0.9997364021327442,6.5000457763671875,97.81340430826575,2.2268193003159924,100.21983974456792,1.2572670931537626,authentic
0.8853740692138672,1.0967366889053227,2.041251865898043,0.9984443391592287,4.5756988525390625,146.13309990096818,2.0513060366403044,114.77929261315093,1.3100847970243086,authentic
0.9360652565956116,1.2573088921673732,2.026989693428684,1.0,6.6347198486328125,122.74442107101713,1.5824509257539165,113.98377035677247,1.1093443313143447,authentic
0.937351405620575,1.1913470304358653,2.0447914580321958,0.999928764428632,4.3189239501953125,120.41868054576385,2.402071912084714,105.88283944979375,1.1538939638176549,authentic
0.8792450428009033,1.2020947569364107,1.8271341744500764,0.928031480810752,4.3600921630859375,123.5570367763405,3.7497014352664233,100.21990614674031,1.0796807484461437,authentic
0.9432370066642761,1.170418238034351,1.949344674206341,0.9149989365950231,4.5164337158203125,138.4822488823289,2.4169324349409,92.96854875297225,1.0952865204177717,authentic
0.9328222870826721,1.148296267558551,2.12350059459504,0.8786528116413866,4.02960205078125,125.21541525907874,2.809832927682733,93.77420444195812,1.1413529839146017,authentic
0.8391239643096924,1.0960084767186382,2.335308503334097,1.0,4.634979248046875,106.70563965439526,15.553373033067981,106.30612921980575,1.2502307776610568,authentic
0.9558491110801697,1.1729700437614237,1.9113337151472116,0.9709369341170153,2.9495391845703125,127.38157294353763,5.777534561854951,112.67275549231239,1.0546579710047872,authentic
0.8866656422615051,1.2047538021895403,2.1930005861334303,0.992196259492589,3.1955718994140625,60.98027786550494,3.9841319717203456,72.33856670322874,1.3303798135463272,authentic
0.9340405464172363,1.158235783763189,1.84760169335105,0.9100153702303493,2.16522216796875,131.56470054889576,3.632095247369473,97.74166157097727,1.1815358503693303,authentic
0.8826411366462708,1.1935548526370947,1.6361673367665603,0.998455229272605,5.4349212646484375,103.28088755754295,1.6461729898045103,112.21173217883081,1.132682975718725,authentic
0.9997003078460693,1.2545865233026585,1.8447455059592033,0.9995248110057827,4.2319488525390625,229.7080129640721,374.00641972331897,71.96201625177004,1.1921473879962032,authentic
0.9988332986831665,1.115831491588393,1.8126889389030838,0.9999375974247348,4.6457672119140625,203.4689992958239,8.439562888604613,93.61577518750502,1.1702824721220229,authentic
0.8627006411552429,1.1247112135115902,2.0346970846023047,0.9361236857534643,4.7894439697265625,91.48570331320461,2.6659865490319175,96.01562787130962,1.1305312190228922,authentic
0.9940625429153442,1.1625607049539404,2.3490782861231487,0.9977969654357818,2.7850799560546875,276.74804208389554,120.85249470377676,124.63201020901278,1.2114062385481024,authentic
0.997372567653656,1.1776113581361445,2.158608036687767,0.9504884316256843,2.30487060546875,280.89291035761255,130.77935154613402,115.22778930222407,1.0996761212786423,authentic
0.9996774196624756,1.2496059241617012,2.207051492500025,1.0,4.71466064453125,253.15611662071984,213.14443867600218,115.70175414328922,1.1176439272986352,authentic
0.9054851531982422,1.125381431541436,2.018087946120453,0.9144829166682568,3.541290283203125,96.23919576579226,2.914255492141679,97.45738800646275,1.058429250557206,authentic
0.9733678102493286,1.1155877591208299,2.2673826418445997,0.9605322291616276,4.36297607421875,200.25204006958296,52.88341501918241,98.1424943651201,1.1073653679301496,authentic
0.8839263916015625,1.2363720788957804,1.9400224325289994,0.9577258069747301,4.260009765625,108.4937965414094,2.4312990786649475,84.34499502919991,1.0691163036322635,authentic
0.9043915271759033,1.1077623955617764,1.9250627720896996,0.9981911755657904,2.982177734375,185.15009356981716,4.6602427962532325,110.40723095148782,1.0788973497662966,authentic
0.8428349494934082,1.1538488316762094,1.8810302725881085,0.9998817732342183,3.8517913818359375,77.8922966693135,3.2848252817272963,80.43490821050517,1.1068047410456459,authentic
0.885484516620636,1.119515045918925,2.0269456709304134,0.9967652181084208,5.0156707763671875,120.62717747440082,2.238711435342988,115.51580144792638,1.1188772740010242,authentic
0.9017840623855591,1.1162661320156755,1.7089834708654261,0.8928427244915482,4.53448486328125,121.60856956774575,3.649619665036004,93.50846566738228,1.0666794725676259,authentic
0.9979162812232971,1.169116576660467,2.187478235034234,0.888761664562823,3.9495849609375,101.01095484291929,3.464837992349047,97.44388554101849,1.161147633450333,authentic
0.9990341663360596,1.2150632006356614,2.281785772737403,0.9779025031966591,2.2990875244140625,290.8487078168914,45174.54878048781,108.03088199521595,1.2112365589494667,authentic
0.9934149384498596,1.1875384432207132,2.190405407722245,0.9983628090669376,4.47125244140625,232.10616214474413,712.011825290864,103.94215765767375,1.2863981664617106,authentic
0.949918270111084,1.1479191365789239,2.0980196057359537,0.9758516606801747,4.1536865234375,168.07393904716992,3.8950887757672326,112.52066607375936,1.2163376212204535,authentic
0.9786791801452637,1.0585121831247015,1.8871738898438795,0.9999985370026185,5.041290283203125,152.68182416547182,2.7085072443963996,102.20217500034106,1.1218744304944663,authentic
0.9204631447792053,1.1567016094134144,2.3874096860833265,0.9999902615059666,2.5032196044921875,143.07306947145813,6.959769541817995,105.05189387393843,1.2772264687715014,authentic
0.8667622208595276,1.0993775060060003,1.8704711867073902,0.9065940164020111,5.056121826171875,108.031190574075,1.8385578293347344,101.08549566006222,1.067940474171201,authentic
0.9721313714981079,1.2674899645338473,2.1426913419038676,0.9529134532722632,0.9373321533203125,102.12388987448803,3.7134216181776467,63.656188398833805,1.2227553211921294,authentic
0.9565072655677795,1.2419837503513895,2.1759298613179086,0.9967121123039157,3.2023162841796875,83.99833494920541,9.477284243066512,90.63048100219476,1.107140087421914,authentic
0.9312902688980103,1.0880214712639322,1.9852942853091422,0.9922197783075789,3.0045623779296875,63.974628799563895,2.9509158510936166,74.65972189062596,1.0945866167681952,authentic
0.8618124723434448,1.1332901882396194,2.0519227928432873,1.0,5.009796142578125,110.53387373512167,2.870040715197571,96.6415354352737,1.1289363868139193,authentic
0.9944660067558289,1.2531465210163857,2.5446718951085754,0.9975593978565797,4.3627471923828125,168.43746101135577,5.582889721830319,108.52999585864494,1.2662301474186517,authentic
0.8632646799087524,1.1325551625122348,1.9057555788992362,0.9999974201472874,4.026641845703125,108.32486903705234,2.3689567430025447,99.1751081557655,1.0780972747252915,authentic
0.8725444078445435,1.1199677573011528,1.777891533946231,0.8517379560543438,4.567901611328125,117.73282884746982,5.833887954695741,93.4473860530211,1.1309517356397216,authentic
0.8593174815177917,1.1319835089992725,1.860898031142504,0.9971520641283862,5.00811767578125,116.24544454920283,2.8872153966940397,102.07831851044455,1.1262519847439314,authentic
0.9898808598518372,1.237947932759525,1.8927294572112234,0.9996209920405035,6.02099609375,156.36880230288958,2.1567255232557456,107.69839985535948,1.1073386970778805,authentic
0.9243580102920532,1.1886196785105116,1.9062409107641773,0.977340078637155,3.77435302734375,125.92908335297544,3.052207635828281,98.07331239434781,1.1703398220832473,authentic
0.9168442487716675,1.1958455331674345,1.972955220696788,1.0,4.321380615234375,103.45303921284375,2.9590474242018883,103.1894335300864,1.1567123895135538,authentic
0.8865403532981873,1.2005255488079425,1.813149301015066,0.9997516008838461,6.54180908203125,92.42286159288955,3.493565794935658,105.21781279300778,1.1238936185216917,authentic
0.8448703289031982,1.1755977902350052,2.030750691192307,0.865569576579263,4.2610931396484375,128.5683532821434,2.7790036046305637,95.88377149306547,1.0811528965089527,authentic
0.9382996559143066,1.265556085962547,2.1236455162157313,0.9947319568173374,5.2715911865234375,149.1868710820513,7.6683923769564055,89.23779773327738,1.2283500856134515,authentic
0.8620577454566956,1.229794035946422,2.1397520333342075,0.9976439398882768,4.21856689453125,98.63153426731874,12.733033615554897,98.40223952794581,1.2199458500086464,authentic
0.8453205823898315,1.1666572072985137,1.68963918907334,0.915315477698183,3.4476165771484375,88.36336453289037,2.9799262163418447,90.17142542045582,1.050889873198401,authentic
0.997429370880127,1.165096766793235,2.4177508788197772,0.9975770484059139,3.7912139892578125,214.56204452676815,23.099032433269354,115.20130260905636,1.1952044371389927,authentic
0.9035317301750183,1.0968952315123321,2.2050841462878195,0.99286803201724,3.2965087890625,113.68083469936165,2.806685263189663,102.25163643589632,1.110214991367135,authentic
0.9962719678878784,1.1597497685349611,2.2021504133086833,0.9980546102174663,4.293731689453125,229.21709310965602,11.220207927356412,111.61278574462251,1.0778370758754672,authentic
0.9992981553077698,1.1783641160949867,1.9887161741991133,0.9957985225659967,5.3700714111328125,197.8588483052127,6.201641188241114,119.03556836930382,1.252568052797336,authentic
0.9978275895118713,1.1247258500886674,2.0534802843284616,1.0,4.56170654296875,237.00804438511486,13.75702161787375,115.45485713642816,1.220729136685653,authentic
0.8566386699676514,1.1676089235082938,1.7614449435495643,0.9925649868998204,5.450927734375,92.2203044872108,2.372863687991287,99.59605398100695,1.234855986310471,authentic
0.8654190301895142,1.1955444704505984,1.9962439197282666,0.9931903588611682,6.09210205078125,95.882554310038,3.228277115595397,62.30040274044071,1.2371996281471633,authentic
0.9797809720039368,1.2425056358590263,2.0652699188127634,0.9992455949561493,4.68560791015625,112.25929283482736,2.4871534584150097,105.12981257611371,1.0811642535365955,authentic
0.8974157571792603,1.2065531059970345,1.9726776734834326,0.9991720414662678,4.7948455810546875,120.3634700086158,3.039884769429428,100.13058147114732,1.1978576125301734,authentic
0.9962893724441528,1.1741196523331057,1.737830961338713,1.0,4.143951416015625,175.8620840947758,4.777824405214211,116.19649139836548,1.0807384684468049,authentic
0.943130612373352,1.2032961639613358,2.276506458234226,0.9998037595246675,5.1843109130859375,145.9102583269201,3.8214458843680315,93.37398460957927,1.0934742570773348,authentic
0.9996336698532104,1.2281524464693243,1.9955852834956669,0.9990513867196436,2.7918548583984375,208.14880240875252,291.6457250710854,54.174266878481184,1.0869681075818578,authentic
0.8682118654251099,1.1604573274930574,2.028162743097175,0.9978089794733533,4.019866943359375,81.06049985289232,1.931012958213781,70.43895597770424,1.0714856265138817,authentic
0.9652063250541687,1.1062006258844719,2.0118497933237505,0.9915438491302366,3.944854736328125,234.33585173796618,11.213803497162015,113.09631290681382,1.181475801933137,authentic
0.9132579565048218,1.2277278228232187,1.7815469188736937,1.0,4.9837799072265625,126.11398729173057,2.4524625549124575,96.82407674506969,1.1693560776965672,authentic
0.8941608667373657,1.0888172571569354,2.825268588268375,0.9645546501477527,2.7993621826171875,66.54535878827242,3.4997890963730005,61.47576003799762,1.2863364327062745,authentic
0.9930651783943176,1.077061092908625,1.9655592892456455,0.8886805561645297,2.301422119140625,136.6155875696513,5.755549469648293,97.80603205546753,1.250963780688316,authentic
